OID_,Id,area_m2,length_m,width_m
0,0,5761.100232,250,60
1,0,947.5825403,59,26
2,0,1145.4506,40,37
3,0,1461.346449,76,25
4,0,376.274834,33,15
5,0,301.0198673,30,14
6,0,1169.077159,81,19
7,0,3455.603069,89,54
8,0,437.5288768,33,22
9,0,400.7764512,33,20
10,0,598.5395035,43,19
11,0,687.3753667,55,21
12,0,535.850366,35,22
13,0,571.4477155,61,15
14,0,400.7064466,56,12
15,0,511.8737836,32,21
16,0,8424.075988,211,98
17,0,3374.222698,170,41
18,0,1565.30331,75,30
19,0,13098.70451,269,121
20,0,1969.919077,92,33
21,0,2823.155078,94,43
22,0,3448.821372,146,43
23,0,945.499903,60,26
24,0,3674.148744,98,62
25,0,1804.369088,105,37
26,0,472.0936582,33,19
27,0,1500.505283,92,33
28,0,915.9667037,77,22
29,0,1410.374335,58,39
30,0,3124.612474,89,59
31,0,705.6465726,64,14
32,0,435.3587337,41,16
33,0,2725.638642,139,33
34,0,1826.963079,66,43
35,0,1276.936778,83,23
36,0,18008.79358,200,131
37,0,7901.98153,314,92
38,0,1167.152032,82,18
39,0,7165.252906,576,71
40,0,1479.477645,56,37
41,0,1408.352951,56,36
42,0,1101.172677,69,27
43,0,496.3327579,48,15
44,0,1752.915692,64,50
45,0,890.0387424,67,31
46,0,1243.982103,90,24
47,0,2535.427338,133,47
48,0,1469.957017,106,27
49,0,2889.134433,177,42
50,0,1398.928579,113,23
51,0,765.8155437,47,28
52,0,909.7800453,38,32
53,0,20458.39525,325,124
54,0,2653.239385,136,46
55,0,4198.912128,152,37
56,0,1902.72558,83,41
57,0,674.7745351,37,30
58,0,4227.263999,84,64
59,0,9598.05347,151,106
60,0,1155.496263,67,27
61,0,11338.22832,219,125
62,0,1359.314715,55,37
63,0,20027.44681,255,176
64,0,2191.424634,57,50
65,0,478.8316028,37,18
66,0,4284.842799,105,56
67,0,1101.592705,60,28
68,0,3758.408054,146,62
69,0,11035.52834,177,94
70,0,1869.963417,76,34
71,0,2518.48622,73,48
72,0,7953.044998,190,89
73,0,7333.123985,120,89
74,0,12425.05005,175,107
75,0,6898.010268,157,63
76,0,4983.628919,146,52
77,0,4015.885048,114,45
78,0,1348.288987,71,24
79,0,26166.88701,341,103
80,0,19074.19389,186,146
81,0,2161.987691,74,46
82,0,5118.457818,133,53
83,0,1245.90723,78,25
84,0,370.7794714,36,17
85,0,1514.339946,67,48
86,0,9080.439308,276,83
87,0,2945.234385,162,52
88,0,973.3442406,46,29
89,0,689.54551,44,26
90,0,5605.61997,237,45
91,0,2428.285266,115,32
92,0,1735.239526,77,31
93,0,1844.621745,96,33
94,0,1302.960995,69,30
95,0,1092.072076,124,16
96,0,604.6649079,62,14
97,0,1947.87856,89,32
98,0,16173.69246,278,113
99,0,14669.15924,259,101
100,0,3035.575348,78,57
101,0,661.5436617,60,19
102,0,1001.941128,50,30
103,0,13521.53242,393,83
104,0,2309.592433,119,28
105,0,853.0763029,62,24
106,0,412.047195,37,20
107,0,280.683525,27,15
108,0,950.3127206,83,14
109,0,857.5565986,70,18
110,0,996.6907815,110,14
111,0,294.0194053,25,18
112,0,20597.98446,185,135
113,0,2176.268633,131,27
114,0,5798.272685,218,62
115,0,4482.43084,199,38
116,0,19632.72576,472,128
117,0,7495.604709,338,80
118,0,4103.775849,78,75
119,0,923.0109187,46,28
120,0,290.1341488,28,14
121,0,329.8267685,31,18
122,0,5894.354027,207,52
123,0,150.8949591,26,9
124,0,131.9937115,21,11
125,0,40024.72163,416,142
126,0,10510.77371,241,104
127,0,20331.58188,313,180
128,0,14790.57618,145,141
129,0,1548.852224,83,29
130,0,1330.962843,95,28
131,0,2745.056173,71,50
132,0,2954.194976,177,39
133,0,1741.36493,97,29
134,0,879.4330425,51,27
135,0,4245.780221,163,47
136,0,2094.013205,82,39
137,0,1264.458454,81,29
138,0,1540.976704,63,33
139,0,2712.679037,125,47
140,0,690.4205677,33,30
141,0,758.6750725,56,20
142,0,474.2813025,36,20
143,0,930.1863921,72,19
144,0,424.4030106,38,17
145,0,1098.197481,67,29
146,0,440.7490893,47,18
147,0,262.6573354,38,13
148,0,6696.08194,227,88
149,0,1677.170693,51,47
150,0,3194.310824,74,53
151,0,3068.302508,80,51
152,0,634.4168714,53,19
153,0,322.8963111,25,18
154,0,439.2789924,28,26
155,0,486.5321111,55,14
156,0,4710.435888,198,64
157,0,2471.163096,84,50
158,0,3001.448095,113,38
159,0,612.5404276,34,31
160,0,2742.431,75,55
161,0,18472.46918,438,123
162,0,7517.621162,106,92
163,0,10753.58474,203,94
164,0,535.955373,42,18
165,0,325.3814751,34,12
166,0,403.2266129,27,23
167,0,487.7921942,39,21
168,0,523.6345599,54,20
169,0,9583.3525,249,80
170,0,3004.038266,147,41
171,0,656.6433384,48,22
172,0,491.7474553,26,24
173,0,1462.641534,49,41
174,0,3583.676522,119,42
175,0,11397.31222,310,80
176,0,1603.48827,93,35
177,0,3504.711311,130,57
178,0,2771.06289,112,49
179,0,987.3451646,38,31
180,0,9973.138226,131,115
181,0,693.3257595,46,24
182,0,709.5668313,52,26
183,0,1301.525901,49,35
184,0,993.5055711,74,20
185,0,856.2965154,52,31
186,0,1058.469859,59,27
187,0,92585.87066,570,330
188,0,12199.84519,386,85
189,0,10890.47877,211,98
190,0,1567.543458,67,32
191,0,686.5064859,53,22
192,0,16964.63966,313,92
193,0,5528.124856,133,60
194,0,14914.34434,270,119
195,0,1351.36919,65,34
196,0,1776.997282,68,44
197,0,2348.79502,100,44
198,0,2573.369842,112,38
199,0,1373.210632,73,35
200,0,1516.580094,60,33
201,0,2123.660161,61,46
202,0,3886.656519,123,49
203,0,2748.661411,100,47
204,0,3039.880632,126,38
205,0,2605.291949,84,47
206,0,994.8356591,70,18
207,0,1431.139455,93,24
208,0,51315.62682,685,191
209,0,1426.97418,69,29
210,0,3389.343696,93,55
211,0,2219.986519,100,47
212,0,3758.968092,99,57
213,0,949.8226883,49,33
214,0,1348.569005,72,38
215,0,1252.242648,55,30
216,0,304.6601075,32,16
217,0,631.7216936,37,25
218,0,1597.225417,52,41
219,0,3015.239005,91,50
220,0,443.5492742,41,17
221,0,268.817742,34,14
222,0,929.6613575,82,28
223,0,4345.886828,103,91
224,0,5761.660269,156,60
225,0,1355.814484,71,36
226,0,55794.55743,602,259
227,0,30959.72514,457,179
228,0,7734.710875,177,77
229,0,1736.114583,75,35
230,0,1301.21088,56,36
231,0,378.0249496,41,14
232,0,3408.349951,117,44
233,0,10714.20714,331,70
234,0,2123.765168,61,47
235,0,2652.300051,118,46
236,0,3074.077889,135,40
237,0,1412.343214,80,25
238,0,3074.602923,105,50
239,0,791.8922648,56,23
240,0,2627.2734,137,43
241,0,53808.07133,418,204
242,0,4294.783455,106,60
243,0,18377.61292,241,104
244,0,3391.023807,134,46
245,0,2127.58042,93,33
246,0,3018.03919,110,39
247,0,7457.452191,121,83
248,0,6428.104254,121,88
249,0,8385.993475,201,72
250,0,6373.780669,110,82
251,0,2999.55797,89,49
252,0,631.7216935,32,29
253,0,751.0095665,50,17
254,0,339.3823992,27,19
255,0,6347.668945,140,82
256,0,9986.618685,164,96
257,0,5520.739368,115,74
258,0,25425.67809,203,201
259,0,15527.02478,149,144
260,0,2383.657321,84,45
261,0,1473.597257,57,37
262,0,12844.09771,216,114
263,0,12997.23282,189,113
264,0,25255.04183,219,179
265,0,3876.505849,92,58
266,0,10020.71512,230,78
267,0,4621.425013,93,70
268,0,87211.11717,685,262
269,0,7136.095981,124,90
270,0,6424.965714,166,59
271,0,12812.59563,165,108
272,0,34651.41199,671,127
273,0,4470.439047,178,73
274,0,9619.509886,221,93
275,0,25497.43283,296,139
276,0,5091.086011,111,78
277,0,1336.21319,69,35
278,0,2815.060794,161,47
279,0,1124.449214,42,36
280,0,18501.34609,456,127
281,0,2853.563335,129,28
282,0,3096.82939,115,37
283,0,1424.594023,84,30
284,0,4700.810253,161,46
285,0,1132.324733,71,26
286,0,2329.40374,194,34
287,0,11463.46075,324,86
288,0,5207.468692,172,53
289,0,2292.651315,82,38
290,0,15531.40007,551,96
291,0,3658.616468,198,32
292,0,7436.240791,131,82
293,0,170028.7549,1375,599
294,0,2161.742675,74,35
295,0,1133.199791,53,34
296,0,2464.162634,138,30
297,0,31176.55765,254,221
298,0,21918.44661,306,113
299,0,22564.14865,237,155
300,0,7772.262968,245,59
301,0,34040.62168,335,182
302,0,4125.022251,138,45
303,0,7559.623934,293,72
304,0,3461.728474,91,74
305,0,4701.685311,138,64
306,0,17441.65115,301,108
307,0,3664.741872,98,67
308,0,13094.36423,272,72
309,0,68828.54268,893,160
310,0,448567.4071,1351,779
311,0,61727.3615,823,212
312,0,250403.8666,928,700
313,0,5483.881935,153,67
314,0,1170.477251,63,26
315,0,7463.612597,187,62
316,0,8290.787191,180,96
317,0,1134.634886,57,27
318,0,468.7509375,30,23
319,0,9592.313091,186,98
320,0,4418.166598,84,73
321,0,939.8120275,65,22
322,0,231.3674577,30,12
323,0,461.1904385,42,15
324,0,2857.868619,101,40
325,0,1745.845226,52,42
326,0,1957.224177,62,59
327,0,857.8016147,61,22
328,0,14122.45208,199,109
329,0,1894.045007,84,27
330,0,4390.689785,120,56
331,0,6342.978636,122,92
332,0,4045.707016,87,74
333,0,505.15334,33,20
334,0,493.3925638,36,19
335,0,3474.469315,101,52
336,0,861.8968851,41,30
337,0,3675.522584,83,70
338,0,4709.910854,147,67
339,0,545.1609805,29,24
340,0,2849.468065,118,50
341,0,1006.806449,49,27
342,0,10008.84058,132,129
343,0,1009.746643,47,34
344,0,354.0833695,27,17
345,0,22956.19511,549,140
346,0,2091.738054,69,37
347,0,5198.473098,170,50
348,0,2576.555052,114,47
349,0,4655.692275,129,46
350,0,813.3836832,59,22
351,0,3618.64383,248,73
352,0,13742.467,415,83
353,0,2234.127452,96,38
354,0,940.6520829,42,36
355,0,11686.3263,331,57
356,0,1245.693253,72,28
357,0,3252.904691,171,71
358,0,5636.98204,208,53
359,0,1026.337738,38,31
360,0,1531.316067,69,47
361,0,4018.405214,180,52
362,0,298.6397102,21,21
363,0,4270.421847,122,54
364,0,1647.873759,83,34
365,0,615.5506262,58,24
366,0,591.2940253,38,22
367,0,477.5715197,56,15
368,0,1504.224279,75,33
369,0,1434.814698,78,28
370,0,15245.32619,211,150
371,0,2030.694026,82,37
372,0,563.9572211,34,24
373,0,955.9830947,40,39
374,0,3023.079523,94,54
375,0,815.4138172,53,22
376,0,3576.956079,132,43
377,0,1010.30668,80,20
378,0,17058.72587,222,111
379,0,3266.135565,101,54
380,0,703.1264062,33,25
381,0,6557.472792,357,72
382,0,2770.922881,150,34
383,0,7443.311258,208,62
384,0,1294.105411,100,26
385,0,1975.810403,59,38
386,0,2197.58504,118,28
387,0,1062.754142,61,22
388,0,4538.924568,140,67
389,0,4888.94767,182,57
390,0,14350.7284,363,116
391,0,974.3768088,90,16
392,0,4815.224054,215,44
393,0,1481.035248,97,28
394,0,1209.767345,50,31
395,0,570.7564198,44,22
396,0,1479.503897,85,30
397,0,7428.8028,184,80
398,0,748.1743794,36,28
399,0,535.3165808,46,23
400,0,396.4011624,34,19
401,0,2088.325329,122,28
402,0,2331.810149,91,41
403,0,12153.67714,206,105
404,0,2965.789492,99,39
405,0,1758.209792,60,43
406,0,7665.724687,215,61
407,0,6738.163468,129,89
408,0,4510.92272,191,58
409,0,15245.91248,215,107
410,0,4293.252104,98,56
411,0,5014.955986,215,56
412,0,10779.83647,194,99
413,0,5164.590862,274,46
414,0,12831.8469,320,85
415,0,21035.51334,347,97
416,0,5158.465458,190,59
417,0,48704.83951,558,236
418,0,12475.69839,171,151
419,0,4702.560368,174,37
420,0,5764.880481,114,81
421,0,4797.941664,227,43
422,0,2666.300975,124,37
423,0,1744.865161,71,37
424,0,837.4302704,47,28
425,0,2640.049243,87,45
426,0,3161.583664,109,45
427,0,1503.349221,62,36
428,0,1945.253387,97,29
429,0,3568.48552,105,51
430,0,753.424726,55,15
431,0,2163.142767,101,32
432,0,2184.144153,104,32
433,0,3438.976972,120,52
434,0,19821.80824,205,135
435,0,2965.570727,100,46
436,0,9679.013814,288,66
437,0,10663.45379,254,65
438,0,1470.097026,76,31
439,0,3591.237021,105,57
440,0,6191.908665,186,73
441,0,1843.746687,79,32
442,0,2054.215578,68,46
443,0,2412.639234,91,42
444,0,6397.862258,130,75
445,0,5125.45828,107,71
446,0,11710.93292,284,124
447,0,21784.31776,226,139
448,0,110586.0187,926,359
449,0,6730.524214,221,69
450,0,1030.468011,64,21
451,0,414.9873891,30,21
452,0,20539.35559,304,174
453,0,1381.611186,90,26
454,0,6799.40876,123,112
455,0,739.2487903,46,25
456,0,1057.349785,44,33
457,0,855.7364785,47,32
458,0,1162.636734,66,26
459,0,2470.883078,100,37
460,0,1711.472957,57,42
461,0,665.3239113,61,18
462,0,3434.601683,126,53
463,0,3374.441463,94,50
464,0,1650.358923,67,32
465,0,1817.494954,68,36
466,0,2236.647618,170,30
467,0,2479.038616,107,43
468,0,741.1739174,69,15
469,0,11866.6582,322,124
470,0,7481.743794,375,84
471,0,6712.568028,203,77
472,0,4852.195244,133,64
473,0,2355.655473,116,36
474,0,1478.847604,77,38
475,0,3776.749265,130,44
476,0,2018.758238,95,34
477,0,1361.414853,66,30
478,0,3887.356565,76,71
479,0,16484.40797,265,75
480,0,833.0549815,46,25
481,0,227562.1991,773,468
482,0,14719.03145,340,96
483,0,12472.30317,293,111
484,0,9319.575091,154,84
485,0,60215.59422,354,296
486,0,2859.128702,122,41
487,0,3591.237021,107,47
488,0,1746.475267,87,29
489,0,30400.76645,394,172
490,0,16500.78905,242,157
491,0,10248.25638,208,101
492,0,3059.481925,97,39
493,0,5729.878171,177,45
494,0,8369.052356,112,100
495,0,13335.88017,188,106
496,0,2856.188508,109,40
497,0,22572.98981,330,131
498,0,4880.197093,132,58
499,0,7353.985362,182,79
500,0,2243.64808,79,41
501,0,3341.845561,76,64
502,0,1573.353841,56,51
503,0,1740.489872,57,44
504,0,2070.386645,96,35
505,0,934.5616809,61,30
506,0,4896.82319,120,67
507,0,3922.88391,125,71
508,0,6943.338259,148,70
509,0,6223.410744,196,52
510,0,1974.130292,101,26
511,0,5278.34837,125,63
512,0,1421.093792,58,35
513,0,882.0582158,69,23
514,0,1095.572308,53,29
515,0,2680.196893,138,37
516,0,5520.424347,136,57
517,0,1126.51435,71,18
518,0,971.5241205,44,33
519,0,1261.387001,84,24
520,0,607.9463744,42,18
521,0,562.8809,38,21
522,0,1006.535181,66,22
523,0,807.0220134,51,22
524,0,714.4846559,50,23
525,0,774.8636409,77,13
526,0,3311.437305,82,68
527,0,6027.397807,92,87
528,0,1507.059466,50,42
529,0,721.8876445,44,26
530,0,725.8079032,50,22
531,0,483.3118985,29,22
532,0,523.6345599,47,19
533,0,475.471381,47,25
534,0,1053.429526,81,19
535,0,673.7244658,50,26
536,0,790.2121539,57,23
537,0,1013.666902,40,31
538,0,491.152416,31,20
539,0,619.4008803,29,29
540,0,327.061586,28,17
541,0,525.8747077,33,22
542,0,495.501453,34,18
543,0,454.5925031,38,20
544,0,1080.3113,55,29
545,0,1683.471109,70,36
546,0,1164.316845,58,31
547,0,838.9353696,52,22
548,0,871.9775504,62,23
549,0,2385.197423,109,33
550,0,723.5677554,56,16
551,0,641.2423219,58,24
552,0,580.75833,43,21
553,0,1057.349785,43,35
554,0,3354.125538,73,70
555,0,1544.476935,70,33
556,0,1126.199329,43,33
557,0,3269.215768,90,53
558,0,1693.551774,61,43
559,0,2850.30812,91,56
560,0,1776.717263,64,38
561,0,1372.230567,78,28
562,0,1287.804995,123,22
563,0,2709.178805,150,29
564,0,1451.615806,81,33
565,0,530.9150403,37,20
566,0,7320.803172,98,90
567,0,1370.340442,75,25
568,0,6016.897115,137,64
569,0,1375.065754,57,33
570,0,2699.728182,87,45
571,0,1792.783323,84,35
572,0,342.742621,33,13
573,0,7382.407238,131,83
574,0,1406.81285,57,34
575,0,3206.771647,114,37
576,0,799.7327823,46,23
577,0,924.6956965,57,21
578,0,1327.462612,64,33
579,0,1529.600953,55,45
580,0,704.5264987,35,30
581,0,1748.365392,60,40
582,0,51533.62121,584,173
583,0,892.138881,38,31
584,0,4226.318936,138,46
585,0,1286.544912,60,32
586,0,698.0860736,61,35
587,0,647.682747,38,27
588,0,601.0596698,35,26
589,0,1204.639506,68,31
590,0,390.6257813,37,18
591,0,1032.008112,89,25
592,0,803.653041,44,25
593,0,871.9775504,73,16
594,0,473.2312332,43,15
595,0,329.8617708,26,17
596,0,903.7946504,51,28
597,0,3574.85594,121,46
598,0,2986.397102,81,49
599,0,3102.324753,127,42
600,0,2904.491696,80,55
601,0,1341.988571,69,34
602,0,1053.429526,60,25
603,0,6761.606265,120,83
604,0,6558.732876,128,84
605,0,4199.40216,136,53
606,0,2517.541157,146,30
607,0,1708.987793,64,37
608,0,3656.866353,80,62
609,0,6092.152081,177,75
610,0,740.2988597,36,32
611,0,736.7986286,38,28
612,0,861.9318874,49,26
613,0,791.0522093,49,27
614,0,1260.958223,52,33
615,0,844.4307323,44,29
616,0,472.6711962,31,26
617,0,1241.041909,44,39
618,0,647.4027285,32,27
619,0,168.5711257,21,14
620,0,2959.795346,91,46
621,0,403.7866498,38,15
622,0,1566.423384,53,35
623,0,2289.151084,124,35
624,0,39559.05089,272,185
625,0,29415.38141,386,141
626,0,10413.32728,296,101
627,0,3558.474859,145,35
628,0,14429.21233,353,79
629,0,3451.36779,111,39
630,0,904.8097173,45,29
631,0,2822.936313,81,52
632,0,6011.646768,168,48
633,0,9445.373393,126,108
634,0,2913.94232,67,64
635,0,1437.719889,114,35
636,0,474.2813025,34,22
637,0,2368.956351,145,34
638,0,2285.790862,86,35
639,0,269.6577973,30,18
640,0,441.9041656,29,21
641,0,9599.313553,181,76
642,0,2806.205209,136,48
643,0,4027.225796,77,66
644,0,1829.640756,77,33
645,0,4686.3718,123,48
646,0,2493.03954,103,31
647,0,2076.617056,67,44
648,0,2539.067578,77,45
649,0,922.380877,59,27
650,0,413.3072782,28,21
651,0,486.3921018,38,24
652,0,362.9039517,40,18
653,0,293.5993775,44,13
654,0,452.3698563,38,18
655,0,1198.33909,44,41
656,0,299.8997933,44,11
657,0,325.1014566,47,19
658,0,294.8594607,29,17
659,0,644.0425068,49,19
660,0,745.5492061,34,34
661,0,249.2164482,27,12
662,0,439.6290155,29,24
663,0,451.1097732,29,21
664,0,4054.667608,149,53
665,0,1270.163831,76,25
666,0,1005.826384,52,30
667,0,5055.208643,110,57
668,0,5778.006348,92,90
669,0,3250.839555,141,39
670,0,4282.532647,105,59
671,0,2262.024293,75,40
672,0,2272.524986,77,43
673,0,50052.24645,772,239
674,0,2375.643851,107,39
675,0,4764.04776,177,64
676,0,24702.67037,274,162
677,0,17431.99051,217,131
678,0,27134.11915,313,155
679,0,23146.46766,219,153
680,0,2599.55157,74,54
681,0,2276.97028,104,37
682,0,22085.47764,322,116
683,0,5444.819358,216,60
684,0,1164.316845,76,25
685,0,1594.005204,84,34
686,0,4062.508125,141,42
687,0,5044.112911,217,56
688,0,54232.71935,629,275
689,0,8217.002321,247,67
690,0,5003.790249,150,51
691,0,1081.151356,87,28
692,0,1743.955101,51,48
693,0,40699.93019,539,160
694,0,2791.084211,128,32
695,0,3201.871323,73,69
696,0,49641.62267,473,217
697,0,6295.375494,236,77
698,0,5874.507717,169,62
699,0,5100.39916,199,56
700,0,27683.3271,363,146
701,0,86351.0652,626,225
702,0,14562.05047,228,90
703,0,2416.909515,97,34
704,0,4070.76867,115,50
705,0,1652.984097,69,46
706,0,259392.7224,1987,771
707,0,5042.082777,174,39
708,0,7367.111228,169,68
709,0,2133.390804,68,41
710,0,1013.316879,47,32
711,0,945.062374,54,24
712,0,4831.158856,138,75
713,0,5931.211459,129,71
714,0,60761.21023,785,166
715,0,111013.3269,900,311
716,0,44325.94551,368,196
717,0,6578.894206,125,67
718,0,50020.26133,384,189
719,0,3514.371948,123,49
720,0,4952.12684,138,49
721,0,931.2014592,65,20
722,0,3186.750325,173,32
723,0,452.3698563,38,22
724,0,1117.693768,61,24
725,0,1868.703334,66,45
726,0,2600.811653,64,61
727,0,982.8648689,66,43
728,0,1309.226409,78,27
729,0,700.6062399,55,19
730,0,8883.586316,198,83
731,0,4716.491288,109,57
732,0,1339.468405,50,36
733,0,7104.348886,123,92
734,0,9298.153677,202,85
735,0,23704.68451,687,87
736,0,3736.146585,93,53
737,0,2002.27215,84,33
738,0,4604.343886,98,69
739,0,10186.51231,169,112
740,0,4427.932243,133,43
741,0,7192.554708,183,80
742,0,1931.707492,62,55
743,0,3678.18276,96,47
744,0,4003.284216,182,46
745,0,3993.203551,154,46
746,0,2811.245542,117,32
747,0,1707.412689,89,33
748,0,5326.37154,297,60
749,0,438.5089416,35,22
750,0,1210.624901,75,36
751,0,1853.582336,75,30
752,0,2578.130156,105,36
753,0,26587.75479,361,103
754,0,8282.526646,129,89
755,0,9160.804612,180,76
756,0,7401.728513,105,93
757,0,1877.523916,81,33
758,0,4286.802928,96,66
759,0,2072.836807,71,40
760,0,1738.914768,70,36
761,0,2225.30687,76,42
762,0,16321.85724,241,150
763,0,5318.811041,130,66
764,0,7210.195872,146,86
765,0,1373.49065,56,41
766,0,5647.692747,158,80
767,0,2881.810199,103,44
768,0,4499.756983,122,54
769,0,36475.62739,336,161
770,0,23010.37868,199,186
771,0,10903.49963,157,106
772,0,18222.06265,226,126
773,0,6260.87731,169,63
774,0,1171.877344,59,36
775,0,2455.902089,141,28
776,0,2525.206663,144,33
777,0,3121.226001,85,50
778,0,42753.36172,370,234
779,0,1222.28067,63,31
780,0,2095.130586,63,47
781,0,6231.111252,116,67
782,0,8767.658664,188,66
783,0,8545.884027,139,88
784,0,1794.358427,81,33
785,0,2144.031506,110,31
786,0,1697.332024,94,25
787,0,1352.699278,67,35
788,0,4945.431693,90,67
789,0,30671.68433,219,180
790,0,7472.923212,115,95
791,0,3500.826054,109,50
792,0,29791.20122,311,166
793,0,31681.88893,250,176
794,0,4758.074032,152,58
795,0,5892.148881,159,59
796,0,10147.44973,273,71
797,0,5413.317279,195,46
798,0,1127.774433,82,22
799,0,4116.691701,100,66
800,0,3040.580678,80,54
801,0,75383.21528,1101,280
802,0,4493.736586,131,54
803,0,3483.429906,112,42
804,0,1577.064086,94,22
805,0,1312.72664,99,20
806,0,2143.821492,157,25
807,0,4696.469967,237,46
808,0,976.1269242,98,28
809,0,10958.78578,214,79
810,0,10201.42329,211,104
811,0,1850.528385,118,28
812,0,2748.33764,130,34
813,0,19116.94922,727,97
814,0,3034.481525,158,31
815,0,5264.347446,134,78
816,0,10698.67486,422,99
817,0,1223.768269,89,22
818,0,2077.387107,122,28
819,0,2746.806289,94,46
820,0,2809.154154,92,41
821,0,1826.901825,123,25
822,0,9950.281717,188,88
823,0,2105.388955,111,28
824,0,1978.068052,100,37
825,0,2062.72989,98,37
826,0,29240.49237,216,179
827,0,5183.18584,136,66
828,0,8833.489259,153,70
829,0,1645.668614,57,34
830,0,5563.267175,98,92
831,0,2161.042628,90,43
832,0,664.0638281,73,28
833,0,3222.032654,118,47
834,0,1116.433685,65,23
835,0,524.8158878,37,20
836,0,964.0948801,43,33
837,0,483.0318801,42,17
838,0,651.2617332,50,16
839,0,3680.702926,74,68
840,0,569.5575906,36,24
841,0,2043.854894,83,40
842,0,4560.240975,174,46
843,0,2072.836807,87,35
844,0,6445.325391,113,81
845,0,2031.254062,64,48
846,0,1286.859933,61,30
847,0,901.274484,91,18
848,0,4200.172211,82,70
849,0,1438.699954,83,26
850,0,1506.114403,96,27
851,0,2643.33946,150,33
852,0,6534.476274,94,86
853,0,765.8155437,52,30
854,0,491.152416,30,23
855,0,500.6730443,27,27
856,0,1115.033592,62,25
857,0,3354.061368,118,39
858,0,1046.709083,50,26
859,0,11247.62796,404,93
860,0,35680.51491,369,137
861,0,9889.027675,244,81
862,0,6323.377342,144,73
863,0,1905.805783,90,28
864,0,2503.925259,124,31
865,0,1431.454476,95,21
866,0,16022.65749,198,109
867,0,10859.67674,130,105
868,0,22519.08626,206,158
869,0,5078.975212,110,68
870,0,3033.160188,154,49
871,0,1128.474479,55,40
872,0,2417.11953,68,55
873,0,3841.853562,117,50
874,0,5353.95336,97,71
875,0,2674.736532,110,32
876,0,1630.827634,77,38
877,0,1441.535141,53,35
878,0,9711.040927,277,70
879,0,1024.307604,63,24
880,0,4820.798172,95,76
881,0,3328.299667,115,37
882,0,4475.255366,116,49
883,0,1675.070554,84,28
884,0,3901.777517,123,46
885,0,4024.390609,114,65
886,0,1404.467695,56,32
887,0,4525.798702,157,47
888,0,14234.56448,426,97
889,0,93222.52768,411,342
890,0,32364.88608,277,159
891,0,1750.115507,88,31
892,0,1183.078083,65,24
893,0,2161.392652,107,26
894,0,1573.353841,69,27
895,0,2836.937238,98,42
896,0,367.9442843,28,18
897,0,470.4310484,35,20
898,0,394.2660215,29,22
899,0,847.3359241,49,25
900,0,596.439365,35,27
901,0,499.5529704,40,16
902,0,1527.780833,49,39
903,0,443.5492742,30,22
904,0,2259.189106,83,37
905,0,308.0203293,25,19
906,0,364.0240255,28,28
907,0,3106.105002,135,35
908,0,2382.782263,58,54
909,0,4706.060599,125,65
910,0,7123.845173,151,78
911,0,692.1706831,38,24
912,0,3625.364274,113,48
913,0,6368.670331,111,100
914,0,26121.34901,323,167
915,0,13153.86815,305,89
916,0,33433.3316,263,176
917,0,1028.192861,47,28
918,0,2399.408361,107,37
919,0,1369.465385,88,23
920,0,787.5519784,49,25
921,0,392.0258737,41,16
922,0,7023.213531,173,74
923,0,1200.579238,58,33
924,0,801.5529024,35,29
925,0,875.9328114,44,28
926,0,7075.716996,174,53
927,0,12939.479,186,135
928,0,24690.62958,227,170
929,0,8464.433652,141,132
930,0,12294.56144,227,91
931,0,13142.4924,231,95
932,0,8253.689536,112,96
933,0,3913.538293,129,53
934,0,3163.088763,88,62
935,0,5221.784637,132,61
936,0,1055.109637,76,20
937,0,15676.55465,189,142
938,0,21326.20753,251,157
939,0,8545.884027,140,95
940,0,1984.630985,95,43
941,0,15010.52194,287,113
942,0,4478.055551,89,68
943,0,2624.753233,84,49
944,0,1652.669076,62,44
945,0,904.4596943,50,27
946,0,655.8032829,42,22
947,0,2533.607218,128,42
948,0,565.637332,61,13
949,0,751.5696035,62,19
950,0,5454.234979,104,67
951,0,8095.159279,118,85
952,0,1302.085938,85,21
953,0,1883.999344,72,38
954,0,1659.109501,71,35
955,0,2160.517594,66,42
956,0,6265.693535,181,62
957,0,972.7842036,48,27
958,0,5259.867151,221,40
959,0,5076.175027,117,72
960,0,4065.868347,156,42
961,0,17464.19263,198,131
962,0,24457.93422,277,141
963,0,21749.59547,235,178
964,0,1512.099798,56,34
965,0,1648.748817,68,31
966,0,1836.921237,56,41
967,0,1803.319019,102,26
968,0,3223.572755,85,44
969,0,3638.000108,178,33
970,0,1843.64168,58,45
971,0,7786.753925,258,55
972,0,2040.774691,102,28
973,0,1191.758656,70,31
974,0,5967.753871,169,61
975,0,2865.149099,123,36
976,0,40981.26476,344,228
977,0,3111.705372,130,33
978,0,3146.707682,99,50
979,0,2948.94463,108,33
980,0,3837.12825,115,53
981,0,5027.206795,112,64
982,0,19727.302,374,140
983,0,6069.40058,129,63
984,0,1670.485252,69,37
985,0,2080.012281,112,37
986,0,596.789388,38,20
987,0,2550.793352,111,39
988,0,4105.77098,115,59
989,0,18203.82645,231,136
990,0,33701.97433,230,198
991,0,7017.088127,243,92
992,0,3610.488292,198,45
993,0,7553.662603,127,118
994,0,1721.273604,64,38
995,0,989.1652848,42,33
996,0,1406.252812,66,25
997,0,20260.87722,248,143
998,0,12494.98467,384,73
999,0,3998.243884,161,48
1000,0,544.3559275,32,23
1001,0,2354.780415,83,53
1002,0,5434.108651,187,67
1003,0,21769.7568,295,143
1004,0,9910.414086,137,90
1005,0,46675.72059,292,203
1006,0,24184.63618,216,152
1007,0,17426.11012,209,120
1008,0,3835.133118,78,76
1009,0,1664.429852,58,43
1010,0,763.8904166,53,21
1011,0,1570.343643,78,36
1012,0,999.1059409,57,26
1013,0,1852.602271,67,45
1014,0,10958.80328,176,90
1015,0,2244.628145,75,44
1016,0,12912.2122,166,108
1017,0,24462.41452,177,163
1018,0,5899.989398,175,51
1019,0,35499.34295,463,113
1020,0,86637.08587,531,274
1021,0,5587.233929,194,67
1022,0,10633.84183,236,70
1023,0,4378.789,206,44
1024,0,9412.821245,198,68
1025,0,2526.466746,80,42
1026,0,12554.20858,216,134
1027,0,49377.61892,393,217
1028,0,37670.18623,323,233
1029,0,48629.12952,273,242
1030,0,21953.16891,190,161
1031,0,15948.87262,184,115
1032,0,3801.032118,137,44
1033,0,1505.099336,67,34
1034,0,1925.127058,62,52
1035,0,662.4187195,46,23
1036,0,686.0452789,49,17
1037,0,424.4030105,34,19
1038,0,1931.007446,72,45
1039,0,1133.514812,47,34
1040,0,1043.908898,47,31
1041,0,948.8426234,42,33
1042,0,1466.736805,68,30
1043,0,869.4573841,40,32
1044,0,8887.366565,196,71
1045,0,839.2153881,54,20
1046,0,579.6382561,52,16
1047,0,521.6744305,33,21
1048,0,405.7467792,38,17
1049,0,17023.72356,237,106
1050,0,3123.746167,120,40
1051,0,3353.081303,104,49
1052,0,6417.603561,148,79
1053,0,16213.49009,241,119
1054,0,3663.061762,71,61
1055,0,1670.870277,92,28
1056,0,3230.853236,152,37
1057,0,1806.959259,80,37
1058,0,3784.029746,139,62
1059,0,842.9956375,37,35
1060,0,44270.50185,321,191
1061,0,14566.56139,169,119
1062,0,7089.227888,195,79
1063,0,7142.151381,231,50
1064,0,27096.82839,250,179
1065,0,22518.94625,250,140
1066,0,49222.62869,313,213
1067,0,68265.00548,410,267
1068,0,62164.94288,568,205
1069,0,3054.441593,115,58
1070,0,19751.80362,173,167
1071,0,33640.44026,424,182
1072,0,1935.487742,78,45
1073,0,79793.76293,602,249
1074,0,5462.460522,186,50
1075,0,1678.430776,92,26
1076,0,55260.94721,559,183
1077,0,35021.49141,330,203
1078,0,182211.806,582,439
1079,0,192391.2259,532,512
1080,0,103654.4412,501,395
1081,0,26323.13732,321,137
1082,0,21602.86579,180,168
1083,0,2139.621215,84,48
1084,0,29067.59846,430,138
1085,0,26764.16643,281,146
1086,0,1988.411235,108,33
1087,0,4270.421847,103,60
1088,0,12389.13768,372,134
1089,0,12866.12366,409,77
1090,0,3406.004796,103,63
1091,0,3821.83224,99,51
1092,0,11602.84579,157,114
1093,0,7513.875915,122,104
1094,0,7239.177785,134,73
1095,0,888.3586316,50,25
1096,0,8274.966147,132,104
1097,0,1780.497513,49,48
1098,0,6697.342024,177,81
1099,0,974.0442868,59,24
1100,0,703.1264063,45,24
1101,0,5480.92424,111,68
1102,0,3294.592443,82,62
1103,0,1930.596169,58,46
1104,0,2163.142767,79,52
1105,0,2814.185736,78,54
1106,0,1104.39289,65,24
1107,0,882.6182527,70,23
1108,0,981.1847581,59,23
1109,0,1211.919987,39,36
1110,0,1491.938468,94,21
1111,0,775.0911559,50,23
1112,0,931.9015054,63,29
1113,0,952.062836,73,19
1114,0,2002.692177,137,24
1115,0,667.5640591,34,25
1116,0,1236.561613,56,34
1117,0,1376.010817,56,37
1118,0,652.7230796,73,18
1119,0,1001.766116,73,23
1120,0,705.6465726,54,20
1121,0,19184.62618,596,110
1122,0,2302.871989,147,23
1123,0,2721.779637,112,51
1124,0,1428.654291,78,35
1125,0,619.4008803,34,27
1126,0,868.9323495,48,29
1127,0,3224.587822,169,33
1128,0,3962.261509,131,60
1129,0,1003.691244,61,22
1130,0,4829.443743,132,60
1131,0,1817.494955,104,29
1132,0,1020.947382,87,23
1133,0,554.4365928,51,17
1134,0,318.6610317,45,15
1135,0,963.8236122,62,23
1136,0,1824.600423,116,35
1137,0,1980.850736,78,46
1138,0,4695.069874,129,54
1139,0,2157.262379,157,49
1140,0,3441.287124,102,44
1141,0,1408.772979,67,39
1142,0,1349.54907,83,26
1143,0,923.6409603,79,17
1144,0,1075.445979,57,28
1145,0,486.5321111,35,17
1146,0,1176.952679,40,38
1147,0,1128.824502,51,46
1148,0,1160.326581,63,31
1149,0,3834.503077,81,69
1150,0,1598.730516,92,32
1151,0,889.0586778,62,21
1152,0,11288.24502,280,93
1153,0,8353.511331,109,96
1154,0,4469.09496,199,45
1155,0,18090.874,188,185
1156,0,1216.400282,55,28
1157,0,10518.1942,248,104
1158,0,9650.136908,253,65
1159,0,2558.248844,109,42
1160,0,1347.72895,53,32
1161,0,47579.3562,287,264
1162,0,14556.48073,222,97
1163,0,1207.5797,56,29
1164,0,2337.27926,123,47
1165,0,2597.591441,92,55
1166,0,12781.72359,171,113
1167,0,5383.075282,109,73
1168,0,5169.7012,136,60
1169,0,1607.306082,79,28
1170,0,1057.349785,65,29
1171,0,6826.290534,186,75
1172,0,1919.806707,78,42
1173,0,683.2450942,52,22
1174,0,534.5902829,59,16
1175,0,1684.416171,69,38
1176,0,953.2529145,60,22
1177,0,378.3399704,44,17
1178,0,689.2654914,47,22
1179,0,508.1285364,49,21
1180,0,345.8928289,45,13
1181,0,505.9233909,39,20
1182,0,2129.85557,105,36
1183,0,322.5812903,40,12
1184,0,804.8781219,42,33
1185,0,991.3704303,63,22
1186,0,392.3058922,41,18
1187,0,645.1625806,45,22
1188,0,785.031812,42,24
1189,0,1152.696078,71,22
1190,0,1284.024745,61,28
1191,0,530.9675438,44,20
1192,0,369.5981434,29,16
1193,0,640.4372688,54,19
1194,0,319.1160616,41,14
1195,0,345.5778081,39,12
1196,0,607.7538617,37,23
1197,0,863.4719891,53,22
1198,0,4149.453863,124,47
1199,0,325.5214844,29,18
1200,0,1802.837737,85,29
1201,0,1532.007362,74,30
1202,0,1984.193456,76,38
1203,0,4251.468096,112,55
1204,0,2301.401892,92,33
1205,0,1020.317341,73,23
1206,0,386.5567627,39,16
1207,0,473.4062448,46,14
1208,0,3378.282966,116,47
1209,0,324.4714151,36,16
1210,0,423.3879435,31,20
1211,0,4326.285534,111,66
1212,0,2759.752768,130,36
1213,0,13763.7309,170,102
1214,0,8080.519563,114,91
1215,0,1027.974096,42,30
1216,0,1760.021161,73,32
1217,0,2264.369448,85,37
1218,0,6274.269101,274,53
1219,0,2443.931299,111,30
1220,0,1312.140351,77,24
1221,0,4012.419819,82,76
1222,0,1346.241352,64,28
1223,0,3048.281186,118,54
1224,0,1467.690617,77,37
1225,0,1536.82018,77,26
1226,0,609.8536076,35,26
1227,0,1034.388269,55,25
1228,0,7055.905689,135,76
1229,0,2232.867369,80,33
1230,0,713.4870901,35,27
1231,0,171.9313475,22,13
1232,0,328.1816599,31,14
1233,0,518.0341902,26,25
1234,0,304.9401261,23,16
1235,0,853.4963306,38,31
1236,0,475.1563603,52,15
1237,0,924.0609879,36,33
1238,0,789.09208,38,29
1239,0,861.0655803,51,21
1240,0,969.4239819,56,27
1241,0,244.3161249,31,10
1242,0,326.6415583,38,12
1243,0,261.2047395,24,13
1244,0,432.0597659,25,22
1245,0,193.6327797,23,13
1246,0,496.4727672,50,15
1247,0,676.3846413,58,17
1248,0,439.4190016,39,16
1249,0,548.1682595,42,18
1250,0,942.4372008,54,26
1251,0,843.5556746,58,26
1252,0,1124.230449,64,30
1253,0,564.6572673,51,20
1254,0,459.2303092,38,18
1255,0,647.9627655,42,19
1256,0,394.8260584,44,12
1257,0,786.606916,59,20
1258,0,346.3828613,36,12
1259,0,510.1586704,47,18
1260,0,1306.461226,63,26
1261,0,385.0254116,30,17
1262,0,386.4255041,46,13
1263,0,472.6711963,45,14
1264,0,1111.67337,61,23
1265,0,1304.886122,58,29
1266,0,1154.796216,77,26
1267,0,2807.465292,145,45
1268,0,7097.59344,191,95
1269,0,1160.536595,83,28
1270,0,312.1768537,27,15
1271,0,290.5191742,30,17
1272,0,408.2669456,29,17
1273,0,1285.284829,46,36
1274,0,4158.274446,102,58
1275,0,1368.730336,63,31
1276,0,1316.786908,87,19
1277,0,1641.888364,105,34
1278,0,1344.508737,71,31
1279,0,1934.227659,79,37
1280,0,1000.786052,54,23
1281,0,92.4060988,17,8
1282,0,188.4524379,20,13
1283,0,247.8163558,22,15
1284,0,155.970294,17,14
1285,0,165.0708947,23,11
1286,0,143.9294993,15,14
1287,0,7062.1361,130,87
1288,0,971.6641297,124,39
1289,0,230.45521,36,9
1290,0,256.7769473,22,15
1291,0,104.0268658,19,7
1292,0,163.9508207,20,10
1293,0,921.1207939,38,31
1294,0,36454.90602,493,114
1295,0,17245.63821,514,87
1296,0,2487.342914,164,34
1297,0,569.5575907,51,17
1298,0,3009.155604,171,46
1299,0,898.0192691,57,19
1300,0,4136.433004,190,40
1301,0,3856.97456,200,34
1302,0,5363.368982,261,47
1303,0,2849.188046,87,45
1304,0,12263.06182,200,74
1305,0,1148.880826,84,24
1306,0,2036.924437,80,44
1307,0,902.5345671,58,21
1308,0,4879.042016,102,88
1309,0,12286.65092,188,108
1310,0,1515.958803,76,30
1311,0,9148.203781,145,87
1312,0,1125.884308,72,24
1313,0,2213.651101,109,38
1314,0,802.6729763,53,29
1315,0,7440.81178,125,104
1316,0,910.0600638,64,22
1317,0,334.2020573,31,14
1318,0,3248.232186,148,67
1319,0,3763.588396,98,64
1320,0,2233.726858,98,34
1321,0,675.4045767,50,22
1322,0,907.1198699,52,34
1323,0,1596.555706,75,27
1324,0,1952.568869,72,40
1325,0,12512.45082,217,105
1326,0,7634.441372,121,105
1327,0,7440.604464,156,72
1328,0,1150.45593,51,30
1329,0,1701.93264,64,39
1330,0,1070.195633,40,35
1331,0,1180.697926,81,20
1332,0,15621.56602,257,100
1333,0,442.5604589,32,22
1334,0,379.7750651,36,14
1335,0,1020.536105,59,24
1336,0,502.7206795,53,14
1337,0,1093.822192,48,29
1338,0,502.5019151,36,21
1339,0,747.2993217,54,23
1340,0,14162.15345,159,132
1341,0,712.0782471,49,20
1342,0,1656.0643,72,37
1343,0,881.1131533,61,23
1344,0,783.456708,37,26
1345,0,445.6231611,45,19
1346,0,4904.917474,102,86
1347,0,901.6595093,40,28
1348,0,2186.384301,89,37
1349,0,2809.040396,82,76
1350,0,1715.288209,77,33
1351,0,572.2877709,56,27
1352,0,767.8106754,65,19
1353,0,199.9331956,28,9
1354,0,596.4393649,56,16
1355,0,759.9876591,48,25
1356,0,333.3970042,36,14
1357,0,981.744795,67,21
1358,0,536.4804076,40,19
1359,0,221.7746371,23,13
1360,0,550.971364,32,22
1361,0,723.0164689,54,18
1362,0,258.7983306,38,13
1363,0,1303.766048,76,26
1364,0,685.2052235,47,21
1365,0,304.6601075,26,17
1366,0,828.8547044,60,24
1367,0,449.7096808,40,15
1368,0,405.15174,36,14
1369,0,1466.596795,44,43
1370,0,846.1808478,67,21
1371,0,5421.857842,113,65
1372,0,4878.446977,90,69
1373,0,409.5270287,48,12
1374,0,256.8207001,31,11
1375,0,172.4738833,27,9
1376,0,1601.565703,49,46
1377,0,254.5367994,28,12
1378,0,666.7940083,64,31
1379,0,982.8648689,108,20
1380,0,329.1967269,36,13
1381,0,545.6160106,52,18
1382,0,1109.503227,108,26
1383,0,367.9442842,37,13
1384,0,725.8079032,72,13
1385,0,956.4381248,45,28
1386,0,635.2919292,47,21
1387,0,4522.12346,144,46
1388,0,3553.828302,92,51
1389,0,1332.27543,69,27
1390,0,1228.721095,62,30
1391,0,2058.975892,135,27
1392,0,28467.79887,211,191
1393,0,618.7008342,43,19
1394,0,861.2668435,71,18
1395,0,5326.056519,110,82
1396,0,1077.686127,46,33
1397,0,21262.64333,282,167
1398,0,948.2125819,81,19
1399,0,1552.73748,60,57
1400,0,3830.022781,202,46
1401,0,13455.16804,194,115
1402,0,2111.899385,139,43
1403,0,1743.64008,78,29
1404,0,27884.06534,276,135
1405,0,1011.21674,50,29
1406,0,266.8226103,27,15
1407,0,1711.82298,60,43
1408,0,1387.351565,52,35
1409,0,585.9386719,42,21
1410,0,482.6118523,38,17
1411,0,863.7870099,51,24
1412,0,3193.365762,99,52
1413,0,4810.682504,102,82
1414,0,15656.0545,199,134
1415,0,543.0958442,53,16
1416,0,1100.672835,55,29
1417,0,1588.019809,46,45
1418,0,2259.014095,67,46
1419,0,5068.054491,132,52
1420,0,10488.30223,123,113
1421,0,768.9657516,57,20
1422,0,1307.336284,99,21
1423,0,1353.014299,76,28
1424,0,1728.834103,62,39
1425,0,450.1647108,45,14
1426,0,654.2981836,36,29
1427,0,242.5660093,25,13
1428,0,392.5859106,34,15
1429,0,670.9242809,42,25
1430,0,7496.094741,199,75
1431,0,2102.938794,92,35
1432,0,1159.836549,52,30
1433,0,772.851008,56,21
1434,0,2919.472685,87,48
1435,0,670.3642439,46,22
1436,0,4142.593411,96,59
1437,0,6892.934933,166,66
1438,0,1768.03669,170,21
1439,0,2239.027776,85,58
1440,0,2870.021376,86,50
1441,0,4643.826492,96,68
1442,0,1600.025601,114,23
1443,0,1439.245757,71,30
1444,0,1114.858581,77,26
1445,0,1840.841495,114,26
1446,0,5958.233243,206,53
1447,0,2977.156492,99,44
1448,0,13167.58906,235,118
1449,0,6834.691089,276,51
1450,0,27247.47833,312,140
1451,0,6060.720007,116,75
1452,0,2519.046257,68,52
1453,0,6589.394899,126,70
1454,0,8187.180353,111,108
1455,0,558.9431401,44,19
1456,0,468.5934271,47,16
1457,0,575.3504731,40,20
1458,0,239.7658245,23,16
1459,0,621.5097696,37,22
1460,0,3226.119173,79,59
1461,0,1483.747927,141,22
1462,0,876.4578461,82,15
1463,0,15543.12584,588,113
1464,0,27775.06815,352,187
1465,0,1684.486176,111,26
1466,0,1453.470929,102,19
1467,0,1010.691706,71,24
1468,0,324.6464266,35,13
1469,0,2512.290811,91,48
1470,0,784.9268051,62,20
1471,0,428.6645418,36,18
1472,0,1245.522204,70,31
1473,0,594.759254,57,15
1474,0,2684.607184,78,46
1475,0,1491.938468,71,34
1476,0,693.6757826,46,22
1477,0,2373.366642,95,39
1478,0,1017.202135,48,30
1479,0,1406.655339,43,42
1480,0,752.1121393,50,22
1481,0,794.2724219,46,23
1482,0,424.5080175,33,18
1483,0,537.6354839,52,15
1484,0,3084.123552,116,47
1485,0,3756.167907,140,39
1486,0,2498.324889,129,37
1487,0,1466.176767,95,26
1488,0,330.9818448,37,14
1489,0,658.0434308,56,15
1490,0,677.075937,58,19
1491,0,774.4261121,59,26
1492,0,347.8354571,45,16
1493,0,1042.088778,44,32
1494,0,749.4694649,48,23
1495,0,1085.211624,58,25
1496,0,643.4824698,49,18
1497,0,878.2779663,61,29
1498,0,429.1283224,49,13
1499,0,4276.626007,113,63
1500,0,1120.948982,67,22
1501,0,1044.818958,44,35
1502,0,720.0675244,56,20
1503,0,2328.213662,97,34
1504,0,2021.873443,123,31
1505,0,1120.213934,74,24
1506,0,2210.6059,151,30
1507,0,1876.002849,124,26
1508,0,513.9739223,71,16
1509,0,853.6594965,76,22
1510,0,2617.507755,61,56
1511,0,1184.478175,78,20
1512,0,1674.650527,133,27
1513,0,1563.448187,72,33
1514,0,4350.927161,303,68
1515,0,3126.126324,161,43
1516,0,1223.680763,92,23
1517,0,7083.907537,434,91
1518,0,1102.257749,51,32
1519,0,5063.959221,158,72
1520,0,9787.065945,302,57
1521,0,13489.50531,219,97
1522,0,1331.907906,84,25
1523,0,1551.477397,70,32
1524,0,370.7794714,26,18
1525,0,715.0971963,52,22
1526,0,1209.679839,75,29
1527,0,1684.416171,148,17
1528,0,8929.894372,223,72
1529,0,1894.500037,72,40
1530,0,1412.343215,75,29
1531,0,925.8111034,54,26
1532,0,670.364244,75,17
1533,0,7438.410934,182,77
1534,0,999.1059409,66,22
1535,0,1121.193999,85,22
1536,0,341.4825378,46,13
1537,0,495.5277048,39,21
1538,0,1508.63457,66,34
1539,0,2108.119136,74,39
1540,0,909.1500038,61,26
1541,0,2063.386183,65,42
1542,0,2379.597053,88,38
1543,0,1414.653367,60,37
1544,0,3862.574929,91,79
1545,0,3181.009946,88,48
1546,0,1227.380069,68,28
1547,0,1211.884984,71,35
1548,0,2516.07106,63,59
1549,0,1036.628417,50,28
1550,0,641.8023589,33,27
1551,0,1763.48639,74,44
1552,0,1925.407077,97,29
1553,0,1354.169375,69,27
1554,0,1880.044083,64,41
1555,0,1796.598575,66,37
1556,0,2378.091954,84,64
1557,0,322.1875143,44,14
1558,0,1351.911726,68,34
1559,0,335.803413,49,11
1560,0,221.1795978,33,11
1561,0,400.7064466,32,19
1562,0,174.591523,21,12
1563,0,646.0026361,73,22
1564,0,449.4296623,44,23
1565,0,2929.693359,104,44
1566,0,1966.911066,110,39
1567,0,1670.266487,56,48
1568,0,557.3767868,48,15
1569,0,157.9304234,16,15
1570,0,1244.122112,61,33
1571,0,3457.668206,94,63
1572,0,338.4023345,37,13
1573,0,663.6438004,54,22
1574,0,1127.074387,72,31
1575,0,371.864543,31,17
1576,0,980.7647303,57,26
1577,0,522.6282434,53,16
1578,0,200.6069901,31,12
1579,0,1145.695616,49,31
1580,0,718.667432,65,18
1581,0,658.1834401,56,18
1582,0,767.6706661,60,18
1583,0,414.9873891,39,15
1584,0,235.9155704,33,12
1585,0,1366.953969,92,28
1586,0,336.1621866,41,15
1587,0,382.7852638,41,14
1588,0,264.6874693,27,12
1589,0,300.3548234,27,16
1590,0,772.2909711,52,21
1591,0,6689.081479,274,81
1592,0,3018.214202,76,66
1593,0,1709.932855,83,48
1594,0,3098.684513,89,46
1595,0,40713.00705,515,188
1596,0,1793.60234,105,36
1597,0,595.8793279,54,16
1598,0,3427.42621,96,53
1599,0,305.333902,61,17
1600,0,1029.172925,44,41
1601,0,870.4090094,54,24
1602,0,3742.166982,245,26
1603,0,7104.5596,155,66
1604,0,108373.8727,551,300
1605,0,7180.062209,365,42
1606,0,39259.1511,439,177
1607,0,7977.58652,251,69
1608,0,11526.71092,280,67
1609,0,5339.25239,174,46
1610,0,820.5941591,60,20
1611,0,34788.02601,439,191
1612,0,8407.336133,157,93
1613,0,11451.00577,202,93
1614,0,2735.430538,141,41
1615,0,2865.814143,112,39
1616,0,7975.276367,119,98
1617,0,2712.679036,73,43
1618,0,1523.475549,73,36
1619,0,2535.91737,84,44
1620,0,1805.559167,94,31
1621,0,411.2771443,64,11
1622,0,1330.927841,100,19
1623,0,569.8376092,81,22
1624,0,393.9334996,58,12
1625,0,1103.517832,65,34
1626,0,255.7968826,43,13
1627,0,8767.343643,159,86
1628,0,3865.30511,142,37
1629,0,4945.161263,120,76
1630,0,2587.895801,134,34
1631,0,5334.24706,132,59
1632,0,4666.718003,121,72
1633,0,8231.493278,182,66
1634,0,1083.356501,84,22
1635,0,19174.68553,168,161
1636,0,797.9476644,75,23
1637,0,1233.93644,65,26
1638,0,2321.309456,150,31
1639,0,10854.87267,196,85
1640,0,5719.158714,186,58
1641,0,6854.764914,181,57
1642,0,9419.340425,146,85
1643,0,620.4159474,52,15
1644,0,2209.083299,154,52
1645,0,1387.841597,51,39
1646,0,191.2001192,29,11
1647,0,623.9161784,59,19
1648,0,1233.393904,88,22
1649,0,1725.832655,52,41
1650,0,5160.653102,130,69
1651,0,4551.83167,126,50
1652,0,1763.853914,101,27
1653,0,49098.86455,287,233
1654,0,17055.22564,178,150
1655,0,3589.976938,148,43
1656,0,20278.51838,219,151
1657,0,10036.56241,133,105
1658,0,11444.07531,118,118
1659,0,54503.63723,469,165
1660,0,134379.9941,823,308
1661,0,22303.0345,213,136
1662,0,31890.38601,238,212
1663,0,7093.436916,164,82
1664,0,3132.429365,142,46
1665,0,18285.20682,247,130
1666,0,34853.42076,300,183
1667,0,79488.49623,586,223
1668,0,30978.13418,560,127
1669,0,22040.53435,460,116
1670,0,2655.708055,106,40
1671,0,5424.658027,191,71
1672,0,4432.972576,150,76
1673,0,24105.39095,459,98
1674,0,21122.50326,295,104
1675,0,31025.47103,303,155
1676,0,4097.020403,184,38
1677,0,82592.67116,766,212
1678,0,90456.40211,637,348
1679,0,3240.933901,81,57
1680,0,2271.929947,114,26
1681,0,333102.9848,960,452
1682,0,14656.34232,164,118
1683,0,25965.58873,275,138
1684,0,92970.65856,436,301
1685,0,48566.12536,350,166
1686,0,33924.21099,234,216
1687,0,9756.572385,220,83
1688,0,7628.543483,184,71
1689,0,17821.35621,301,84
1690,0,6998.5019,132,67
1691,0,51237.00239,472,189
1692,0,46187.08834,351,198
1693,0,7009.212607,99,94
1694,0,8829.332735,180,80
1695,0,6076.401042,172,50
1696,0,28655.51626,204,198
1697,0,42931.50194,266,207
1698,0,99925.36506,620,289
1699,0,9198.607107,194,75
1700,0,10059.71644,154,98
1701,0,13070.84267,135,113
1702,0,5404.496696,99,73
1703,0,3012.858848,100,46
1704,0,196620.2269,978,447
1705,0,4621.425013,150,48
1706,0,36350.87915,507,132
1707,0,5463.720605,159,55
1708,0,32747.66856,307,194
1709,0,9267.491653,192,74
1710,0,2141.581344,84,36
1711,0,3900.097406,104,58
1712,0,3532.713159,78,66
1713,0,2916.357479,115,39
1714,0,2965.395716,101,43
1715,0,23163.12876,258,140
1716,0,3334.180055,82,55
1717,0,6328.137656,119,80
1718,0,1174.39751,62,28
1719,0,1000.506033,64,26
1720,0,3165.328911,90,52
1721,0,5879.513047,195,70
1722,0,20669.7392,279,121
1723,0,1066.695402,57,25
1724,0,2329.40374,107,32
1725,0,3822.252268,79,61
1726,0,2706.553632,85,49
1727,0,749.2682016,57,20
1728,0,412.3709664,32,19
1729,0,6890.204752,234,54
1730,0,5300.224814,142,54
1731,0,6589.184885,262,59
1732,0,36893.30995,610,173
1733,0,13937.58681,231,117
1734,0,18762.1133,311,106
1735,0,2119.827408,99,38
1736,0,4589.240389,138,49
1737,0,7237.602681,260,54
1738,0,5714.56466,162,50
1739,0,2074.54317,73,46
1740,0,1607.262329,87,34
1741,0,2173.64346,77,35
1742,0,100001.6001,616,258
1743,0,8274.546119,238,78
1744,0,53924.24569,450,220
1745,0,150415.7629,490,469
1746,0,8950.090705,177,80
1747,0,14662.46772,209,109
1748,0,77575.68739,627,209
1749,0,1377.2709,69,26
1750,0,945.062374,45,28
1751,0,20721.36761,255,138
1752,0,58616.2663,362,267
1753,0,10640.70229,179,80
1754,0,52054.02287,342,273
1755,0,4921.324807,130,52
1756,0,9637.011041,166,85
1757,0,5653.748147,141,57
1758,0,17130.13059,272,107
1759,0,2259.39912,91,35
1760,0,81341.74494,542,282
1761,0,4088.269825,133,50
1762,0,8364.71207,219,69
1763,0,5483.881935,120,73
1764,0,2329.753763,86,38
1765,0,4406.37082,123,46
1766,0,29825.32847,818,117
1767,0,69592.43309,1032,282
1768,0,8940.430067,125,105
1769,0,3853.054301,121,59
1770,0,8611.128333,162,77
1771,0,52419.13958,376,215
1772,0,1729.39414,90,28
1773,0,2331.993911,97,35
1774,0,7726.269933,157,128
1775,0,6227.611022,190,83
1776,0,2813.625699,163,29
1777,0,24643.86649,286,136
1778,0,11507.6395,173,90
1779,0,22696.35429,321,133
1780,0,3492.390497,179,50
1781,0,7081.107352,141,85
1782,0,5071.694731,86,81
1783,0,170674.5457,649,435
1784,0,32336.00917,214,188
1785,0,19179.51585,241,118
1786,0,2977.821536,131,36
1787,0,6126.279334,226,53
1788,0,6523.555554,254,50
1789,0,2323.278336,141,35
1790,0,5906.639838,135,63
1791,0,5702.751381,93,82
1792,0,8213.292076,194,79
1793,0,23933.70462,201,195
1794,0,4032.266129,96,69
1795,0,31140.68028,255,193
1796,0,16010.93172,190,145
1797,0,9546.880093,239,64
1798,0,9362.242907,232,53
1799,0,16531.59108,169,127
1800,0,7528.121855,154,95
1801,0,763.925419,51,26
1802,0,4974.70333,103,64
1803,0,2316.872913,158,43
1804,0,374.1046909,26,19
1805,0,193.772789,31,9
1806,0,1161.158236,130,22
1807,0,4724.436812,171,50
1808,0,722.7977046,56,20
1809,0,20233.96044,175,144
1810,0,7496.654778,135,68
1811,0,6508.552212,150,64
1812,0,4060.31978,86,60
1813,0,60119.96791,618,164
1814,0,14660.08756,164,119
1815,0,20548.31619,244,137
1816,0,2808.585366,84,46
1817,0,1057.069767,55,28
1818,0,5965.268707,122,87
1819,0,2376.656859,66,47
1820,0,1069.670598,63,26
1821,0,1191.198619,108,23
1822,0,1992.957971,97,35
1823,0,22712.99905,208,156
1824,0,9811.147534,177,125
1825,0,24904.14367,353,108
1826,0,2443.161248,127,35
1827,0,42912.83224,302,197
1828,0,13083.86353,204,89
1829,0,18565.2253,372,89
1830,0,5785.881868,314,70
1831,0,2635.673954,188,34
1832,0,1057.069766,94,16
1833,0,1272.333974,79,33
1834,0,1038.693554,82,20
1835,0,574.0378865,35,24
1836,0,3587.73679,109,54
1837,0,2530.667024,74,45
1838,0,959.7633442,53,24
1839,0,614.3605477,49,17
1840,0,886.5385114,55,24
1841,0,452.6848772,41,14
1842,0,444.1793158,43,16
1843,0,27095.5683,681,144
1844,0,4371.788537,81,75
1845,0,6297.89566,103,92
1846,0,5259.587132,142,60
1847,0,1892.644914,85,35
1848,0,2900.711447,88,43
1849,0,4720.271537,99,64
1850,0,2423.139927,67,46
1851,0,727.0679863,58,16
1852,0,1397.43223,105,19
1853,0,2305.952192,145,32
1854,0,2699.09814,123,41
1855,0,1764.116431,93,28
1856,0,7534.037246,167,74
1857,0,6073.600857,163,48
1858,0,3484.129952,106,52
1859,0,7421.364809,199,53
1860,0,25136.69902,244,189
1861,0,9023.315538,278,60
1862,0,2629.933575,81,51
1863,0,1393.371962,72,29
1864,0,3664.881882,178,42
1865,0,5826.624556,167,62
1866,0,16627.84744,233,93
1867,0,4851.320186,243,50
1868,0,827.1745934,57,25
1869,0,4444.418331,197,45
1870,0,1373.21256,82,23
1871,0,1825.370474,75,45
1872,0,1772.867009,64,39
1873,0,3093.504171,109,40
1874,0,4688.769458,105,76
1875,0,2847.787954,71,49
1876,0,3072.082757,74,61
1877,0,2694.057807,91,45
1878,0,2709.178805,69,52
1879,0,1048.389194,50,39
1880,0,7178.098754,183,64
1881,0,7887.770592,200,63
1882,0,5923.265935,146,60
1883,0,8824.082388,172,69
1884,0,2065.136299,76,36
1885,0,1321.127194,52,36
1886,0,2735.360512,88,47
1887,0,3124.446213,223,49
1888,0,1416.333478,78,37
1889,0,1081.431374,73,21
1890,0,1917.531557,132,25
1891,0,1185.108217,62,26
1892,0,3119.650897,83,51
1893,0,3542.408799,114,50
1894,0,2545.052973,100,45
1895,0,4687.824396,98,86
1896,0,1678.115755,99,27
1897,0,1735.449539,74,36
1898,0,9461.964489,249,66
1899,0,3993.203551,158,40
1900,0,1646.928697,107,43
1901,0,3580.73848,110,66
1902,0,880.3081002,67,21
1903,0,3006.260913,110,40
1904,0,6906.174557,168,66
1905,0,126178.5678,630,374
1906,0,22193.14474,368,100
1907,0,8378.152957,225,77
1908,0,14269.7418,187,108
1909,0,4560.941022,100,63
1910,0,6274.654126,101,99
1911,0,8561.845081,169,70
1912,0,1592.745121,76,28
1913,0,5938.631949,158,49
1914,0,3373.662661,113,46
1915,0,2784.503777,90,44
1916,0,4950.201713,206,58
1917,0,10988.97527,343,54
1918,0,4765.564527,199,48
1919,0,2160.517594,85,34
1920,0,5440.234055,218,116
1921,0,1068.445517,94,25
1922,0,4510.92272,212,40
1923,0,3925.509083,212,35
1924,0,971.3141066,77,21
1925,0,833.9300392,57,20
1926,0,6147.28072,265,70
1927,0,3803.771048,112,51
1928,0,3539.433602,114,45
1929,0,6507.629503,114,89
1930,0,1756.555932,96,28
1931,0,23469.04895,421,100
1932,0,2421.599825,78,41
1933,0,5232.985376,174,58
1934,0,6597.378068,172,58
1935,0,9294.933464,130,101
1936,0,1225.360874,57,32
1937,0,1429.214328,77,29
1938,0,1415.773441,71,28
1939,0,29868.45131,255,172
1940,0,10842.00023,163,99
1941,0,4025.545685,120,46
1942,0,33133.74682,269,223
1943,0,10737.02864,180,82
1944,0,3356.301516,107,44
1945,0,2676.97668,92,40
1946,0,3702.404358,96,53
1947,0,8189.980538,166,72
1948,0,1821.240202,81,31
1949,0,9793.646379,161,96
1950,0,5251.081571,93,89
1951,0,2842.117579,112,35
1952,0,3213.527092,67,64
1953,0,13748.76742,180,129
1954,0,3055.701676,93,44
1955,0,10533.17519,169,90
1956,0,6850.372124,138,67
1957,0,27199.87519,310,124
1958,0,2762.102298,79,49
1959,0,26238.45644,325,143
1960,0,6312.73664,112,75
1961,0,4294.363427,114,50
1962,0,7744.191116,197,74
1963,0,3355.741478,88,53
1964,0,3370.722467,80,57
1965,0,3262.355315,85,49
1966,0,3853.334319,68,65
1967,0,2106.859052,75,49
1968,0,2530.246996,100,39
1969,0,50361.32384,288,276
1970,0,3989.388299,133,64
1971,0,1630.232595,81,32
1972,0,11819.40508,196,83
1973,0,2703.928459,96,43
1974,0,1654.734212,73,34
1975,0,3155.45826,163,50
1976,0,19909.31401,246,146
1977,0,5064.834278,139,51
1978,0,3991.943468,150,50
1979,0,5432.918572,203,69
1980,0,2679.776865,102,46
1981,0,5938.141917,201,52
1982,0,11486.88313,318,53
1983,0,5222.344674,91,89
1984,0,5667.749071,123,77
1985,0,10960.09837,218,88
1986,0,1197.954065,51,34
1987,0,7076.592054,118,85
1988,0,1051.81942,42,34
1989,0,2179.768864,63,56
1990,0,4902.948594,119,66
1991,0,1429.84437,97,25
1992,0,18546.84909,295,99
1993,0,39334.72109,345,160
1994,0,12410.06906,262,103
1995,0,5301.604897,217,67
1996,0,3572.860808,205,57
1997,0,2862.348915,89,55
1998,0,3877.695927,99,55
1999,0,1691.311626,54,43
2000,0,3519.272272,97,56
2001,0,3366.942218,124,44
2002,0,1523.300538,49,36
2003,0,3328.859704,151,32
2004,0,3131.726693,113,41
2005,0,26149.24585,300,136
2006,0,12249.12844,129,112
2007,0,2680.196893,130,30
2008,0,3185.060331,158,48
2009,0,2862.908952,91,42
2010,0,4357.087567,83,67
2011,0,2954.895023,130,57
2012,0,3090.984004,137,33
2013,0,627.5214163,64,16
2014,0,1064.770275,65,23
2015,0,4910.404086,197,40
2016,0,13095.90433,252,101
2017,0,3447.58754,127,39
2018,0,5470.441048,100,85
2019,0,2240.14785,68,43
2020,0,2585.130618,147,33
2021,0,7562.601054,136,90
2022,0,8068.032489,182,60
2023,0,7507.120469,222,60
2024,0,8958.841282,334,62
2025,0,2269.269771,125,25
2026,0,1321.687231,69,31
2027,0,1720.433548,81,33
2028,0,2921.152796,160,37
2029,0,4130.832635,138,53
2030,0,3736.266674,141,46
2031,0,5345.072875,124,61
2032,0,988.4652385,78,21
2033,0,3097.564439,115,34
2034,0,27642.30439,282,190
2035,0,13244.04393,166,137
2036,0,14419.27167,186,127
2037,0,9606.314016,380,49
2038,0,1162.636734,105,19
2039,0,279.4584442,54,9
2040,0,469.030956,47,17
2041,0,1741.154916,111,21
2042,0,950.3127205,88,17
2043,0,911.0401286,59,21
2044,0,314.5832624,31,13
2045,0,3488.470238,192,46
2046,0,6590.514973,282,52
2047,0,4224.358807,234,51
2048,0,7021.743434,339,67
2049,0,8728.176059,265,87
2050,0,2445.121378,102,40
2051,0,8624.56922,252,86
2052,0,19656.17731,345,159
2053,0,10323.16133,221,78
2054,0,861.3368481,64,24
2055,0,1266.803609,82,22
2056,0,1994.291623,165,29
2057,0,2137.661085,106,34
2058,0,1213.04006,60,26
2059,0,2101.81872,54,51
2060,0,3420.705766,74,61
2061,0,2465.842745,66,52
2062,0,1031.588085,77,30
2063,0,978.3845733,42,37
2064,0,747.6493448,64,20
2065,0,2461.36245,101,40
2066,0,12829.88677,137,123
2067,0,2728.500081,175,32
2068,0,3312.618632,87,61
2069,0,1587.144751,88,27
2070,0,3767.998688,253,56
2071,0,6747.570339,252,89
2072,0,3127.456412,180,31
2073,0,4052.932934,96,59
2074,0,2243.64808,176,28
2075,0,4499.54697,274,36
2076,0,3428.476279,82,59
2077,0,4923.94998,195,47
2078,0,783.1766895,63,19
2079,0,822.5542885,64,26
2080,0,4128.522482,95,70
2081,0,1434.219658,53,38
2082,0,8490.685384,182,77
2083,0,1924.252,75,37
2084,0,5390.635781,150,58
2085,0,18676.95268,183,170
2086,0,3388.363632,88,52
2087,0,1252.522666,83,23
2088,0,2264.369448,141,25
2089,0,4113.10353,142,71
2090,0,1126.636858,61,35
2091,0,2436.364895,111,34
2092,0,2162.302712,94,34
2093,0,4494.716651,93,63
2094,0,8770.178831,201,62
2095,0,20507.85352,240,113
2096,0,13974.3223,245,121
2097,0,5153.740146,155,60
2098,0,2147.181714,127,32
2099,0,800.15281,67,21
2100,0,1207.159672,79,23
2101,0,822.4422811,80,23
2102,0,1140.095246,68,31
2103,0,8497.44083,248,75
2104,0,4809.597433,132,69
2105,0,4728.392073,110,68
2106,0,7245.198182,165,62
2107,0,7581.500378,130,84
2108,0,2918.098844,109,53
2109,0,3490.167851,144,45
2110,0,977.8245363,84,30
2111,0,2061.181038,103,43
2112,0,2903.861655,146,34
2113,0,8681.973009,134,94
2114,0,2849.993099,65,60
2115,0,3713.465088,75,67
2116,0,938.1319166,39,32
2117,0,2916.112463,89,45
2118,0,1155.91629,95,19
2119,0,1446.575474,106,27
2120,0,3635.75996,131,40
2121,0,8022.529486,169,73
2122,0,1156.476327,55,28
2123,0,6228.171059,266,44
2124,0,9319.575091,126,95
2125,0,9630.395605,174,75
2126,0,18486.82013,225,110
2127,0,4183.79113,76,67
2128,0,1087.766792,48,28
2129,0,1503.699244,51,35
2130,0,2890.9108,96,45
2131,0,1953.408925,56,45
2132,0,2915.552426,82,47
2133,0,3954.420991,84,65
2134,0,2528.006848,74,48
2135,0,1501.459096,70,29
2136,0,1055.109637,71,24
2137,0,2448.481599,114,33
2138,0,3344.540739,97,53
2139,0,661.8586826,50,21
2140,0,2412.639234,115,42
2141,0,1336.808229,129,24
2142,0,1268.588727,69,25
2143,0,3946.580474,179,45
2144,0,4964.727671,154,54
2145,0,1595.265287,70,31
2146,0,1698.592107,131,31
2147,0,1479.337636,101,22
2148,0,460.3503831,40,18
2149,0,1083.671522,92,18
2150,0,1054.5496,80,21
2151,0,2223.906778,154,41
2152,0,1717.493354,89,28
2153,0,27123.71016,520,93
2154,0,4583.3425,130,61
2155,0,16431.48448,265,109
2156,0,19482.56585,201,134
2157,0,24388.95342,225,137
2158,0,38390.29901,550,164
2159,0,25700.65624,478,164
2160,0,39181.96125,533,209
2161,0,48906.02373,696,153
2162,0,36465.54672,519,176
2163,0,3408.384953,99,54
2164,0,10773.71106,378,53
2165,0,6408.782979,156,71
2166,0,3564.775275,123,56
2167,0,44950.25436,483,267
2168,0,6251.272583,117,92
2169,0,5463.720605,169,55
2170,0,8898.707314,233,66
2171,0,5254.546799,97,84
2172,0,4182.216026,82,67
2173,0,1671.150296,93,33
2174,0,20667.80844,297,177
2175,0,11610.6863,259,103
2176,0,2488.804261,103,41
2177,0,10931.92151,183,85
2178,0,26386.70152,253,165
2179,0,1836.921237,105,23
2180,0,10221.79464,280,96
2181,0,8156.37832,217,70
2182,0,19946.27645,202,129
2183,0,5602.049735,93,78
2184,0,4876.52185,136,51
2185,0,5833.239993,148,52
2186,0,12729.36014,291,81
2187,0,1675.91061,102,30
2188,0,21189.55851,377,149
2189,0,8091.659048,238,74
2190,0,4580.927341,171,41
2191,0,1496.9788,57,34
2192,0,8278.921408,183,65
2193,0,1397.467233,69,29
2194,0,595.0392725,57,29
2195,0,1042.788824,68,26
2196,0,9721.68163,145,116
2197,0,29955.25704,223,179
2198,0,84800.79684,1215,269
2199,0,5291.474237,166,50
2200,0,6871.82854,233,63
2201,0,10615.32561,447,41
2202,0,3302.467963,124,41
2203,0,8710.32488,402,99
2204,0,3054.826618,113,40
2205,0,6685.441238,130,70
2206,0,6088.65185,115,86
2207,0,3093.329159,84,53
2208,0,2767.807675,89,48
2209,0,2488.664251,61,57
2210,0,914.6103642,54,29
2211,0,4434.136402,79,78
2212,0,5570.827674,150,57
2213,0,1228.896107,63,29
2214,0,18974.61232,209,160
2215,0,2309.032396,77,43
2216,0,1846.441865,57,43
2217,0,1599.465565,58,38
2218,0,2014.452954,90,38
2219,0,2479.038616,80,47
2220,0,6613.686502,168,57
2221,0,3576.361039,188,54
2222,0,985.5250445,90,23
2223,0,10015.70103,281,57
2224,0,25434.63868,954,90
2225,0,63026.55974,772,223
2226,0,9117.401747,291,86
2227,0,5286.748925,244,53
2228,0,4569.901613,269,54
2229,0,6678.440776,167,66
2230,0,84620.88497,1347,397
2231,0,5167.216035,166,58
2232,0,5168.091093,114,64
2233,0,5934.151653,118,71
2234,0,2148.301788,70,42
2235,0,2394.718051,65,50
2236,0,1962.369516,110,23
2237,0,9077.079086,129,115
2238,0,10246.43626,152,90
2239,0,7844.997769,133,81
2240,0,1531.001046,73,31
2241,0,6343.258654,160,61
2242,0,2184.984209,72,42
2243,0,2357.615602,95,34
2244,0,3610.138269,103,60
2245,0,5464.980688,109,81
2246,0,4434.232659,105,68
2247,0,1636.848032,80,25
2248,0,3494.210618,139,41
2249,0,17442.07117,287,137
2250,0,2244.208117,96,38
2251,0,1580.144289,48,44
2252,0,3390.46377,67,67
2253,0,895.6041098,44,29
2254,0,767.3906477,41,26
2255,0,393.4609683,55,12
2256,0,545.9310314,34,21
2257,0,2863.468989,81,48
2258,0,5063.084163,182,55
2259,0,3209.711841,64,63
2260,0,2881.565183,88,54
2261,0,6970.710066,152,79
2262,0,12198.30509,248,92
2263,0,24359.52317,191,186
2264,0,2973.79627,67,62
2265,0,4920.624761,146,70
2266,0,8499.26095,208,62
2267,0,7772.192964,180,91
2268,0,404.486696,57,18
2269,0,3680.702926,204,41
2270,0,2856.608536,67,54
2271,0,1329.387739,55,42
2272,0,5664.073828,164,59
2273,0,3074.602923,137,48
2274,0,7206.415623,177,59
2275,0,3781.509579,121,47
2276,0,1832.160922,100,67
2277,0,2715.479221,135,45
2278,0,2274.450113,85,39
2279,0,11098.81252,159,93
2280,0,5018.911247,186,40
2281,0,2335.879168,81,37
2282,0,2164.507857,84,36
2283,0,1616.05666,86,33
2284,0,2451.911826,88,41
2285,0,2020.508353,79,36
2286,0,2150.016901,69,43
2287,0,907.4348906,62,27
2288,0,1239.081779,63,27
2289,0,759.5501302,59,20
2290,0,2825.946512,65,60
2291,0,3199.351157,101,47
2292,0,11601.5857,125,120
2293,0,16817.06992,336,75
2294,0,48295.20748,418,170
2295,0,903.0596018,40,32
2296,0,1031.693092,46,28
2297,0,735.8885685,40,26
2298,0,1363.409985,64,25
2299,0,1184.478175,51,33
2300,0,2626.013317,89,51
2301,0,1683.471109,66,45
2302,0,8317.668965,133,90
2303,0,1206.704642,44,35
2304,0,46633.57781,515,162
2305,0,10954.32298,127,120
2306,0,7889.800726,243,45
2307,0,1574.823938,96,24
2308,0,1364.25004,84,28
2309,0,5022.411478,141,57
2310,0,4099.470564,162,46
2311,0,8364.71207,124,106
2312,0,70452.64987,362,299
2313,0,4607.984126,152,47
2314,0,13326.63956,178,94
2315,0,4088.269825,112,51
2316,0,8612.318412,193,71
2317,0,1294.105411,73,35
2318,0,1381.716193,97,23
2319,0,9823.04832,284,55
2320,0,1527.220796,114,26
2321,0,886.7835276,61,34
2322,0,1544.231919,119,23
2323,0,912.9302534,65,22
2324,0,619.9609173,53,18
2325,0,4704.835518,85,72
2326,0,679.8148677,79,13
2327,0,601.6897115,72,16
2328,0,1169.077159,85,26
2329,0,7518.49622,236,59
2330,0,2733.120386,117,44
2331,0,2111.51436,113,31
2332,0,3793.130346,110,49
2333,0,1375.590789,99,24
2334,0,1316.961919,64,29
2335,0,3844.513737,87,54
2336,0,913.5602948,67,23
2337,0,603.5798362,31,26
2338,0,762.350315,54,27
2339,0,1217.240338,63,30
2340,0,667.8440776,55,19
2341,0,1596.66538,54,41
2342,0,824.3744086,58,22
2343,0,1279.684459,82,23
2344,0,2094.538239,102,41
2345,0,2314.072728,109,53
2346,0,1969.509987,57,49
2347,0,1588.964871,82,34
2348,0,944.1873162,40,32
2349,0,628.4664787,42,22
2350,0,2262.164303,129,30
2351,0,16562.53313,210,171
2352,0,1204.639506,67,28
2353,0,432.8385673,42,17
2354,0,875.1277583,53,23
2355,0,427.168193,41,19
2356,0,1275.204163,111,27
2357,0,1957.889221,80,41
2358,0,3445.067374,107,42
2359,0,3281.256563,69,64
2360,0,993.8905967,83,17
2361,0,1597.785454,59,39
2362,0,555.0666344,56,16
2363,0,2285.475841,65,47
2364,0,844.8857623,59,24
2365,0,3646.68068,92,58
2366,0,1505.169341,103,19
2367,0,6312.071596,216,44
2368,0,7142.425596,223,81
2369,0,15424.04799,258,97
2370,0,7614.052526,178,60
2371,0,10782.53165,276,103
2372,0,12186.67205,233,105
2373,0,7009.212607,140,84
2374,0,1478.628839,90,22
2375,0,1848.121976,92,32
2376,0,1869.123362,91,28
2377,0,4027.89084,185,46
2378,0,1630.232595,91,41
2379,0,1468.346911,84,25
2380,0,3886.131484,113,61
2381,0,1541.851762,89,30
2382,0,2966.235771,231,52
2383,0,3683.118085,257,38
2384,0,7513.875915,146,77
2385,0,10079.79027,202,73
2386,0,6595.31029,145,71
2387,0,1761.491258,48,45
2388,0,2283.900737,72,39
2389,0,18452.34285,182,142
2390,0,4951.076771,155,46
2391,0,1014.191937,50,24
2392,0,10415.84745,184,88
2393,0,3069.562591,133,41
2394,0,2430.00038,89,41
2395,0,653.5631351,52,17
2396,0,1248.882426,77,23
2397,0,429.5483501,38,19
2398,0,1349.339056,77,32
2399,0,468.1558983,43,17
2400,0,721.047589,46,26
2401,0,982.8648691,76,19
2402,0,1004.566301,64,28
2403,0,593.6391801,52,16
2404,0,663.6438004,53,16
2405,0,3763.868415,210,53
2406,0,1257.247978,62,27
2407,0,1158.33145,44,38
2408,0,453.6299395,29,21
2409,0,306.2002092,34,12
2410,0,987.0651461,62,25
2411,0,21785.43784,391,118
2412,0,9373.618658,311,55
2413,0,6039.578612,179,55
2414,0,2017.078127,57,46
2415,0,597.5944412,48,20
2416,0,1304.186076,60,31
2417,0,2147.181714,97,30
2418,0,2491.184418,86,41
2419,0,2920.872777,126,36
2420,0,3956.101102,98,46
2421,0,1946.828491,107,28
2422,0,1875.00375,98,32
2423,0,810.9335216,68,17
2424,0,1295.925531,52,35
2425,0,434.0286458,45,14
2426,0,1961.004426,103,27
2427,0,1775.492182,54,49
2428,0,2753.806751,61,58
2429,0,834.805097,51,24
2430,0,1330.207867,47,40
2431,0,947.6875472,39,35
2432,0,3137.607082,65,62
2433,0,5962.713538,108,72
2434,0,6038.318528,132,67
2435,0,6851.702212,130,83
2436,0,5712.377016,185,48
2437,0,2905.751779,90,57
2438,0,1233.621419,78,23
2439,0,621.2210006,48,14
2440,0,1228.581086,147,37
2441,0,17217.77637,310,91
2442,0,5016.706102,139,78
2443,0,7185.974274,127,90
2444,0,13286.87693,212,96
2445,0,6747.74535,125,72
2446,0,4104.09087,234,55
2447,0,1809.479425,72,34
2448,0,490.592379,44,18
2449,0,2036.294395,93,44
2450,0,1176.077621,93,19
2451,0,2388.03261,77,49
2452,0,1330.962843,83,22
2453,0,2625.173261,93,39
2454,0,1631.107653,60,39
2455,0,2445.821424,129,38
2456,0,14474.57532,204,90
2457,0,5162.560728,247,48
2458,0,4511.097732,215,47
2459,0,3733.626419,206,35
2460,0,2690.277558,168,43
2461,0,2678.93681,103,44
2462,0,1899.998361,119,35
2463,0,1598.905528,67,35
2464,0,2282.710659,102,43
2465,0,1219.200467,72,30
2466,0,2064.296243,68,47
2467,0,1365.370114,104,20
2468,0,1969.08996,65,42
2469,0,2910.512094,124,37
2470,0,1038.868565,38,35
2471,0,840.0554436,41,26
2472,0,964.9436862,43,30
2473,0,2696.017937,90,50
2474,0,10636.362,538,117
2475,0,6552.43246,286,57
2476,0,87376.96687,1277,218
2477,0,9444.463334,282,83
2478,0,28107.13507,279,181
2479,0,59377.3589,356,227
2480,0,41731.71429,300,177
2481,0,7358.885686,216,64
2482,0,26070.84067,265,144
2483,0,26084.8416,381,189
2484,0,18368.65233,438,106
2485,0,2460.802413,159,27
2486,0,3289.657117,71,63
2487,0,7058.145837,330,88
2488,0,1952.288851,68,44
2489,0,2245.748219,194,24
2490,0,1858.18514,61,40
2491,0,1244.988419,72,24
2492,0,12845.00777,237,112
2493,0,9139.803226,216,72
2494,0,8761.21824,226,74
2495,0,6364.260041,189,63
2496,0,9587.832796,173,84
2497,0,1931.707493,78,45
2498,0,2789.824128,111,45
2499,0,7534.037246,259,57
2500,0,23853.37432,386,138
2501,0,8266.145565,142,81
2502,0,9718.630394,143,93
2503,0,6010.596699,242,40
2504,0,1638.108115,108,33
2505,0,5832.784963,187,55
2506,0,2409.839049,131,26
2507,0,465.530725,45,15
2508,0,6933.082583,181,54
2509,0,20695.11588,265,118
2510,0,9359.617734,155,89
2511,0,3656.866353,104,50
2512,0,2961.195439,113,34
2513,0,11657.02936,137,126
2514,0,7555.458659,150,72
2515,0,3659.491526,157,32
2516,0,3408.349951,132,38
2517,0,3817.876979,127,42
2518,0,1327.497615,57,29
2519,0,867.1822339,62,21
2520,0,827.8046351,40,29
2521,0,490.0323421,29,22
2522,0,325.5214844,23,19
2523,0,504.0332662,31,21
2524,0,1431.594485,80,28
2525,0,701.7963185,48,19
2526,0,458.530263,47,17
2527,0,4671.128294,232,39
2528,0,3780.532973,166,34
2529,0,966.4837878,64,21
2530,0,752.2696498,69,17
2531,0,1373.49065,75,26
2532,0,962.7035383,49,31
2533,0,685678.8485,1939,698
2534,0,41414.05261,326,192
2535,0,21399.53737,295,139
2536,0,31472.32717,325,162
2537,0,2805.435158,168,44
2538,0,14328.19566,195,113
2539,0,1505.974394,80,31
2540,0,4794.441433,169,47
2541,0,1603.105805,73,31
2542,0,4199.157144,123,50
2543,0,4421.491818,181,36
2544,0,42730.82023,346,257
2545,0,22713.41908,296,126
2546,0,13926.99918,253,87
2547,0,5375.794802,128,61
2548,0,6004.156274,143,57
2549,0,13493.53057,161,117
2550,0,4931.685491,84,80
2551,0,2449.041636,100,35
2552,0,2270.389845,70,42
2553,0,2865.709137,82,48
2554,0,2716.739305,93,38
2555,0,1049.509267,48,38
2556,0,1680.670924,54,40
2557,0,2034.054247,63,45
2558,0,2076123.581,1912,1658
2559,0,3854.594403,130,46
2560,0,2886.850532,95,48
2561,0,5386.855532,213,59
2562,0,5202.88339,198,62
2563,0,3564.901283,264,28
2564,0,1290.955203,55,31
2565,0,3036.170387,111,39
2566,0,1297.88566,122,20
2567,0,1207.789714,84,21
2568,0,157310.3925,1024,281
2569,0,25510.30493,344,134
2570,0,446.909496,47,12
2571,0,6870.300106,371,94
2572,0,13933.01958,300,106
2573,0,241452.7872,1711,516
2574,0,4568.841833,130,55
2575,0,3713.030174,109,60
2576,0,20230.38958,218,146
2577,0,2131.780697,119,33
2578,0,337953.6545,1435,502
2579,0,7054.86437,210,78
2580,0,4549.057737,123,57
2581,0,70666.02156,372,289
2582,0,934117.1516,1313,1081
2583,0,124401.0105,926,310
2584,0,7627.878439,101,101
2585,0,3427.601221,90,50
2586,0,164897.1966,775,416
2587,0,53018.87424,356,255
2588,0,77247.47333,354,340
2589,0,21529.04591,219,142
2590,0,4738.437736,154,53
2591,0,5544.365928,126,58
2592,0,3947.385527,84,82
2593,0,7433.615618,141,94
2594,0,71716.49653,322,312
2595,0,2052.010432,71,43
2596,0,3467.853878,111,52
2597,0,5197.405528,114,67
2598,0,4929.85662,141,71
2599,0,47862.1589,288,204
2600,0,49812.66263,415,209
2601,0,5408.731976,245,54
2602,0,7420.489751,318,76
2603,0,3520.357343,172,41
2604,0,1289.835129,68,26
2605,0,5877.58792,188,48
2606,0,13622.89911,214,98
2607,0,2474.803337,74,52
2608,0,3324.939446,165,52
2609,0,7897.641244,113,92
2610,0,3756.727944,124,51
2611,0,1566.983421,99,33
2612,0,1090.391966,74,26
2613,0,26626.39734,319,122
2614,0,19256.31091,419,117
2615,0,25666.41931,283,153
2616,0,14959.70734,226,100
2617,0,9303.614037,117,108
2618,0,668435.6167,1075,791
2619,0,195608.2226,1489,387
2620,0,13881.04115,163,128
2621,0,9394.620044,218,74
2622,0,4234.40447,100,65
2623,0,9557.380786,126,104
2624,0,1769.366778,91,26
2625,0,3704.119471,95,53
2626,0,6707.422689,127,74
2627,0,1940.528075,86,37
2628,0,33036.86043,253,175
2629,0,119930.9354,567,381
2630,0,301051.5094,803,499
2631,0,41097.61244,491,128
2632,0,41909.70558,407,167
2633,0,76671.02028,626,230
2634,0,8976.83247,156,97
2635,0,10033.62222,210,96
2636,0,44988.88926,687,237
2637,0,127865.3991,786,437
2638,0,46733.30343,280,208
2639,0,42018.97017,509,165
2640,0,4914.884382,164,56
2641,0,211586.4447,820,434
2642,0,7125.910309,182,66
2643,0,9146.52367,164,72
2644,0,4012.104799,89,58
2645,0,2121.139995,68,47
2646,0,938.9369697,54,27
2647,0,5686.125284,112,72
2648,0,82840.62372,438,314
2649,0,43602.23774,301,225
2650,0,82621.13299,420,255
2651,0,45871.50751,339,190
2652,0,20365.1841,203,130
2653,0,51173.93747,395,202
2654,0,8301.98793,198,72
2655,0,9030.035981,167,80
2656,0,10235.23552,135,97
2657,0,45705.73657,325,240
2658,0,9989.939335,147,92
2659,0,35317.61096,233,224
2660,0,6558.732876,189,48
2661,0,3623.999183,126,53
2662,0,3341.740555,115,37
2663,0,28537.10345,276,157
2664,0,12042.61481,139,119
2665,0,3455.961843,168,38
2666,0,3282.341634,101,58
2667,0,26072.56454,286,147
2668,0,1401.842521,54,36
2669,0,15561.80833,192,138
2670,0,6734.444473,186,63
2671,0,3632.364736,100,51
2672,0,3165.958953,102,49
2673,0,1911.126134,106,26
2674,0,711.3169469,64,17
2675,0,2868.894347,119,51
2676,0,6520.300339,128,72
2677,0,2274.310104,88,47
2678,0,1806.679241,89,28
2679,0,10831.46488,173,94
2680,0,3174.709531,111,51
2681,0,2361.115833,77,46
2682,0,1354.274382,60,31
2683,0,3034.280262,83,49
2684,0,9775.410176,210,75
2685,0,1968.879946,74,43
2686,0,1534.466275,78,27
2687,0,1357.739611,59,34
2688,0,7012.222806,107,104
2689,0,7393.04794,176,103
2690,0,1447.695548,102,25
2691,0,2104.058868,82,42
2692,0,2552.648475,145,45
2693,0,11355.86949,240,75
2694,0,4502.697177,204,41
2695,0,2170.703266,59,49
2696,0,2302.871989,84,37
2697,0,1156.756346,45,32
2698,0,2535.287329,97,38
2699,0,1236.141585,45,40
2700,0,1430.334402,48,43
2701,0,708.4467574,50,22
2702,0,399661.477,1433,422
2703,0,20734.8085,264,120
2704,0,143880.1013,747,308
2705,0,29573.87187,332,125
2706,0,40362.98395,329,206
2707,0,675431.1,1371,891
2708,0,203240.7815,561,520
2709,0,14412.83125,180,102
2710,0,5907.269879,94,80
2711,0,6919.816707,150,75
2712,0,5091.856062,182,41
2713,0,11001.36609,167,117
2714,0,1637.548078,68,37
2715,0,6274.654127,118,79
2716,0,4520.61836,109,58
2717,0,4610.224274,132,46
2718,0,4003.144207,120,58
2719,0,1718.753438,98,30
2720,0,2226.146926,63,44
2721,0,4112.771443,82,70
2722,0,3503.731246,96,48
2723,0,7121.430014,223,46
2724,0,3364.70207,80,54
2725,0,1092.492104,45,29
2726,0,4198.597107,95,58
2727,0,2163.562795,62,49
2728,0,6496.988801,123,86
2729,0,3579.896273,78,65
2730,0,2184.144153,99,37
2731,0,5441.319127,155,68
2732,0,7815.875847,126,88
2733,0,15530.94504,453,132
2734,0,4818.558024,175,52
2735,0,4824.158394,89,70
2736,0,2447.921563,102,59
2737,0,3704.119471,143,45
2738,0,7988.402234,195,58
2739,0,4471.545122,190,41
2740,0,1933.002578,91,32
2741,0,1238.241724,47,40
2742,0,1463.376583,66,30
2743,0,1576.504049,60,39
2744,0,5299.909794,147,53
2745,0,3685.743259,93,53
2746,0,9083.79953,276,60
2747,0,7844.997769,156,84
2748,0,5327.071586,128,57
2749,0,4890.242756,152,45
2750,0,3891.136815,151,44
2751,0,10445.14341,134,111
2752,0,58920.36874,795,262
2753,0,8501.361089,219,64
2754,0,4802.876989,234,53
2755,0,9027.795834,212,63
2756,0,37412.70924,516,165
2757,0,30569.05755,552,125
2758,0,22501.30508,281,154
2759,0,6943.058241,189,74
2760,0,3012.858848,111,46
2761,0,2085.437639,99,33
2762,0,3261.095232,136,37
2763,0,4881.07215,94,66
2764,0,3793.375362,109,48
2765,0,17786.77393,215,133
2766,0,22681.49698,497,135
2767,0,16106.66304,192,122
2768,0,19773.78507,420,83
2769,0,14793.9364,244,121
2770,0,3835.133118,210,34
2771,0,3223.572756,141,38
2772,0,14870.10143,493,83
2773,0,2432.800565,113,48
2774,0,2027.333804,83,38
2775,0,5332.986976,197,55
2776,0,715.1409492,49,18
2777,0,869.1511139,53,24
2778,0,1535.411337,98,27
2779,0,1177.232697,76,27
2780,0,401.546502,33,19
2781,0,558.3568515,53,14
2782,0,395.3860954,41,20
2783,0,2688.737456,79,45
2784,0,1600.025601,90,28
2785,0,1599.465565,136,25
2786,0,1832.370936,77,37
2787,0,1702.862389,100,40
2788,0,770.0508232,60,18
2789,0,1586.479707,96,43
2790,0,880.9381418,55,24
2791,0,1169.357177,53,27
2792,0,900.6444425,70,18
2793,0,925.216064,120,13
2794,0,916.7105028,133,10
2795,0,610.5102936,59,15
2796,0,1406.567833,86,25
2797,0,4600.178611,129,53
2798,0,5188.217422,106,75
2799,0,2447.536537,115,37
2800,0,2005.177341,59,47
2801,0,2696.927997,96,41
2802,0,4076.894075,147,64
2803,0,3467.748871,97,50
2804,0,2482.083817,104,39
2805,0,3578.076153,128,41
2806,0,1898.805321,72,44
2807,0,1852.042235,130,27
2808,0,2847.787954,63,60
2809,0,907.259879,49,24
2810,0,596.439365,45,22
2811,0,2736.900635,106,38
2812,0,2165.102897,78,42
2813,0,987.9052017,42,32
2814,0,1365.370114,56,40
2815,0,51098.99753,1232,131
2816,0,13459.06423,550,49
2817,0,6926.957178,223,45
2818,0,8225.262867,205,83
2819,0,5701.736314,106,73
2820,0,3461.028428,97,54
2821,0,4841.694551,269,79
2822,0,1876.123824,120,27
2823,0,3642.865429,159,39
2824,0,15348.37299,269,97
2825,0,8206.921656,201,85
2826,0,11047.14911,207,93
2827,0,2555.448659,106,38
2828,0,1557.462792,72,31
2829,0,967.7438711,42,28
2830,0,3450.107707,81,63
2831,0,5969.013954,113,68
2832,0,914.820378,38,34
2833,0,1214.160134,103,36
2834,0,1374.715731,147,28
2835,0,10387.81059,344,60
2836,0,1577.72913,91,26
2837,0,2381.032148,112,28
2838,0,996.6907815,39,32
2839,0,1038.693554,76,22
2840,0,736.7986286,60,20
2841,0,407.1468716,40,15
2842,0,1018.707235,98,19
2843,0,479.9516768,30,20
2844,0,304.1000706,21,21
2845,0,8438.076912,277,62
2846,0,934.7016903,64,28
2847,0,808.1333367,54,23
2848,0,2530.246996,106,37
2849,0,1275.7642,78,28
2850,0,1305.131139,55,35
2851,0,254.5367994,18,17
2852,0,280.0534835,31,13
2853,0,5815.983854,177,46
2854,0,1126.794368,87,20
2855,0,1092.072077,83,19
2856,0,9475.265366,220,99
2857,0,1264.003424,99,27
2858,0,2317.43295,114,42
2859,0,1334.492356,72,29
2860,0,1032.323133,76,23
2861,0,1066.695402,37,36
2862,0,634.4168714,46,20
2863,0,1201.454296,86,21
2864,0,624.7912362,56,16
2865,0,588.9138682,61,15
2866,0,898.6843131,81,21
2867,0,876.8078692,74,17
2868,0,394.2135181,30,17
2869,0,473.8437736,40,17
2870,0,2219.426482,60,56
2871,0,987.27516,53,29
2872,0,553.8765558,35,20
2873,0,977.2644993,54,24
2874,0,2806.905255,102,50
2875,0,3129.486546,93,45
2876,0,1160.396586,61,28
2877,0,5438.518942,130,61
2878,0,1163.056762,56,34
2879,0,4605.603969,207,60
2880,0,6565.59435,167,61
2881,0,4923.144927,92,68
2882,0,1467.996888,76,29
2883,0,6956.919156,111,91
2884,0,4775.715197,84,83
2885,0,4590.482971,125,49
2886,0,1503.279216,94,23
2887,0,3306.458226,150,52
2888,0,1145.415597,85,22
2889,0,677.924743,58,26
2890,0,3978.012548,200,49
2891,0,2616.422684,174,21
2892,0,949.2626513,102,40
2893,0,1164.876882,54,32
2894,0,2303.432026,105,29
2895,0,2857.868619,74,52
2896,0,4729.09212,85,73
2897,0,747.229317,41,25
2898,0,1198.33909,81,43
2899,0,9400.220414,142,103
2900,0,5173.901477,130,53
2901,0,9024.71563,194,76
2902,0,15906.0298,360,93
2903,0,11465.49672,177,127
2904,0,5547.866158,137,66
2905,0,2110.639302,114,28
2906,0,11163.11176,148,106
2907,0,6271.538921,176,56
2908,0,8687.573379,253,60
2909,0,2321.528221,105,37
2910,0,10953.97296,178,83
2911,0,2513.165869,104,32
2912,0,3842.378596,122,68
2913,0,2007.382487,101,29
2914,0,4926.575153,79,78
2915,0,2567.419449,63,54
2916,0,17495.90473,160,151
2917,0,12011.04273,146,98
2918,0,44189.54151,282,215
2919,0,5769.25577,140,66
2920,0,7321.608225,158,59
2921,0,2059.885952,94,29
2922,0,4435.667754,106,59
2923,0,8361.176837,144,76
2924,0,1755.365854,99,33
2925,0,6836.82623,161,58
2926,0,20403.72164,199,166
2927,0,37119.07486,365,176
2928,0,7156.22231,121,85
2929,0,3824.877442,105,63
2930,0,24481.49078,296,153
2931,0,23920.57876,356,163
2932,0,10791.17064,222,73
2933,0,26282.35963,333,124
2934,0,4121.52202,100,59
2935,0,9175.855606,207,82
2936,0,3262.215306,114,41
2937,0,18928.88049,227,137
2938,0,30393.38096,242,200
2939,0,12419.6947,198,81
2940,0,5116.462686,174,53
2941,0,3132.706758,107,45
2942,0,16026.68276,179,122
2943,0,12599.08154,244,96
2944,0,1647.558739,88,29
2945,0,5223.674762,93,85
2946,0,11560.00296,289,77
2947,0,6064.780275,144,70
2948,0,45838.04531,350,209
2949,0,8331.669889,175,83
2950,0,9111.661369,188,72
2951,0,9867.711268,134,97
2952,0,14920.64476,222,89
2953,0,5163.820812,115,57
2954,0,5419.232669,188,72
2955,0,1458.757599,61,39
2956,0,15116.6227,179,132
2957,0,1414.09333,81,28
2958,0,2924.443013,79,46
2959,0,2276.025217,74,41
2960,0,14663.34278,191,92
2961,0,11263.74341,149,97
2962,0,4020.890378,173,34
2963,0,9167.980086,176,72
2964,0,70299.51476,343,261
2965,0,5090.210953,101,73
2966,0,47888.23892,309,241
2967,0,15291.63425,169,140
2968,0,14999.36496,248,109
2969,0,130952.3928,859,304
2970,0,5438.483939,113,70
2971,0,3676.992681,135,44
2972,0,5346.602875,191,44
2973,0,2958.570265,66,58
2974,0,6107.903121,124,61
2975,0,29013.41488,648,187
2976,0,22012.95285,730,122
2977,0,10041.28772,404,71
2978,0,3531.980624,131,49
2979,0,246136.2911,2633,650
2980,0,5869.012354,210,62
2981,0,9723.641759,233,83
2982,0,6940.958103,168,64
2983,0,996.6907815,80,22
2984,0,1221.580624,57,34
2985,0,1842.871629,106,35
2986,0,1428.93431,45,40
2987,0,2482.363836,66,49
2988,0,1260.083165,66,29
2989,0,1791.838261,74,35
2990,0,1137.855098,68,31
2991,0,1959.429322,101,29
2992,0,7501.275083,142,82
2993,0,2302.171943,69,44
2994,0,1639.368198,65,40
2995,0,836.6952218,57,22
2996,0,1588.229823,99,32
2997,0,3163.33378,72,58
2998,0,3426.726164,140,37
2999,0,2494.789656,168,35
3000,0,16095.81232,477,114
3001,0,5815.633831,256,72
3002,0,3716.37028,101,54
3003,0,2535.287329,127,41
3004,0,4236.399602,80,67
3005,0,1084.931605,56,26
3006,0,5094.516237,213,51
3007,0,2618.452818,126,39
3008,0,3818.051991,130,39
3009,0,7809.666873,224,76
3010,0,2726.81997,91,36
3011,0,3269.915814,88,49
3012,0,4070.348643,98,66
3013,0,2273.882178,87,40
3014,0,10733.66842,193,90
3015,0,5926.871173,162,51
3016,0,4484.215958,96,58
3017,0,17621.56302,179,136
3018,0,16998.24188,163,136
3019,0,4639.906233,132,50
3020,0,8824.082388,138,103
3021,0,995.8157238,64,21
3022,0,1408.842984,58,31
3023,0,8152.038034,179,68
3024,0,7630.503612,200,64
3025,0,2150.016901,111,33
3026,0,12884.35037,142,131
3027,0,11703.0224,143,121
3028,0,10717.70737,187,99
3029,0,8544.938965,136,89
3030,0,40258.39705,461,141
3031,0,55310.5751,549,181
3032,0,3952.88089,144,52
3033,0,5070.574658,146,48
3034,0,2738.160718,117,31
3035,0,6744.070108,118,91
3036,0,28631.8897,327,142
3037,0,2170.143229,103,32
3038,0,2840.437468,120,37
3039,0,2758.18204,151,30
3040,0,1190.953603,68,27
3041,0,4008.63957,180,34
3042,0,2206.020597,85,36
3043,0,4567.661465,81,75
3044,0,5062.73414,178,50
3045,0,6447.425529,164,66
3046,0,33707.22467,825,100
3047,0,8544.063907,216,73
3048,0,5029.831968,85,78
3049,0,5533.865235,144,99
3050,0,2033.63422,139,28
3051,0,4086.51971,135,56
3052,0,2516.6661,98,37
3053,0,2681.176958,91,52
3054,0,3284.966807,77,60
3055,0,9470.750069,216,70
3056,0,7711.008926,134,99
3057,0,7412.614232,195,56
3058,0,4395.415097,100,60
3059,0,4789.191086,163,60
3060,0,1970.630061,66,52
3061,0,31211.97999,627,108
3062,0,4125.022251,156,52
3063,0,11656.64434,508,59
3064,0,6338.04331,213,53
3065,0,19341.40153,611,139
3066,0,6183.158088,182,51
3067,0,34050.24731,663,100
3068,0,4368.288307,121,54
3069,0,1995.131679,123,20
3070,0,7480.868737,161,91
3071,0,1409.718041,158,26
3072,0,11871.03349,209,106
3073,0,5134.838899,129,57
3074,0,20409.84705,181,140
3075,0,8318.299007,186,65
3076,0,3764.008424,122,50
3077,0,1384.971408,124,19
3078,0,3042.680817,119,35
3079,0,4479.595653,115,57
3080,0,1283.079683,75,28
3081,0,67669.30117,732,193
3082,0,1655.119238,94,26
3083,0,1831.530881,82,37
3084,0,2712.959055,153,32
3085,0,42471.3481,555,155
3086,0,57157.02236,412,204
3087,0,3215.732238,215,40
3088,0,6184.488176,254,43
3089,0,15184.00214,275,145
3090,0,4992.449501,164,55
3091,0,5246.846291,258,60
3092,0,11243.61708,195,75
3093,0,2347.779953,69,43
3094,0,3967.511855,95,56
3095,0,84484.936,865,245
3096,0,6870.533455,223,48
3097,0,1895.165081,93,31
3098,0,4928.325269,142,59
3099,0,38185.56024,1132,214
3100,0,4971.203099,141,61
3101,0,3091.579044,164,44
3102,0,23028.01985,330,132
3103,0,7329.903773,189,60
3104,0,4487.156152,211,38
3105,0,3705.904589,201,38
3106,0,11050.92936,198,81
3107,0,8868.465318,223,96
3108,0,3870.975484,179,48
3109,0,2022.43348,125,24
3110,0,1198.33909,78,27
3111,0,6699.86219,140,72
3112,0,5039.072578,159,58
3113,0,20350.34312,399,81
3114,0,45476.40144,639,217
3115,0,33801.73091,496,171
3116,0,7880.560116,208,65
3117,0,4085.189622,172,43
3118,0,9109.141202,168,91
3119,0,33327.93964,545,125
3120,0,44556.43949,688,200
3121,0,24944.60634,364,162
3122,0,19777.00528,280,144
3123,0,30216.7943,328,181
3124,0,1416.333478,108,19
3125,0,1309.0864,101,26
3126,0,8770.703866,212,63
3127,0,9746.883293,288,55
3128,0,7735.230524,233,84
3129,0,7809.155403,164,90
3130,0,11364.27004,172,99
3131,0,9135.322931,217,105
3132,0,7280.480511,175,68
3133,0,5206.103602,130,62
3134,0,71238.94176,370,356
3135,0,101286.0449,484,468
3136,0,65808.82338,433,237
3137,0,61026.10772,424,280
3138,0,16551.71741,330,120
3139,0,78206.53662,349,344
3140,0,23301.03787,318,121
3141,0,4762.939354,116,61
3142,0,2235.772561,100,36
3143,0,5811.258542,221,69
3144,0,5852.386257,174,45
3145,0,7805.515163,287,60
3146,0,8717.325343,173,90
3147,0,6254.037766,218,44
3148,0,15925.17606,206,122
3149,0,42181.28396,428,178
3150,0,43331.98491,368,186
3151,0,3717.245338,105,53
3152,0,1555.852686,79,28
3153,0,2250.648542,167,24
3154,0,4307.909322,132,45
3155,0,28991.99347,637,173
3156,0,11384.43137,403,168
3157,0,7735.230524,240,59
3158,0,21167.71707,268,171
3159,0,3760.998225,96,53
3160,0,1464.84668,97,23
3161,0,2742.431,85,38
3162,0,5871.856292,201,43
3163,0,13510.45419,199,134
3164,0,2246.098242,119,27
3165,0,3994.463634,106,51
3166,0,132432.5355,586,315
3167,0,5974.054287,87,82
3168,0,4449.353657,92,58
3169,0,18764.42993,300,89
3170,0,39879.11202,519,163
3171,0,10853.0963,148,97
3172,0,16229.24113,349,78
3173,0,21717.40735,306,117
3174,0,32697.89806,282,181
3175,0,13709.70484,218,96
3176,0,2420.619761,65,51
3177,0,15652.75308,306,82
3178,0,2109.379219,142,20
3179,0,24811.03753,297,129
3180,0,5034.032246,177,50
3181,0,8234.643486,136,111
3182,0,19610.6743,269,115
3183,0,2639.874231,133,30
3184,0,4279.24243,107,60
3185,0,10083.18549,220,67
3186,0,3796.630577,130,49
3187,0,79833.82902,427,374
3188,0,11617.96678,146,134
3189,0,3637.860098,116,49
3190,0,5209.183806,131,56
3191,0,10341.50254,173,120
3192,0,4332.165923,253,43
3193,0,4913.064262,211,41
3194,0,11491.95847,340,124
3195,0,2725.559887,153,27
3196,0,3153.988163,179,41
3197,0,2530.246996,114,44
3198,0,3261.095232,119,46
3199,0,6045.879027,130,68
3200,0,10047.90316,324,59
3201,0,6838.471338,255,69
3202,0,4402.73058,222,33
3203,0,4225.058854,254,49
3204,0,12641.15431,227,134
3205,0,4982.368836,180,50
3206,0,2670.116227,185,40
3207,0,178844.3037,563,439
3208,0,46486.56811,268,255
3209,0,33784.22976,319,150
3210,0,12684.8372,153,124
3211,0,57029.26393,366,265
3212,0,18019.18927,320,100
3213,0,9276.732263,175,77
3214,0,56178.28776,326,279
3215,0,58925.26906,497,203
3216,0,7774.71313,148,89
3217,0,12395.4381,198,85
3218,0,91722.71369,606,260
3219,0,10335.20212,207,79
3220,0,8878.545983,365,59
3221,0,49176.00561,396,204
3222,0,43398.5243,374,190
3223,0,3412.305212,129,44
3224,0,3354.341386,171,27
3225,0,13154.00816,237,92
3226,0,57690.70258,649,239
3227,0,182561.7311,615,518
3228,0,14173.31044,216,125
3229,0,22037.45447,246,127
3230,0,2121.139995,149,32
3231,0,3789.875131,127,42
3232,0,2981.321767,126,50
3233,0,1961.004426,76,38
3234,0,4023.515552,149,56
3235,0,3716.37028,130,42
3236,0,4072.518786,123,48
3237,0,7600.821653,234,66
3238,0,8151.898024,154,81
3239,0,21586.06468,265,124
3240,0,8062.292111,165,61
3241,0,13470.00902,196,91
3242,0,12349.93509,195,107
3243,0,8402.794583,178,100
3244,0,58320.00912,433,251
3245,0,48017.00912,521,141
3246,0,16656.72434,219,130
3247,0,55696.13094,740,243
3248,0,5176.98168,250,41
3249,0,7432.810565,187,83
3250,0,8118.295807,172,75
3251,0,4180.115887,123,53
3252,0,6272.413979,164,66
3253,0,17796.15454,711,103
3254,0,10001.28008,457,66
3255,0,3216.992321,96,44
3256,0,5075.61499,197,38
3257,0,8681.853858,248,58
3258,0,2235.387535,152,34
3259,0,3090.038942,99,47
3260,0,7017.403148,304,78
3261,0,30441.08911,307,192
3262,0,2673.056421,68,53
3263,0,7741.390931,284,46
3264,0,3641.920366,214,41
3265,0,7323.603357,319,77
3266,0,7242.958035,116,107
3267,0,1097.112409,56,30
3268,0,8715.855245,138,102
3269,0,13224.15279,236,93
3270,0,10978.47458,369,155
3271,0,13629.02451,331,110
3272,0,7565.749339,154,73
3273,0,1718.753438,67,36
3274,0,1554.102571,46,44
3275,0,7772.192964,189,65
3276,0,26218.55042,284,190
3277,0,4829.898773,97,68
3278,0,3219.512487,131,40
3279,0,1843.501671,85,28
3280,0,1484.377969,69,39
3281,0,10444.68935,250,144
3282,0,17357.6456,421,112
3283,0,18454.09297,248,147
3284,0,4817.192934,139,64
3285,0,10361.55886,262,132
3286,0,812.0535954,80,25
3287,0,2402.033534,124,30
3288,0,1444.720351,131,39
3289,0,3190.46057,118,41
3290,0,1712.488024,127,22
3291,0,8259.670137,182,71
3292,0,2393.282956,100,37
3293,0,29951.47679,373,128
3294,0,12082.79746,278,77
3295,0,9072.598791,324,69
3296,0,3332.219926,110,46
3297,0,16062.56013,347,105
3298,0,78037.65048,1193,256
3299,0,12523.82657,185,91
3300,0,10063.16417,245,64
3301,0,6791.568243,148,71
3302,0,8193.900797,198,60
3303,0,7051.98543,159,64
3304,0,8508.081533,137,97
3305,0,7195.354893,168,62
3306,0,6115.603629,195,51
3307,0,1971.330108,138,30
3308,0,1603.94586,67,36
3309,0,3348.04097,189,63
3310,0,7026.22373,280,94
3311,0,15999.55597,413,79
3312,0,1642.483404,118,28
3313,0,121573.5238,547,416
3314,0,14830.47881,228,102
3315,0,15738.43874,239,97
3316,0,39930.77543,645,127
3317,0,4014.761473,128,43
3318,0,52506.82544,816,234
3319,0,5522.944514,230,55
3320,0,5012.610832,101,73
3321,0,11941.80816,173,93
3322,0,10563.27718,189,98
3323,0,1108.873185,66,26
3324,0,1513.359882,74,28
3325,0,1503.279216,52,46
3326,0,9063.778208,414,144
3327,0,9024.71563,200,79
3328,0,10304.96013,547,47
3329,0,5969.013954,223,89
3330,0,1304.186076,84,37
3331,0,3482.869869,132,35
3332,0,960.183372,93,20
3333,0,4688.769458,103,81
3334,0,3801.67091,120,51
3335,0,14775.7352,419,89
3336,0,4301.923926,79,76
3337,0,8538.323528,401,62
3338,0,1931.707493,118,28
3339,0,2099.298554,112,29
3340,0,3409.785046,149,35
3341,0,1567.228437,139,17
3342,0,1419.343677,88,34
3343,0,2659.300514,152,46
3344,0,6815.824844,210,59
3345,0,9539.004573,492,67
3346,0,20998.76092,704,118
3347,0,16683.85113,233,120
3348,0,13069.86261,178,135
3349,0,2712.259009,136,48
3350,0,8528.242863,162,77
3351,0,1643.148448,91,47
3352,0,7210.195872,185,53
3353,0,1825.860507,131,27
3354,0,9420.381744,134,119
3355,0,9574.111891,257,86
3356,0,5207.923723,170,52
3357,0,1858.622669,114,26
3358,0,1140.375265,85,22
3359,0,1943.503271,81,36
3360,0,2383.657321,132,42
3361,0,925.8111034,80,19
3362,0,5936.391801,175,48
3363,0,2186.384301,73,36
3364,0,17966.26577,242,103
3365,0,7862.918952,213,65
3366,0,5544.365928,104,97
3367,0,18747.51733,161,155
3368,0,15165.1009,156,134
3369,0,8933.989642,172,74
3370,0,12137.81228,167,115
3371,0,3358.121636,169,36
3372,0,69563.59119,696,279
3373,0,6228.661091,189,78
3374,0,7804.675108,151,87
3375,0,24593.04314,231,183
3376,0,5452.484863,209,45
3377,0,53496.65577,491,191
3378,0,37492.72452,422,133
3379,0,3108.205141,182,51
3380,0,162649.6099,744,476
3381,0,83730.77622,643,319
3382,0,8112.415419,189,58
3383,0,12494.00123,280,127
3384,0,24433.01258,279,168
3385,0,13964.24164,270,71
3386,0,22318.59302,296,233
3387,0,4218.758438,129,47
3388,0,2337.060496,109,31
3389,0,1768.49172,90,27
3390,0,5050.973364,187,78
3391,0,2363.355981,83,41
3392,0,8438.146917,165,99
3393,0,11098.35749,298,123
3394,0,40590.42896,385,174
3395,0,2731.055249,109,35
3396,0,2710.928921,118,35
3397,0,10378.18496,152,142
3398,0,2989.197287,148,36
3399,0,4591.428034,173,62
3400,0,7027.58882,138,70
3401,0,56664.36484,343,259
3402,0,17011.99779,249,98
3403,0,4488.171219,151,47
3404,0,5147.299721,135,66
3405,0,11664.44985,178,104
3406,0,41998.29188,465,133
3407,0,3440.867097,101,44
3408,0,4249.560471,196,50
3409,0,25282.30863,213,204
3410,0,6830.210793,123,79
3411,0,5094.09621,121,57
3412,0,34168.97515,305,159
3413,0,18512.58183,218,102
3414,0,19462.40452,251,128
3415,0,12059.83595,197,90
3416,0,2936.833831,129,40
3417,0,13608.33815,254,108
3418,0,3943.780289,76,72
3419,0,2930.113387,102,38
3420,0,40537.71548,356,187
3421,0,10401.00647,321,71
3422,0,46630.95264,459,147
3423,0,14433.20259,248,84
3424,0,4006.014396,134,55
3425,0,7332.983976,105,89
3426,0,46121.66903,279,202
3427,0,57222.65169,367,281
3428,0,6989.681318,179,58
3429,0,6537.311462,128,69
3430,0,21345.80882,241,161
3431,0,6018.717235,141,71
3432,0,50035.82383,512,249
3433,0,11475.99626,228,111
3434,0,75354.6534,382,319
3435,0,7706.668639,218,94
3436,0,4497.096808,151,40
3437,0,7100.148609,238,78
3438,0,1686.236292,133,18
3439,0,12942.10418,219,85
3440,0,26324.36241,226,153
3441,0,24994.27462,273,153
3442,0,16922.07686,188,152
3443,0,4298.843723,119,53
3444,0,4556.425724,133,42
3445,0,2241.022907,93,44
3446,0,4361.287845,95,65
3447,0,1425.469081,97,28
3448,0,3280.591519,151,51
3449,0,1822.920313,117,24
3450,0,6036.638418,115,79
3451,0,2899.871391,83,50
3452,0,5772.300971,265,62
3453,0,4566.541391,92,70
3454,0,2657.515396,165,35
3455,0,7164.832878,131,74
3456,0,3203.586436,85,55
3457,0,3869.295373,150,56
3458,0,20898.4793,352,77
3459,0,13092.26409,457,92
3460,0,31145.4756,302,159
3461,0,5716.997321,240,78
3462,0,2717.999388,199,26
3463,0,16576.39404,199,193
3464,0,32176.22363,296,188
3465,0,24838.75936,412,156
3466,0,3641.115313,117,53
3467,0,12610.45729,251,172
3468,0,3660.401586,149,51
3469,0,25367.43425,614,117
3470,0,4205.31755,147,44
3471,0,2146.06164,83,33
3472,0,47004.46229,461,188
3473,0,1949.628675,109,25
3474,0,2150.891959,117,34
3475,0,4513.547894,145,61
3476,0,11753.77575,297,120
3477,0,1932.12752,154,23
3478,0,3242.088977,208,29
3479,0,11901.66051,158,103
3480,0,1232.956375,103,35
3481,0,37403.46863,314,193
3482,0,6009.896653,129,62
3483,0,6023.897577,117,89
3484,0,15184.00214,268,109
3485,0,5883.013278,195,43
3486,0,3125.706296,135,40
3487,0,3711.36495,128,41
3488,0,4962.487524,131,70
3489,0,2705.678574,111,36
3490,0,1596.980401,100,24
3491,0,2472.038154,105,35
3492,0,36073.38084,343,163
3493,0,8581.691391,176,68
3494,0,9303.614038,192,68
3495,0,4538.924569,112,56
3496,0,3859.214708,174,43
3497,0,1457.776213,98,22
3498,0,1961.809479,142,49
3499,0,3494.980668,74,59
3500,0,2811.560563,94,46
3501,0,806.8032489,75,17
3502,0,1533.521212,111,50
3503,0,672.8844102,70,19
3504,0,1344.508737,65,30
3505,0,7106.869053,151,71
3506,0,1492.848528,110,33
3507,0,2308.402354,145,33
3508,0,3042.138281,117,36
3509,0,1533.661221,82,31
3510,0,11634.76789,184,102
3511,0,16258.57306,226,95
3512,0,14612.58943,180,128
3513,0,80570.06762,678,182
3514,0,84355.00742,406,391
3515,0,35538.12551,527,155
3516,0,26171.92734,624,128
3517,0,12934.75369,195,94
3518,0,7038.824562,180,75
3519,0,22135.88097,379,153
3520,0,77252.66533,523,252
3521,0,11029.22793,207,74
3522,0,7245.478201,202,49
3523,0,18140.15725,269,163
3524,0,21446.61547,276,113
3525,0,7682.13202,244,54
3526,0,1975.880408,126,30
3527,0,2069.511588,95,32
3528,0,691.2956254,56,19
3529,0,1026.442745,73,20
3530,0,10646.44266,205,85
3531,0,36890.19475,427,129
3532,0,10089.06588,202,92
3533,0,3814.971788,96,51
3534,0,17174.93354,377,91
3535,0,2540.887698,203,29
3536,0,1753.475729,127,39
3537,0,2345.15478,132,40
3538,0,1082.446441,122,18
3539,0,893.4339665,93,23
3540,0,2479.843669,183,41
3541,0,1488.018209,47,46
3542,0,100499.753,1172,230
3543,0,48882.91377,398,163
3544,0,7371.486518,201,60
3545,0,33301.19788,316,193
3546,0,3930.75943,192,39
3547,0,10559.32191,160,123
3548,0,6711.202939,287,52
3549,0,20007.32048,294,103
3550,0,25219.16446,621,132
3551,0,13979.92267,331,97
3552,0,6135.904969,162,75
3553,0,1323.962381,72,25
3554,0,8362.051895,112,105
3555,0,3760.088165,125,39
3556,0,7599.56157,164,115
3557,0,13819.47208,194,115
3558,0,3651.440995,142,41
3559,0,16623.33214,205,133
3560,0,7068.436516,121,76
3561,0,1467.296841,71,30
3562,0,14845.4598,152,139
3563,0,2661.295645,64,56
3564,0,2228.94711,61,49
3565,0,875.8978092,42,29
3566,0,40109.1472,332,244
3567,0,2248.898427,128,35
3568,0,3043.450867,102,51
3569,0,1076.321037,55,29
3570,0,983.5649152,67,22
3571,0,1307.336284,63,29
3572,0,704.4214917,41,24
3573,0,624.7912361,32,27
3574,0,8727.336003,257,63
3575,0,6486.803128,122,66
3576,0,13444.38733,185,125
3577,0,381647.4722,1850,1039
3578,0,88636.34999,531,265
3579,0,3563.235173,111,45
3580,0,9954.026965,126,111
3581,0,10048.21818,115,115
3582,0,81081.23056,828,306
3583,0,112309.9524,915,288
3584,0,43997.0638,664,161
3585,0,7195.074874,134,77
3586,0,18894.94706,305,93
3587,0,24086.48971,286,133
3588,0,942729.8851,2075,890
3589,0,800786.5042,1316,927
3590,0,5053.773549,153,59
3591,0,12291.13121,213,104
3592,0,65037.09244,580,246
3593,0,563072.319,1661,600
3594,0,73368.77983,623,351
3595,0,11163.07676,332,54
3596,0,19624.53522,182,140
3597,0,30241.99597,464,125
3598,0,75079.25522,562,205
3599,0,116303.9961,599,380
3600,0,181025.3929,1198,298
3601,0,108811.6816,529,332
3602,0,15646.31266,237,129
3603,0,2718.419415,133,33
3604,0,3029.799966,177,30
3605,0,36899.01533,299,161
3606,0,11145.4356,174,92
3607,0,41886.4245,347,191
3608,0,36839.79142,613,139
3609,0,36733.94444,285,194
3610,0,15244.48613,223,107
3611,0,8025.46968,199,59
3612,0,3143.907498,97,49
3613,0,3181.709993,70,65
3614,0,2591.921067,85,42
3615,0,6498.178879,97,97
3616,0,15002.86519,256,119
3617,0,9700.0152,124,119
3618,0,10283.67872,154,118
3619,0,20716.99232,372,115
3620,0,9831.273863,163,86
3621,0,15772.91601,317,87
3622,0,8263.170369,212,57
3623,0,6775.572187,219,70
3624,0,86429.45434,873,229
3625,0,7241.635589,154,71
3626,0,16614.05653,229,135
3627,0,14515.03799,226,120
3628,0,61922.16686,416,373
3629,0,20961.79848,209,135
3630,0,23841.71855,237,170
3631,0,876.3878416,71,18
3632,0,1257.562999,52,34
3633,0,1924.777035,83,38
3634,0,38312.82864,388,156
3635,0,7759.277111,124,88
3636,0,21917.57156,244,143
3637,0,12153.67714,217,77
3638,0,1484.377969,51,46
3639,0,21200.75925,193,165
3640,0,14428.7923,178,111
3641,0,9044.596942,141,81
3642,0,43183.05008,316,213
3643,0,11580.16429,186,100
3644,0,8224.56282,217,90
3645,0,212925.2155,1229,405
3646,0,15643.35513,196,129
3647,0,37778.07735,420,178
3648,0,15207.87154,185,112
3649,0,10673.63246,143,101
3650,0,10838.87295,184,87
3651,0,12933.37496,155,109
3652,0,13381.38317,428,123
3653,0,10899.71938,595,60
3654,0,21347.0689,215,142
3655,0,20545.65601,264,131
3656,0,8201.582081,150,75
3657,0,71352.20924,344,341
3658,0,50985.48504,406,212
3659,0,21774.77537,306,131
3660,0,2096.778387,103,32
3661,0,1224.800837,83,20
3662,0,4496.536771,241,41
3663,0,900.8359257,37,37
3664,0,1508.17954,64,32
3665,0,36170.40724,392,233
3666,0,120513.2339,478,457
3667,0,82777.3833,370,360
3668,0,36206.56482,324,157
3669,0,27013.6629,266,184
3670,0,3411.045129,143,35
3671,0,5852.386257,133,68
3672,0,8548.439196,231,84
3673,0,16846.61187,170,143
3674,0,2935.818764,75,54
3675,0,1811.36955,64,45
3676,0,3544.85896,73,71
3677,0,30252.49666,310,150
3678,0,14272.19196,175,116
3679,0,17577.3026,207,117
3680,0,59670.18823,476,269
3681,0,6891.954868,99,93
3682,0,20663.20252,267,106
3683,0,2573.369842,100,43
3684,0,5974.474315,141,66
3685,0,12091.54804,168,111
3686,0,8182.665055,112,92
3687,0,24989.02427,340,143
3688,0,3160.708606,85,50
3689,0,8781.204559,126,112
3690,0,6399.297353,91,88
3691,0,21705.80758,280,137
3692,0,12039.19655,174,121
3693,0,2575.60999,105,48
3694,0,1785.537845,74,36
3695,0,1372.230567,97,30
3696,0,145828.3747,896,370
3697,0,361185.3382,787,747
3698,0,93915.95844,896,227
3699,0,108037.8505,734,439
3700,0,39823.87837,450,135
3701,0,13639.14018,212,128
3702,0,4614.424552,126,50
3703,0,101587.0803,423,359
3704,0,77715.62922,460,408
3705,0,8422.080857,239,77
3706,0,52051.51539,667,160
3707,0,306294.7154,763,542
3708,0,399572.3717,2069,607
3709,0,3046.601075,111,39
3710,0,1866.043159,112,28
3711,0,2331.993912,111,29
3712,0,5901.389491,108,75
3713,0,607.0800672,51,19
3714,0,426.7481653,44,17
3715,0,822.6942977,61,32
3716,0,46528.57088,435,203
3717,0,3608.738176,102,44
3718,0,2386.282494,101,31
3719,0,2260.589199,86,37
3720,0,1310.801513,87,22
3721,0,46975.90041,739,166
3722,0,24012.1448,358,242
3723,0,1377.130891,65,32
3724,0,397.0662063,57,16
3725,0,1026.547752,61,25
3726,0,1336.248192,57,34
3727,0,586327.1975,1625,1014
3728,0,83484.00994,386,370
3729,0,216584.6696,564,538
3730,0,83256.49492,489,316
3731,0,62608.63216,314,280
3732,0,144720.5515,708,313
3733,0,163241.8139,609,461
3734,0,4225.058854,121,63
3735,0,9851.330187,238,98
3736,0,1537.301462,101,26
3737,0,25471.3211,191,167
3738,0,4795.876527,118,56
3739,0,16779.26743,195,140
3740,0,42065.35631,495,192
3741,0,108207.5679,569,298
3742,0,6545.151979,114,99
3743,0,25160.08056,279,137
3744,0,92042.77481,364,361
3745,0,78473.42924,568,187
3746,0,23887.32656,295,134
3747,0,6137.655084,191,57
3748,0,36920.43675,456,200
3749,0,5706.251612,179,73
3750,0,5929.391339,169,61
3751,0,6406.297815,143,72
3752,0,7743.386063,185,82
3753,0,1616.231671,60,34
3754,0,1518.225203,75,29
3755,0,1812.244608,87,41
3756,0,761.3002458,43,27
3757,0,5971.394111,108,80
3758,0,1270.163831,60,34
3759,0,3978.502581,106,50
3760,0,2741.940968,88,46
3761,0,14260.78121,220,108
3762,0,19637.13605,189,151
3763,0,10114.26754,230,86
3764,0,6733.254394,159,60
3765,0,6314.976788,146,87
3766,0,3938.179919,90,61
3767,0,3709.684839,94,54
3768,0,13335.60015,190,128
3769,0,1603.94586,59,54
3770,0,4097.230417,96,54
3771,0,808.6933736,58,24
3772,0,5217.304342,138,64
3773,0,6209.689839,135,67
3774,0,3420.705766,116,53
3775,0,12253.60874,217,98
3776,0,11323.94738,212,79
3777,0,65972.35417,597,202
3778,0,20109.80725,245,117
3779,0,75457.14016,626,244
3780,0,10378.60499,136,104
3781,0,31462.87655,268,166
3782,0,9560.951022,234,58
3783,0,3738.246724,105,50
3784,0,3065.642332,82,50
3785,0,4305.564167,116,54
3786,0,48463.58317,472,181
3787,0,14479.89567,180,102
3788,0,15737.17865,273,80
3789,0,16252.55267,163,136
3790,0,5454.760014,145,72
3791,0,4355.16244,149,90
3792,0,6897.695247,152,61
3793,0,135356.8735,444,406
3794,0,29727.88204,300,240
3795,0,65471.40111,384,248
3796,0,3138.867165,129,39
3797,0,8098.659511,248,64
3798,0,1443.845294,98,30
3799,0,9329.86577,256,74
3800,0,12059.1709,183,106
3801,0,6954.083969,176,74
3802,0,77644.74955,678,250
3803,0,85177.20294,658,225
3804,0,14124.2722,259,83
3805,0,62794.98446,491,189
3806,0,23247.27432,239,125
3807,0,4546.380061,110,60
3808,0,4539.799626,93,85
3809,0,10084.16555,128,122
3810,0,3593.862195,80,62
3811,0,14350.94716,229,128
3812,0,60103.72684,735,155
3813,0,4592.303091,143,49
3814,0,16020.97738,183,114
3815,0,5927.43121,177,73
3816,0,39398.6003,294,171
3817,0,10723.58776,224,65
3818,0,12429.32033,361,86
3819,0,66311.87658,319,294
3820,0,10088.22582,165,103
3821,0,7280.480511,199,66
3822,0,4905.923791,133,62
3823,0,5609.330215,120,74
3824,0,44254.12077,252,239
3825,0,5394.731052,137,62
3826,0,7330.358803,211,65
3827,0,14157.5594,172,109
3828,0,950.3827251,75,22
3829,0,11029.36794,162,102
3830,0,5313.630699,121,82
3831,0,17124.53022,217,109
3832,0,6997.241817,109,76
3833,0,13311.51856,183,115
3834,0,3211.461956,118,44
3835,0,4865.601129,120,63
3836,0,21214.90018,288,114
3837,0,19254.77081,203,118
3838,0,7560.498992,126,89
3839,0,2375.256767,75,46
3840,0,1750.255517,62,54
3841,0,1702.862389,57,38
3842,0,896.9341975,37,32
3843,0,1183.953141,43,38
3844,0,3626.239331,161,37
3845,0,2408.158938,157,25
3846,0,2947.474533,151,44
3847,0,1340.168451,97,22
3848,0,2485.164021,149,33
3849,0,937.1868542,46,32
3850,0,2915.692435,64,55
3851,0,2257.649005,190,21
3852,0,1112.233407,64,30
3853,0,582.9984778,39,20
3854,0,831.6548892,72,15
3855,0,988.850264,64,19
3856,0,1080.521314,89,20
3857,0,192.0751769,29,12
3858,0,281.3310679,32,14
3859,0,375.3997763,57,15
3860,0,818.3977641,62,19
3861,0,822.3355241,70,19
3862,0,4403.990663,136,62
3863,0,5010.090665,105,70
3864,0,10035.30233,187,70
3865,0,1843.501671,95,32
3866,0,1292.845328,78,28
3867,0,1570.063624,129,30
3868,0,2717.929383,124,48
3869,0,2439.521008,114,38
3870,0,1121.82404,50,34
3871,0,2729.961427,121,70
3872,0,720.7675706,49,25
3873,0,3707.619703,102,51
3874,0,4223.02872,91,69
3875,0,1652.109039,64,34
3876,0,838.3053281,47,25
3877,0,882.9332735,83,21
3878,0,2861.438855,89,45
3879,0,1635.482942,91,34
3880,0,746.4242639,56,20
3881,0,28722.05565,359,173
3882,0,6608.996193,118,99
3883,0,3731.246262,81,73
3884,0,3820.502153,74,65
3885,0,5467.360845,106,74
3886,0,6013.396884,244,67
3887,0,1933.877636,82,34
3888,0,4057.642804,129,67
3889,0,932.8115654,66,20
3890,0,4000.134009,79,78
3891,0,5078.450177,88,77
3892,0,1686.621317,89,33
3893,0,1201.489298,63,30
3894,0,5588.048811,154,80
3895,0,921.1207939,52,24
3896,0,1173.137427,42,42
3897,0,8371.432514,151,83
3898,0,22699.41816,356,152
3899,0,74659.92755,995,231
3900,0,4047.947164,160,55
3901,0,15200.62824,170,126
3902,0,1446.470467,86,26
3903,0,1855.997496,61,42
3904,0,15697.66104,312,111
3905,0,7563.999223,160,79
3906,0,12082.79746,382,60
3907,0,10220.67456,151,95
3908,0,5649.372858,137,83
3909,0,3164.208837,73,59
3910,0,3520.672364,72,64
3911,0,2258.069032,121,35
3912,0,1794.918464,91,33
3913,0,2655.800283,83,50
3914,0,1629.287533,109,26
3915,0,1958.169239,76,35
3916,0,1032.008112,59,24
3917,0,787.5519783,49,30
3918,0,2028.383873,78,42
3919,0,56087.70178,611,159
3920,0,2838.687353,107,40
3921,0,1848.121976,93,28
3922,0,1494.598643,87,27
3923,0,1645.108577,62,36
3924,0,1578.604188,79,32
3925,0,1120.213934,73,28
3926,0,4397.690247,90,70
3927,0,4086.449705,118,52
3928,0,2749.501467,81,50
3929,0,3384.437988,82,79
3930,0,1499.498967,67,41
3931,0,16310.51649,165,135
3932,0,8312.768642,198,71
3933,0,3611.118333,87,55
3934,0,3750.0075,184,36
3935,0,6023.757567,202,42
3936,0,4439.973038,102,66
3937,0,2421.599825,66,47
3938,0,1458.33625,79,31
3939,0,11542.41434,177,139
3940,0,2625.45328,77,51
3941,0,829.9747783,69,21
3942,0,947.5825404,55,26
3943,0,3157.208375,112,44
3944,0,2390.657783,81,40
3945,0,1722.113659,58,35
3946,0,2261.149236,98,52
3947,0,4928.325269,162,66
3948,0,3865.935151,91,63
3949,0,12068.79654,213,94
3950,0,33323.07432,537,174
3951,0,20771.2459,453,99
3952,0,9099.725581,116,105
3953,0,1301.21088,46,40
3954,0,6910.331081,114,93
3955,0,2491.044409,63,59
3956,0,3967.301841,72,66
3957,0,18055.59167,184,122
3958,0,12809.1654,184,90
3959,0,8620.088925,134,90
3960,0,4695.349893,160,52
3961,0,6566.22337,118,87
3962,0,669.7342024,56,25
3963,0,2325.483482,134,29
3964,0,2094.258221,105,27
3965,0,6595.275287,261,60
3966,0,8053.19151,249,74
3967,0,2253.0287,104,48
3968,0,9312.014592,128,93
3969,0,4721.531621,122,53
3970,0,48574.94594,285,284
3971,0,2060.235975,95,34
3972,0,1203.379423,84,37
3973,0,1221.020587,86,20
3974,0,5436.296295,168,52
3975,0,1662.189704,100,31
3976,0,4802.876989,145,43
3977,0,28927.02918,204,174
3978,0,5947.592541,258,47
3979,0,2701.618306,155,27
3980,0,6888.454638,334,38
3981,0,1881.37417,142,52
3982,0,20458.85028,300,104
3983,0,5182.092017,223,52
3984,0,39363.59799,332,171
3985,0,1816.619897,106,29
3986,0,3520.357343,85,59
3987,0,1643.358462,108,27
3988,0,4853.070302,131,52
3989,0,2971.906146,110,37
3990,0,15240.70589,357,103
3991,0,1696.575128,107,22
3992,0,513.1688692,52,15
3993,0,857.8016148,73,23
3994,0,2202.310352,164,33
3995,0,3945.635412,218,44
3996,0,443.5492742,77,9
3997,0,514.1139315,34,23
3998,0,683.4201056,54,19
3999,0,788.4270362,44,31
4000,0,3015.230255,109,43
4001,0,6648.513801,123,78
4002,0,741.6114463,42,30
4003,0,794.9899692,55,23
4004,0,1201.891825,66,28
4005,0,6156.031297,141,60
4006,0,903.9346596,37,32
4007,0,724.54782,33,32
4008,0,1620.60696,63,36
4009,0,2200.770251,77,47
4010,0,815.273808,48,24
4011,0,1917.846578,60,46
4012,0,917.3405444,40,29
4013,0,981.6047858,40,35
4014,0,1856.102503,62,44
4015,0,5070.12703,94,70
4016,0,779.9914794,65,18
4017,0,2968.195901,85,56
4018,0,954.1979769,54,31
4019,0,703.9664617,61,19
4020,0,10515.39402,316,56
4021,0,3670.622261,130,49
4022,0,868.9323495,60,20
4023,0,1930.377405,61,41
4024,0,928.4362767,47,24
4025,0,4439.167985,247,86
4026,0,1122.87411,71,27
4027,0,371.864543,36,17
4028,0,486.1120833,48,16
4029,0,2426.080121,102,36
4030,0,1085.91167,84,21
4031,0,2037.974506,146,24
4032,0,1299.84579,114,39
4033,0,1595.230285,76,33
4034,0,3368.097294,122,58
4035,0,1222.455682,112,20
4036,0,575.1579604,67,16
4037,0,678.2047614,48,25
4038,0,241.3059262,23,14
4039,0,427.4832138,38,15
4040,0,700.9212607,55,22
4041,0,11702.39236,279,87
4042,0,1348.569005,64,29
4043,0,817.7414709,56,23
4044,0,398.1862803,38,16
4045,0,4785.515843,134,59
4046,0,4749.813487,133,79
4047,0,1414.09333,73,24
4048,0,2112.389418,116,33
4049,0,2195.904929,54,50
4050,0,989.0252755,49,29
4051,0,1424.594023,104,26
4052,0,1136.700022,73,24
4053,0,574.9129442,57,15
4054,0,4755.273848,169,52
4055,0,2380.15709,194,26
4056,0,1542.341794,50,40
4057,0,1121.754036,57,24
4058,0,3810.491492,232,33
4059,0,3324.939446,156,30
4060,0,1038.868565,89,35
4061,0,757.1699731,77,18
4062,0,579.0782191,74,16
4063,0,3630.61462,87,55
4064,0,1740.174851,54,42
4065,0,2615.547626,136,31
4066,0,1699.362158,104,34
4067,0,2234.897503,161,26
4068,0,5637.122049,211,54
4069,0,1020.973634,74,20
4070,0,849.24355,65,21
4071,0,3483.604918,139,38
4072,0,1417.593561,68,28
4073,0,18836.71197,310,173
4074,0,6580.215543,146,60
4075,0,4328.906514,96,62
4076,0,16078.52993,257,100
4077,0,2318.027989,96,36
4078,0,2192.894731,129,33
4079,0,1874.373708,74,50
4080,0,651.9180266,57,18
4081,0,836.9927414,77,17
4082,0,8750.0175,235,79
4083,0,15828.8847,384,85
4084,0,40864.77707,420,144
4085,0,11037.20845,363,129
4086,0,7202.075336,236,61
4087,0,1493.513572,69,28
4088,0,2661.610666,188,49
4089,0,1343.248654,145,28
4090,0,446.0694405,29,21
4091,0,827.8746396,57,21
4092,0,7140.891298,391,54
4093,0,61366.05015,571,261
4094,0,4521.913446,293,50
4095,0,551.0676204,78,13
4096,0,861.275594,70,19
4097,0,653.0118488,50,19
4098,0,2915.9112,186,40
4099,0,1146.325657,77,25
4100,0,502.9394439,50,14
4101,0,2178.893807,103,37
4102,0,10932.75281,308,68
4103,0,3063.577196,165,38
4104,0,8873.225632,575,90
4105,0,4585.582648,131,64
4106,0,6082.001412,291,88
4107,0,2619.85291,80,49
4108,0,850.6961459,66,21
4109,0,940.8620968,71,20
4110,0,1992.611512,119,24
4111,0,2303.432026,207,26
4112,0,643.4824698,60,15
4113,0,1067.290441,73,25
4114,0,910.6201008,74,24
4115,0,2392.477903,77,42
4116,0,14171.73533,460,109
4117,0,7213.836112,291,77
4118,0,1625.787302,130,26
4119,0,1306.566233,108,23
4120,0,688.2854267,66,17
4121,0,3537.193454,174,124
4122,0,923.500951,53,32
4123,0,14145.4136,721,102
4124,0,1437.054845,73,30
4125,0,2204.305484,70,44
4126,0,1521.06039,61,33
4127,0,14623.26513,171,125
4128,0,1205.899589,62,32
4129,0,7768.412714,136,80
4130,0,2060.235975,138,25
4131,0,2184.144153,164,31
4132,0,1558.477859,89,32
4133,0,3662.641734,125,48
4134,0,5113.137466,104,103
4135,0,4113.541493,128,43
4136,0,82676.55039,1474,239
4137,0,18207.36168,620,151
4138,0,20300.41816,1169,245
4139,0,7005.712376,118,79
4140,0,8440.877097,169,82
4141,0,108297.7076,405,393
4142,0,24511.69777,324,134
4143,0,10329.32173,146,121
4144,0,41035.87711,890,180
4145,0,2870.189432,77,52
4146,0,3318.219002,111,46
4147,0,931.3414685,68,20
4148,0,252.57667,29,14
4149,0,1122.699098,84,23
4150,0,2671.376311,165,26
4151,0,4289.323095,201,33
4152,0,3833.172989,127,52
4153,0,2986.397102,111,40
4154,0,1785.537845,78,30
4155,0,3213.212072,157,80
4156,0,3902.477563,140,61
4157,0,35885.90847,411,150
4158,0,5670.374244,291,55
4159,0,4800.91686,95,72
4160,0,4338.466338,304,41
4161,0,3810.491492,168,36
4162,0,6530.030981,233,70
4163,0,32043.07484,747,232
4164,0,6554.672608,249,49
4165,0,24068.1485,667,111
4166,0,61158.27644,859,138
4167,0,29639.3962,453,139
4168,0,8290.787191,391,44
4169,0,44473.65526,815,104
4170,0,129892.7329,1485,289
4171,0,18353.53133,379,100
4172,0,22571.72973,324,124
4173,0,8996.433764,492,119
4174,0,68461.15843,1459,169
4175,0,3142.927433,138,36
4176,0,60526.55475,1419,230
4177,0,9975.378374,454,68
4178,0,2822.58629,138,56
4179,0,9543.029839,245,103
4180,0,4319.005054,152,48
4181,0,1181.327968,52,29
4182,0,28093.69418,655,98
4183,0,27224.51682,535,122
4184,0,44655.10723,376,235
4185,0,3145.167581,189,34
4186,0,10135.79396,374,50
4187,0,4862.695938,196,47
4188,0,1900.76545,152,23
4189,0,107927.4357,1550,313
4190,0,3427.42621,212,31
4191,0,5447.969565,195,57
4192,0,4396.115143,233,44
4193,0,940.0220414,95,23
4194,0,686.745325,59,17
4195,0,869.4573841,50,25
4196,0,887.0985484,81,29
4197,0,1470.517054,59,36
4198,0,1820.505153,121,35
4199,0,784.0517473,63,18
4200,0,1549.622275,95,31
4201,0,6486.803128,282,53
4202,0,2665.43837,184,51
4203,0,12991.10741,834,108
4204,0,2435.326763,150,30
4205,0,4561.024097,236,38
4206,0,1613.75179,110,30
4207,0,553.4557382,57,15
4208,0,925.483793,90,15
4209,0,840.7904921,99,18
4210,0,1569.118562,83,28
4211,0,1983.755928,111,28
4212,0,1142.825426,74,25
4213,0,828.819702,74,17
4214,0,2717.054325,156,49
4215,0,1274.084089,114,25
4216,0,2301.401892,137,36
4217,0,791.9272671,63,22
4218,0,2705.678575,151,39
4219,0,2270.774871,159,32
4220,0,2696.892995,97,42
4221,0,1310.801513,58,29
4222,0,528.9199086,44,17
4223,0,2086.137685,111,26
4224,0,4023.305538,250,46
4225,0,2443.161248,111,44
4226,0,6221.450615,104,81
4227,0,2272.629993,126,27
4228,0,1309.926455,44,43
4229,0,6185.783261,220,56
4230,0,1450.845756,58,37
4231,0,3169.109161,127,36
4232,0,2120.719967,106,32
4233,0,1840.981505,66,36
4234,0,350.30312,51,13
4235,0,3072.082757,83,51
4236,0,6479.347636,149,56
4237,0,619.9609173,71,18
4238,0,874.4977168,49,22
4239,0,541.8357612,66,17
4240,0,2716.739304,152,26
4241,0,2376.51685,153,32
4242,0,1508.319549,117,34
4243,0,5037.812495,244,42
4244,0,24111.69137,236,187
4245,0,12852.84829,195,111
4246,0,2682.717059,99,40
4247,0,11534.8013,168,101
4248,0,1115.173601,43,36
4249,0,3898.697314,183,38
4250,0,4519.918314,141,49
4251,0,2345.434798,137,27
4252,0,5641.252322,123,62
4253,0,1836.921237,101,42
4254,0,1868.283306,100,25
4255,0,963.2635752,63,26
4256,0,2628.673492,125,47
4257,0,847.9309634,59,21
4258,0,4348.161978,433,67
4259,0,2340.779491,70,45
4260,0,3369.777405,107,46
4261,0,6873.123625,156,63
4262,0,9885.982474,158,96
4263,0,157765.9125,776,391
4264,0,11431.75449,210,89
4265,0,3257.174973,95,51
4266,0,17940.43407,204,132
4267,0,11395.87713,168,95
4268,0,67760.97222,498,198
4269,0,1932.12752,97,36
4270,0,3458.228243,98,48
4271,0,8022.529486,156,77
4272,0,1327.462612,75,31
4273,0,3033.825232,114,36
4274,0,518.9092479,57,14
4275,0,1661.734674,75,35
4276,0,3752.247648,101,52
4277,0,2955.945092,95,43
4278,0,483.9069377,52,15
4279,0,1782.492644,162,22
4280,0,21616.7267,336,156
4281,0,8799.160744,180,78
4282,0,1353.32932,52,35
4283,0,2220.266537,55,51
4284,0,1427.674226,62,33
4285,0,1423.893977,59,32
4286,0,865.6771347,58,32
4287,0,1410.033062,83,36
4288,0,1415.073395,105,20
4289,0,1467.996888,98,27
4290,0,1297.88566,73,25
4291,0,779.9914793,46,27
4292,0,1392.216886,75,30
4293,0,442.7792234,29,21
4294,0,6005.836384,280,33
4295,0,6942.218186,316,52
4296,0,7627.703428,115,92
4297,0,3991.943468,107,51
4298,0,1444287.513,2863,1393
4299,0,51545.27698,469,202
4300,0,59830.81601,577,177
4301,0,187992.0136,1581,386
4302,0,122976.5854,1138,327
4303,0,6788.861776,172,56
4304,0,300376.4843,1416,341
4305,0,707191.4826,1555,735
4306,0,509496.9262,1723,598
4307,0,3179.084819,145,40
4308,0,8099.534568,199,63
4309,0,1425.990494,70,35
4310,0,2508.79058,179,30
4311,0,1330.647823,132,20
4312,0,101690.6183,481,323
4313,0,314902.6636,1510,316
4314,0,788471.7732,2444,1332
4315,0,19380.77913,321,154
4316,0,60780.11148,479,222
4317,0,25055.80868,391,214
4318,0,178360.7118,625,430
4319,0,5245.306189,199,41
4320,0,2574.489916,121,30
4321,0,25043.15184,363,111
4322,0,44074.90894,377,202
4323,0,142497.1348,1945,537
4324,0,8750.0175,227,59
4325,0,2437.232301,124,30
4326,0,96888.45963,1215,233
4327,0,26160.5866,1101,270
4328,0,9613.542296,147,108
4329,0,17095.5483,246,124
4330,0,482600.6343,2350,786
4331,0,641907.3425,2605,663
4332,0,4945.975184,157,43
4333,0,35129.99858,387,161
4334,0,31135.81496,281,196
4335,0,164545.3382,1465,486
4336,0,32346.63601,303,195
4337,0,19965.31771,310,103
4338,0,57595.99866,862,227
4339,0,28320.36914,271,162
4340,0,13512.57183,152,131
4341,0,2943.554274,68,62
4342,0,7320.803172,217,78
4343,0,1313764.388,2532,1257
4344,0,1615471.465,3543,1049
4345,0,21508.04453,214,124
4346,0,71819.49008,896,241
4347,0,8093.272466,216,82
4348,0,28711.97499,695,101
4349,0,9425.662426,360,68
4350,0,340343.126,1407,492
4351,0,176239.4695,854,284
4352,0,14534.56763,181,176
4353,0,5400.594933,190,61
4354,0,19895.77512,282,129
4355,0,13180.37258,239,118
4356,0,1453.855954,57,36
4357,0,1464.496657,62,32
4358,0,5637.69653,222,39
4359,0,2478380.423,6596,2549
4360,0,13410.6451,315,181
4361,0,24730.11218,308,119
4362,0,99332.63594,504,340
4363,0,26339.09838,396,196
4364,0,9918.254604,163,96
4365,0,8524.322604,128,91
4366,0,2316.312876,69,57
4367,0,27004.98233,412,171
4368,0,3949.135642,90,63
4369,0,16788.85806,304,120
4370,0,9492.626512,122,110
4371,0,23913.85831,287,120
4372,0,11667.11003,128,115
4373,0,7026.22373,183,49
4374,0,1964.469655,75,46
4375,0,3989.423301,81,63
4376,0,3364.422051,66,63
4377,0,41794.43843,603,109
4378,0,78461.17843,684,200
4379,0,5750.45953,98,84
4380,0,297361.7058,1348,597
4381,0,16774.2271,441,79
4382,0,35242.00597,296,195
4383,0,8698.4941,163,85
4384,0,13411.76517,293,65
4385,0,28812.78164,388,125
4386,0,22672.53638,349,99
4387,0,8176.53965,147,79
4388,0,23788.13001,581,125
4389,0,24207.03766,656,185
4390,0,5622.771102,128,73
4391,0,9601.273683,157,112
4392,0,7822.59629,197,61
4393,0,4465.734738,133,69
4394,0,4227.57902,121,103
4395,0,7374.986748,140,75
4396,0,39465.10469,313,200
4397,0,2611.172337,91,48
4398,0,5880.388105,127,62
4399,0,4175.775601,82,66
4400,0,2926.193128,130,33
4401,0,13931.47948,160,127
4402,0,17684.22037,379,119
4403,0,10611.58036,201,86
4404,0,24182.39604,360,131
4405,0,31778.73739,270,232
4406,0,575.8580066,39,25
4407,0,832.9149722,62,32
4408,0,1329.387739,117,26
4409,0,897.1792136,37,35
4410,0,1460.436389,64,34
4411,0,3446.327457,158,45
4412,0,3344765.251,5852,1586
4413,0,312559.5344,1220,555
4414,0,58043.67463,963,185
4415,0,1626.347339,64,32
4416,0,2043.014839,80,39
4417,0,139857.4356,2402,470
4418,0,2483.623919,112,61
4419,0,2241.687951,155,29
4420,0,1310.486492,169,22
4421,0,3692.043674,251,42
4422,0,1446.575474,76,30
4423,0,1606.606036,130,24
4424,0,7712.969055,203,78
4425,0,1680.950943,73,32
4426,0,3082.163422,167,39
4427,0,10365.44412,357,102
4428,0,41140.45527,431,153
4429,0,2106.859052,155,28
4430,0,1963.209572,73,45
4431,0,1258.823082,91,30
4432,0,625.0012501,80,13
4433,0,1364.670068,97,27
4434,0,1357.529597,66,32
4435,0,3788.090013,203,39
4436,0,12708.35875,301,124
4437,0,136523.5705,1149,437
4438,0,10201.63331,599,74
4439,0,654653.0827,2131,1133
4440,0,714272.4678,2048,742
4441,0,6533.531212,215,61
4442,0,7896.521169,240,57
4443,0,18372.7126,312,116
4444,0,2159.642536,122,37
4445,0,4837.319262,139,62
4446,0,2768.682733,105,36
4447,0,952.0628361,82,18
4448,0,829.5547504,46,30
4449,0,1120.073925,51,29
4450,0,528.5348833,38,27
4451,0,1806.119204,59,42
4452,0,8274.966147,211,84
4453,0,1805.699176,118,23
4454,0,1890.124748,98,29
4455,0,5291.089211,174,49
4456,0,5749.759483,169,49
4457,0,3529.492946,90,51
4458,0,1498.238884,80,35
4459,0,3684.483176,78,71
4460,0,1888.374632,132,26
4461,0,1782.492644,107,27
4462,0,839.2153881,63,26
4463,0,5715.737238,244,68
4464,0,3911.298145,161,43
4465,0,2682.717059,103,35
4466,0,2117.639764,83,41
4467,0,779.9914793,51,22
4468,0,581381.6791,3402,1307
4469,0,3254.934825,141,35
4470,0,2267.029624,117,32
4471,0,3042.12078,142,40
4472,0,24892.5229,368,197
4473,0,4298.843723,133,47
4474,0,65808.82337,375,363
4475,0,6494.188616,211,83
4476,0,12220.00652,136,123
4477,0,4706.550632,117,57
4478,0,331305.4061,2059,422
4479,0,52983.97694,964,221
4480,0,66604.07586,1197,312
4481,0,994.0656082,74,37
4482,0,3679.617854,214,77
4483,0,626125.4434,4293,996
4484,0,26450.37072,334,149
4485,0,3980.637722,145,57
4486,0,12230.68222,288,71
4487,0,4184.526178,168,44
4488,0,4410.291079,179,37
4489,0,3245.589209,80,72
4490,0,1448.220582,68,36
4491,0,8604.442892,139,81
4492,0,12961.35545,166,102
4493,0,17238.63775,205,129
4494,0,6256.474312,135,128
4495,0,8864.335045,167,98
4496,0,6948.833622,185,67
4497,0,712.3670161,74,15
4498,0,861.8968851,74,24
4499,0,3434.146653,147,62
4500,0,1082.551448,71,22
4501,0,1563.623199,93,32
4502,0,535.395336,48,16
4503,0,688.1200467,67,25
4504,0,761.6502688,67,25
4505,0,458.5302629,53,15
4506,0,387.6505849,44,12
4507,0,100113.6075,400,394
4508,0,5026.331737,125,55
4509,0,15163.00076,211,134
4510,0,7721.509619,163,65
4511,0,553.0365004,68,12
4512,0,535.5353453,39,26
4513,0,2450.16171,66,62
4514,0,3572.335774,105,55
4515,0,2744.181116,95,47
4516,0,3685.743259,119,55
4517,0,2131.640688,71,53
4518,0,9412.121199,119,99
4519,0,6401.922526,132,86
4520,0,1879.624055,92,49
4521,0,7122.970115,150,79
4522,0,3722.495684,102,57
4523,0,7859.768744,197,78
4524,0,25131.65869,224,207
4525,0,11042.35379,290,132
4526,0,4913.449287,98,65
4527,0,2583.170489,68,50
4528,0,1221.020587,62,28
4529,0,7934.743692,148,75
4530,0,3785.289829,78,68
4531,0,4078.889206,99,56
4532,0,3519.482285,138,71
4533,0,1117.448751,52,35
4534,0,1561.97809,101,33
4535,0,3958.34125,95,71
4536,0,2844.987769,143,38
4537,0,1297.045605,44,38
4538,0,5636.211989,156,59
4539,0,478.6565913,47,15
4540,0,601.1646768,43,21
4541,0,332.5219464,42,12
4542,0,1105.512964,54,30
4543,0,1666.109963,78,34
4544,0,1021.192399,40,38
4545,0,1159.276512,44,38
4546,0,251.4565961,24,16
4547,0,366.8242104,28,19
4548,0,304.1000706,25,20
4549,0,418.9076478,29,23
4550,0,136.6490188,20,9
4551,0,116.4876882,20,8
4552,0,331.5418817,37,16
4553,0,273.8580746,46,12
4554,0,230.1751915,33,11
4555,0,254.2567809,37,12
4556,0,412.1872042,41,22
4557,0,1012.441821,61,23
4558,0,4508.297547,126,64
4559,0,1043.9439,58,24
4560,0,3105.579968,79,51
4561,0,1715.113197,61,35
4562,0,1456.97116,56,36
4563,0,4511.657769,127,54
4564,0,2857.868619,124,36
4565,0,1399.532369,83,31
4566,0,3183.250094,126,43
4567,0,1088.711855,75,24
4568,0,743.729086,48,20
4569,0,717.4073488,56,20
4570,0,257.6170027,34,15
4571,0,309.6654379,34,14
4572,0,195.6279114,24,13
4573,0,1060.14997,65,23
4574,0,966.623797,56,27
4575,0,791.3322278,46,23
4576,0,985.3850354,56,26
4577,0,326.5015491,35,14
4578,0,15124.49822,383,103
4579,0,812.9286532,73,19
4580,0,2347.674946,65,47
4581,0,4919.364678,130,55
4582,0,6057.359785,173,51
4583,0,3482.869869,108,48
4584,0,34454.45399,405,124
4585,0,10953.90296,380,57
4586,0,3627.779433,179,47
4587,0,4603.083803,92,70
4588,0,4385.089415,88,64
4589,0,4692.549708,109,83
4590,0,5947.132656,93,81
4591,0,1082.446441,63,28
4592,0,9083.974541,116,106
4593,0,19040.38166,317,112
4594,0,731.5482822,54,22
4595,0,8398.874325,212,62
4596,0,12481.54378,201,117
4597,0,21152.59607,198,149
4598,0,1606.186008,83,29
4599,0,1141.915366,67,28
4600,0,5799.007734,258,46
4601,0,3669.992219,108,49
4602,0,15061.77408,358,87
4603,0,428.7782994,44,20
4604,0,1281.084551,46,38
4605,0,744.7091507,31,29
4606,0,1727.57402,101,33
4607,0,4049.907293,88,62
4608,0,1844.761754,72,40
4609,0,3235.893569,101,48
4610,0,1250.0025,52,35
4611,0,771.1708972,55,22
4612,0,1159.276512,54,28
4613,0,343.302658,42,12
4614,0,231.2952655,37,9
4615,0,393.1459476,35,17
4616,0,2381.557182,99,38
4617,0,2381.277164,124,34
4618,0,11310.50649,215,95
4619,0,1142.475403,69,26
4620,0,14025.56569,215,88
4621,0,1576.504049,92,31
4622,0,1542.901831,79,33
4623,0,559.4769254,53,23
4624,0,1257.282981,80,26
4625,0,585.7986627,32,27
4626,0,3109.955257,151,32
4627,0,2265.524524,121,36
4628,0,780.5515163,47,24
4629,0,727.1729934,45,25
4630,0,601.1646768,41,19
4631,0,609.9152543,46,22
4632,0,907.819916,42,32
4633,0,8107.410088,243,44
4634,0,1972.380177,108,29
4635,0,7458.992293,246,80
4636,0,1671.36031,74,32
4637,0,637.0420447,62,16
4638,0,470.0110207,47,16
4639,0,595.0742748,63,17
4640,0,6888.244623,159,80
4641,0,34549.03023,269,244
4642,0,18256.32992,220,124
4643,0,5628.371472,118,69
4644,0,8039.155584,139,89
4645,0,5126.963379,117,64
4646,0,2186.769327,108,29
4647,0,1253.082703,63,31
4648,0,905.6847752,46,28
4649,0,2067.761472,73,39
4650,0,2336.404202,89,34
4651,0,1241.706953,65,25
4652,0,1508.599567,74,29
4653,0,6869.203367,125,83
4654,0,4721.811639,110,58
4655,0,1901.500499,72,35
4656,0,1491.97347,51,45
4657,0,2783.558715,88,48
4658,0,3742.622013,144,45
4659,0,2156.702342,107,30
4660,0,2631.053649,70,65
4661,0,928.6812929,50,29
4662,0,1176.287635,60,26
4663,0,670.6792647,45,20
4664,0,1801.743915,92,30
4665,0,4467.169833,119,44
4666,0,1023.817572,97,25
4667,0,938.1319167,64,22
4668,0,2430.700426,78,49
4669,0,747.5443378,45,27
4670,0,704.0714686,56,15
4671,0,6052.879489,273,36
4672,0,6754.045766,140,65
4673,0,485.6570533,54,18
4674,0,771.8009388,53,21
4675,0,1215.45522,60,31
4676,0,2151.767016,113,37
4677,0,983.5649152,44,29
4678,0,15011.37075,431,52
4679,0,21272.724,314,154
4680,0,24200.59724,265,178
4681,0,57085.26762,347,311
4682,0,36902.93559,230,200
4683,0,14677.44871,288,115
4684,0,35269.7278,271,239
4685,0,27280.80053,282,147
4686,0,14789.4561,226,120
4687,0,27674.78653,296,148
4688,0,68808.38135,478,323
4689,0,6182.808065,191,63
4690,0,60200.0532,531,205
4691,0,3388.223622,118,43
4692,0,35476.66146,306,158
4693,0,52438.36093,418,251
4694,0,9840.934501,222,68
4695,0,8729.85617,236,81
4696,0,12088.92287,205,78
4697,0,29202.70738,354,143
4698,0,114812.0576,530,363
4699,0,5696.695981,154,60
4700,0,801.4128931,66,20
4701,0,222.894711,36,12
4702,0,1415.213404,123,20
4703,0,1731.634288,68,38
4704,0,43873.85567,340,235
4705,0,65333.91203,758,265
4706,0,1842.871629,101,27
4707,0,2093.138147,127,33
4708,0,2700.358223,97,43
4709,0,1490.678385,122,34
4710,0,7923.402944,109,97
4711,0,3892.396898,71,67
4712,0,2086.697722,83,39
4713,0,1927.297201,102,27
4714,0,39330.03078,386,160
4715,0,2130.800633,119,31
4716,0,676.6646598,54,19
4717,0,2066.536391,86,34
4718,0,2836.447205,138,39
4719,0,7878.03995,276,76
4720,0,1882.844267,111,30
4721,0,78718.79543,611,222
4722,0,134493.4366,584,400
4723,0,2755.556866,90,43
4724,0,2796.684581,76,46
4725,0,2235.772561,78,43
4726,0,4251.905625,118,52
4727,0,19360.6528,339,112
4728,0,77265.84954,480,353
4729,0,17983.3119,471,104
4730,0,2105.598969,94,36
4731,0,4224.113791,117,73
4732,0,7790.779191,171,71
4733,0,95614.62055,1040,419
4734,0,45322.21626,365,253
4735,0,211909.936,1206,462
4736,0,1021.927447,67,28
4737,0,12831.42687,168,115
4738,0,4543.859894,138,49
4739,0,7265.639531,159,94
4740,0,1745.215184,65,36
4741,0,18068.33251,256,111
4742,0,4955.907089,122,60
4743,0,8060.051962,117,103
4744,0,8738.326729,249,55
4745,0,6461.426454,293,50
4746,0,2154.39219,102,36
4747,0,7228.852103,212,63
4748,0,4838.19432,195,49
4749,0,3350.561137,116,46
4750,0,1146.67568,90,19
4751,0,1703.63244,121,26
4752,0,22337.49427,205,144
4753,0,2550.408327,143,31
4754,0,2069.056558,99,44
4755,0,1922.88691,116,26
4756,0,866.9372177,61,21
4757,0,2148.441797,87,52
4758,0,11149.21585,274,91
4759,0,13806.73124,346,98
4760,0,2690.277558,67,61
4761,0,23262.39532,374,203
4762,0,8054.451593,372,95
4763,0,3403.48463,181,33
4764,0,3436.246792,134,46
4765,0,854.3363861,49,27
4766,0,1239.921835,68,26
4767,0,3499.110941,119,51
4768,0,242706.5786,886,430
4769,0,72135.0009,372,305
4770,0,1258.33305,104,37
4771,0,830.4298082,84,19
4772,0,5266.097562,247,78
4773,0,7556.123703,248,73
4774,0,3527.357805,95,51
4775,0,10946.9725,198,83
4776,0,8023.089523,177,70
4777,0,6744.525138,478,64
4778,0,1645.388595,87,34
4779,0,14109.01119,328,155
4780,0,807.0832674,62,17
4781,0,5618.710834,268,60
4782,0,50566.96241,372,229
4783,0,10887.46857,291,121
4784,0,1242.58201,111,24
4785,0,666.7940082,79,16
4786,0,78760.08898,737,238
4787,0,38586.54671,534,124
4788,0,12266.55959,184,95
4789,0,11095.73232,213,100
4790,0,2086.697722,81,36
4791,0,1572.583791,145,17
4792,0,1422.633894,67,34
4793,0,1323.087324,84,26
4794,0,5619.970917,149,64
4795,0,1046325.371,1880,1169
4796,0,1384.201357,43,43
4797,0,133102.8648,1393,557
4798,0,8822.053265,163,81
4799,0,21982.57085,344,120
4800,0,6910.856116,342,56
4801,0,9670.718266,326,86
4802,0,15181.26343,283,88
4803,0,48095.97433,709,141
4804,0,257142.0684,2134,505
4805,0,17056.48573,354,100
4806,0,32343.25465,414,196
4807,0,76008.89724,419,262
4808,0,2261.849282,195,38
4809,0,9242.850027,233,112
4810,0,1437.054845,121,25
4811,0,16460.04636,235,154
4812,0,16415.2434,276,87
4813,0,131893.0799,1677,446
4814,0,2909.567031,141,47
4815,0,5896.139145,196,44
4816,0,2619.922915,114,37
4817,0,3409.225009,217,36
4818,0,12200.0552,387,68
4819,0,5415.732438,265,41
4820,0,5525.114657,169,68
4821,0,26796.93563,541,204
4822,0,6214.859063,223,57
4823,0,459.4053207,38,16
4824,0,2023.492631,160,47
4825,0,2812.505625,133,42
4826,0,1294.805457,134,33
4827,0,812.0535954,76,16
4828,0,3912.418219,129,54
4829,0,7931.52348,290,70
4830,0,4037.697769,105,62
4831,0,10233.13539,253,105
4832,0,17032.54415,705,93
4833,0,2895.671114,114,51
4834,0,58315.52882,391,212
4835,0,19437.76289,218,149
4836,0,14910.42409,356,74
4837,0,383949.0067,1787,843
4838,0,45318.69335,548,234
4839,0,19368.31831,600,132
4840,0,39974.3183,496,172
4841,0,16272.13646,354,119
4842,0,7683.117419,297,79
4843,0,358084.5441,2800,570
4844,0,4713.936119,166,79
4845,0,50105.38695,908,151
4846,0,17103.52883,327,129
4847,0,10666.60399,282,81
4848,0,14814.03379,370,115
4849,0,9181.98101,382,78
4850,0,53322.23926,608,283
4851,0,15703.43643,338,93
4852,0,119545.49,636,282
4853,0,111940.188,745,249
4854,0,2339.204387,192,24
4855,0,6291.595245,384,52
4856,0,6102.58277,199,43
4857,0,1280.244496,66,29
4858,0,1389.871731,160,32
4859,0,1810.739509,129,29
4860,0,1195.818924,74,35
4861,0,560.7370086,58,18
4862,0,738.4087349,72,21
4863,0,991.6854512,58,26
4864,0,4246.480267,112,83
4865,0,2771.622927,110,38
4866,0,1549.622275,83,27
4867,0,1041.66875,62,22
4868,0,1425.854106,85,23
4869,0,604.8399193,38,23
4870,0,18495.5007,264,135
4871,0,953.5679354,38,38
4872,0,873.8676753,40,34
4873,0,6520.055323,200,56
4874,0,1120.073925,75,30
4875,0,832.3899377,95,17
4876,0,12040.79469,171,130
4877,0,62584.13055,558,247
4878,0,120936.4818,491,385
4879,0,293107.21,841,551
4880,0,1562.853148,75,28
4881,0,244107.126,1850,451
4882,0,12384.06235,138,121
4883,0,1232.361336,75,26
4884,0,2269.409781,79,40
4885,0,20364.51033,288,105
4886,0,202255.8215,1011,421
4887,0,11059.60884,185,105
4888,0,7660.54254,151,73
4889,0,354333.706,995,625
4890,0,210787.972,924,501
4891,0,147114.4295,773,328
4892,0,97054.84311,788,278
4893,0,64294.86846,624,198
4894,0,33935.83351,327,288
4895,0,20566.79741,396,100
4896,0,49753.68374,356,273
4897,0,158349.226,851,383
4898,0,507804.3041,4801,633
4899,0,105665.5597,526,406
4900,0,8634.985325,199,72
4901,0,2811.252968,114,43
4902,0,1890.75479,83,31
4903,0,2049.210248,61,44
4904,0,6777.603105,243,65
4905,0,11904.70571,246,94
4906,0,3165.328911,182,36
4907,0,1250.0025,75,24
4908,0,25778.02275,400,151
4909,0,4061.248042,158,54
4910,0,7528.849459,171,68
4911,0,181848.9478,757,396
4912,0,5488.362231,153,75
4913,0,3415.356303,105,53
4914,0,7830.01678,108,94
4915,0,9423.181929,286,106
4916,0,1206.879654,102,18
4917,0,3243.174049,107,60
4918,0,1371.530521,103,28
4919,0,1004.146274,73,19
4920,0,4958.007228,91,78
4921,0,275.5381855,31,15
4922,0,393.1459476,39,19
4923,0,498.4328965,56,14
4924,0,1606.186008,69,33
4925,0,5036.412403,103,68
4926,0,1550.742349,70,31
4927,0,891.0188072,43,33
4928,0,1994.85166,90,42
4929,0,4253.480729,80,72
4930,0,7045.264987,155,80
4931,0,823.8143717,91,23
4932,0,2974.916344,78,61
4933,0,9012.114799,160,87
4934,0,1533.381203,90,22
4935,0,8126.696361,291,71
4936,0,18394.41403,324,152
4937,0,24290.48317,290,196
4938,0,1003.586237,44,31
4939,0,981.7447951,67,27
4940,0,6787.647984,162,57
4941,0,1819.000054,101,31
4942,0,2087.257759,102,30
4943,0,7640.024241,254,55
4944,0,1261.763276,55,29
4945,0,7515.135998,395,45
4946,0,822.5542885,36,34
4947,0,1999.506967,73,38
4948,0,7168.473118,109,83
4949,0,13134.61688,249,136
4950,0,7077.467112,122,75
4951,0,2310.15247,118,33
4952,0,5780.631521,149,81
4953,0,7653.255114,227,73
4954,0,8733.95144,124,111
4955,0,393.7759892,61,14
4956,0,592.4140994,99,26
4957,0,1181.327968,98,20
4958,0,1001.06607,52,25
4959,0,11295.71266,127,106
4960,0,2857.308582,88,44
4961,0,39741.62294,488,317
4962,0,15781.68652,217,137
4963,0,13219.11246,192,94
4964,0,1275.204163,58,34
4965,0,1004.286283,73,29
4966,0,3436.246792,116,56
4967,0,2409.279012,74,41
4968,0,4613.164468,134,45
4969,0,8320.329141,226,58
4970,0,12328.65369,196,109
4971,0,6762.356876,269,87
4972,0,13591.25702,285,92
4973,0,2827.626623,102,51
4974,0,5181.461976,86,74
4975,0,2202.310352,130,32
4976,0,17703.32842,242,121
4977,0,46778.76739,325,246
4978,0,5671.503499,200,55
4979,0,9858.672135,171,97
4980,0,25275.58819,234,144
4981,0,7408.168939,185,77
4982,0,8210.141869,161,65
4983,0,4471.969816,126,52
4984,0,1298.165679,71,26
4985,0,21657.74941,253,132
4986,0,7178.973811,155,91
4987,0,6333.668021,158,68
4988,0,498.7829197,49,15
4989,0,6108.778179,161,80
4990,0,17604.41189,193,152
4991,0,5634.496876,119,68
4992,0,5504.988329,169,51
4993,0,18338.58534,475,111
4994,0,39910.6141,845,146
4995,0,6088.721855,259,35
4996,0,53700.54423,470,204
4997,0,47512.1358,540,167
4998,0,150359.4237,1025,385
4999,0,10987.22516,361,60
5000,0,3984.137953,158,36
5001,0,5921.515819,245,46
5002,0,14980.11369,326,191
5003,0,2191.984671,86,41
5004,0,1694.671848,91,29
5005,0,3503.0312,112,51
5006,0,2232.867369,109,36
5007,0,1664.989889,108,25
5008,0,1248.707415,84,29
5009,0,858341.7705,3154,1053
5010,0,153109.7286,1427,325
5011,0,19241.46993,239,130
5012,0,35211.76397,385,157
5013,0,125294.5494,577,348
5014,0,28209.48182,242,224
5015,0,8529.502946,234,89
5016,0,21556.24271,268,156
5017,0,8515.642032,129,91
5018,0,37423.20993,290,258
5019,0,6549.632275,137,85
5020,0,4061.948088,162,39
5021,0,601.4796976,40,21
5022,0,2360.555797,80,40
5023,0,710.546896,43,21
5024,0,20163.95582,285,118
5025,0,4360.412787,81,71
5026,0,26069.7206,288,132
5027,0,9927.530216,129,96
5028,0,2761.682271,78,51
5029,0,9808.522361,164,101
5030,0,2743.306058,88,42
5031,0,2322.403279,143,25
5032,0,1969.755004,86,34
5033,0,5154.965227,108,76
5034,0,3678.742797,121,57
5035,0,4203.777449,75,73
5036,0,1697.332024,69,57
5037,0,4254.040766,104,81
5038,0,9155.76428,213,98
5039,0,4989.929335,202,47
5040,0,7656.265313,118,109
5041,0,76339.75842,729,257
5042,0,3685.603249,158,48
5043,0,7067.666465,188,66
5044,0,3863.379983,91,53
5045,0,711.4219537,70,40
5046,0,3582.486444,72,70
5047,0,336.0221774,62,13
5048,0,21214.20013,494,141
5049,0,8437.306862,276,82
5050,0,675.5445858,53,22
5051,0,727.1729933,68,20
5052,0,1037.818496,88,23
5053,0,1559.352917,84,31
5054,0,1409.718041,109,20
5055,0,3767.998687,84,60
5056,0,5581.993411,189,50
5057,0,12711.96399,293,79
5058,0,2233.707424,66,45
5059,0,1684.451174,77,35
5060,0,2009.132603,132,36
5061,0,983.0048782,81,18
5062,0,1074.290903,62,28
5063,0,700.6062399,74,23
5064,0,2846.52787,114,48
5065,0,3759.24811,101,47
5066,0,4860.140769,181,43
5067,0,3073.34284,98,45
5068,0,901.5895048,46,28
5069,0,786.9219368,38,27
5070,0,1048.389194,53,30
5071,0,1844.761754,62,43
5072,0,2305.952193,67,53
5073,0,6013.116865,292,40
5074,0,51969.60999,646,230
5075,0,1720.013521,109,44
5076,0,5577.12809,228,60
5077,0,3629.039516,168,50
5078,0,1681.790998,120,21
5079,0,4874.561721,111,67
5080,0,2800.184812,182,44
5081,0,43076.46804,502,160
5082,0,144538.5395,537,404
5083,0,21022.38748,184,167
5084,0,8277.486313,106,104
5085,0,5982.874869,106,78
5086,0,7957.425189,150,70
5087,0,20390.66578,215,129
5088,0,3353.501331,107,45
5089,0,763.8904167,52,21
5090,0,909.5000269,39,32
5091,0,450.2697177,57,16
5092,0,873.0976243,64,19
5093,0,4240.039842,111,51
5094,0,5161.300645,156,48
5095,0,2409.279012,95,39
5096,0,1094.040957,41,35
5097,0,1662.749741,71,34
5098,0,19033.97624,165,157
5099,0,86572.75379,420,292
5100,0,6780.927541,169,58
5101,0,28990.22291,297,157
5102,0,3622.87911,72,68
5103,0,28046.09104,350,121
5104,0,7937.263859,180,80
5105,0,93493.13054,637,524
5106,0,20078.16516,189,153
5107,0,21701.15227,292,127
5108,0,18886.12648,218,120
5109,0,19441.82316,206,182
5110,0,81517.30013,534,242
5111,0,41507.13947,353,166
5112,0,9005.814383,176,109
5113,0,8760.036912,149,105
5114,0,30573.08186,394,121
5115,0,26308.29634,301,129
5116,0,11176.09762,204,77
5117,0,12545.70302,173,131
5118,0,2507.040464,135,46
5119,0,1540.976704,107,23
5120,0,11204.23948,185,116
5121,0,7900.896458,297,65
5122,0,1737.864699,119,25
5123,0,599.7995867,63,17
5124,0,682.6850572,67,21
5125,0,959.3433166,66,24
5126,0,47192.95848,546,231
5127,0,104940.8181,1059,277
5128,0,11998.23188,310,65
5129,0,5424.518018,189,57
5130,0,3428.546284,87,73
5131,0,9795.606509,152,102
5132,0,8342.870629,174,87
5133,0,16308.27634,246,120
5134,0,23344.58074,289,120
5135,0,58008.62856,586,245
5136,0,17271.95995,269,128
5137,0,23589.07188,284,106
5138,0,118712.8173,801,231
5139,0,87724.9801,745,276
5140,0,8994.71865,177,74
5141,0,11689.89653,269,74
5142,0,730.6732244,43,25
5143,0,3421.475817,80,65
5144,0,14143.30236,188,116
5145,0,41078.67386,287,204
5146,0,5083.5865,128,64
5147,0,8463.600212,233,78
5148,0,8267.06438,154,111
5149,0,40294.5761,312,222
5150,0,24637.14605,216,168
5151,0,4336.926237,229,42
5152,0,1900.625441,105,32
5153,0,47779.83346,504,189
5154,0,23692.08367,437,100
5155,0,87011.01943,784,257
5156,0,5127.838437,126,83
5157,0,47777.00938,346,233
5158,0,142689.5308,1543,496
5159,0,74370.47761,493,245
5160,0,3106.297734,141,31
5161,0,201222.1416,618,426
5162,0,36775.8422,310,243
5163,0,27167.6937,344,189
5164,0,3358.121636,109,48
5165,0,58448.19443,575,179
5166,0,37043.81989,593,156
5167,0,78298.41769,806,339
5168,0,3405.549766,115,54
5169,0,6407.951372,200,61
5170,0,75932.8102,960,188
5171,0,211875.4588,1168,491
5172,0,7130.390605,143,80
5173,0,4086.029677,124,66
5174,0,28631.32966,354,146
5175,0,30956.60313,432,111
5176,0,3846.333858,193,51
5177,0,66044.55303,592,206
5178,0,33131.78669,433,151
5179,0,13259.43512,167,121
5180,0,22663.57579,192,168
5181,0,11816.77991,209,96
5182,0,1869.560891,98,26
5183,0,6019.837309,182,63
5184,0,14856.66054,275,116
5185,0,6706.442624,106,97
5186,0,4884.642386,117,62
5187,0,4991.049409,86,73
5188,0,10106.042,289,67
5189,0,2218.271406,119,30
5190,0,11163.44544,154,144
5191,0,1686.017527,67,36
5192,0,5663.093763,98,91
5193,0,6509.472608,125,72
5194,0,7367.28624,138,82
5195,0,2109.659237,55,49
5196,0,1531.141055,88,36
5197,0,7485.454039,178,70
5198,0,23552.21444,281,115
5199,0,9977.338503,258,64
5200,0,13947.86056,186,128
5201,0,660.8436156,49,24
5202,0,1959.035546,66,41
5203,0,1636.428004,70,37
5204,0,619.9609173,54,21
5205,0,561.7170732,58,18
5206,0,6066.775406,102,84
5207,0,10007.88318,259,75
5208,0,4745.438198,116,64
5209,0,5525.114657,140,57
5210,0,5262.73734,143,72
5211,0,4239.54981,112,68
5212,0,2438.260925,65,48
5213,0,6273.95408,157,77
5214,0,18635.36993,365,98
5215,0,3080.203293,66,64
5216,0,8406.67984,164,90
5217,0,1291.585244,70,28
5218,0,764.8004767,43,27
5219,0,11311.87158,156,99
5220,0,4182.776063,117,51
5221,0,4057.642804,83,66
5222,0,567.0374244,29,27
5223,0,9688.639449,201,83
5224,0,1996.006736,84,34
5225,0,3182.044284,87,52
5226,0,1606.606036,61,42
5227,0,1289.835129,87,26
5228,0,1746.615276,101,25
5229,0,3056.576734,105,54
5230,0,1515.600029,66,32
5231,0,4658.807481,143,53
5232,0,9679.888871,162,83
5233,0,5841.885564,102,77
5234,0,5517.904181,199,48
5235,0,23133.86683,372,139
5236,0,6808.107811,186,55
5237,0,11841.0015,259,80
5238,0,10332.68196,197,88
5239,0,12285.81086,186,99
5240,0,4666.087961,177,46
5241,0,2840.227455,104,39
5242,0,5938.771958,164,71
5243,0,20008.86058,289,153
5244,0,21125.29427,224,197
5245,0,8627.789433,182,94
5246,0,1676.962844,126,29
5247,0,11207.17967,191,82
5248,0,133268.9157,549,495
5249,0,1990.931401,64,40
5250,0,609.880252,35,25
5251,0,5265.46752,93,73
5252,0,841.1055128,41,28
5253,0,1189.833529,60,31
5254,0,1611.786378,60,36
5255,0,1513.219872,124,25
5256,0,7222.236667,139,77
5257,0,3183.678872,70,67
5258,0,4167.795074,109,69
5259,0,1050.629341,70,22
5260,0,7988.927268,185,58
5261,0,6492.928532,97,87
5262,0,14196.67523,237,94
5263,0,2073.886876,65,60
5264,0,2808.935389,126,56
5265,0,44612.1944,483,263
5266,0,2213.966122,122,34
5267,0,74230.76422,666,215
5268,0,1861.142835,109,35
5269,0,4876.206829,190,49
5270,0,2613.727506,168,21
5271,0,13761.99829,231,83
5272,0,701.8663231,46,26
5273,0,49067.20968,471,237
5274,0,66868.83333,376,338
5275,0,4075.108957,197,44
5276,0,5482.621852,188,54
5277,0,86405.16273,411,331
5278,0,7314.782775,239,59
5279,0,3940.092063,113,79
5280,0,1518.400214,73,31
5281,0,22018.41321,185,168
5282,0,5060.493992,161,45
5283,0,4968.507921,169,70
5284,0,8067.052424,118,96
5285,0,83070.82215,537,234
5286,0,3363.161968,112,60
5287,0,122727.06,609,477
5288,0,13417.36554,262,96
5289,0,19512.38782,220,156
5290,0,4101.710712,104,62
5291,0,3245.974234,105,48
5292,0,39265.59152,532,209
5293,0,2066.851412,97,38
5294,0,597.9094619,75,14
5295,0,5996.770786,222,44
5296,0,9810.727507,264,82
5297,0,5382.699007,151,55
5298,0,5415.732438,160,53
5299,0,1584.729592,62,38
5300,0,4081.706892,119,51
5301,0,20361.71887,199,146
5302,0,35893.88899,553,178
5303,0,1984.770995,106,31
5304,0,1505.939392,87,29
5305,0,2205.145539,87,45
5306,0,1680.950942,75,38
5307,0,4997.489834,134,69
5308,0,4122.992117,157,60
5309,0,2106.859052,64,53
5310,0,478.8316028,45,15
5311,0,2947.334524,102,40
5312,0,3186.750325,104,49
5313,0,7631.063649,146,85
5314,0,5390.355763,92,84
5315,0,3359.164654,87,65
5316,0,5882.068216,116,84
5317,0,7561.759075,156,82
5318,0,7101.093671,152,77
5319,0,2697.838057,100,38
5320,0,15933.75163,206,141
5321,0,3279.996479,130,41
5322,0,3335.440138,179,44
5323,0,2777.223296,70,50
5324,0,1611.646368,110,29
5325,0,1558.722876,89,40
5326,0,2387.857598,84,45
5327,0,1806.959259,96,34
5328,0,3302.677976,218,50
5329,0,1406.252812,66,32
5330,0,1335.688155,45,39
5331,0,1229.841169,61,27
5332,0,1894.535039,63,47
5333,0,18221.36261,283,94
5334,0,6877.253898,160,60
5335,0,6016.850445,129,69
5336,0,2326.393542,64,47
5337,0,19793.9464,309,96
5338,0,264465.5547,841,546
5339,0,3669.362177,91,62
5340,0,5026.573311,266,66
5341,0,13865.95515,181,111
5342,0,11098.81252,276,80
5343,0,20066.82441,312,146
5344,0,3652.561068,174,33
5345,0,23804.93112,472,120
5346,0,4616.944718,176,47
5347,0,16582.69446,469,102
5348,0,1710.91292,93,29
5349,0,3094.764254,165,37
5350,0,2511.765776,70,44
5351,0,6593.875195,275,66
5352,0,2997.317823,144,46
5353,0,10322.18126,259,70
5354,0,6131.52968,173,57
5355,0,6323.167328,187,64
5356,0,7630.503612,233,55
5357,0,13012.98386,280,74
5358,0,37144.45153,301,241
5359,0,88227.69802,394,370
5360,0,28165.48392,249,206
5361,0,28127.85643,283,159
5362,0,5070.084625,159,75
5363,0,5207.468692,88,82
5364,0,1260.958223,66,33
5365,0,1466.596795,75,25
5366,0,5070.959683,95,67
5367,0,22977.19649,350,112
5368,0,12867.40925,242,81
5369,0,8133.976841,110,95
5370,0,9802.886989,141,109
5371,0,8949.390658,137,113
5372,0,3906.81785,76,62
5373,0,96519.01024,495,322
5374,0,290625.5813,821,568
5375,0,111404.8305,452,332
5376,0,44798.5117,421,182
5377,0,10441.18912,139,106
5378,0,5923.265935,119,74
5379,0,17616.6627,241,165
5380,0,38306.52823,357,150
5381,0,9863.651,338,68
5382,0,2732.805365,115,35
5383,0,1954.597694,70,41
5384,0,1822.745301,104,45
5385,0,558.2868469,45,15
5386,0,1245.207184,56,32
5387,0,370.1494298,42,15
5388,0,1208.454758,65,33
5389,0,31527.00078,533,127
5390,0,40688.08541,692,186
5391,0,17280.78053,546,108
5392,0,2913.312278,105,43
5393,0,5821.584224,297,64
5394,0,10975.32437,330,146
5395,0,22793.64438,300,157
5396,0,2134.580882,94,33
5397,0,2249.24845,121,22
5398,0,3097.284421,178,30
5399,0,1876.263833,106,22
5400,0,1852.322253,118,25
5401,0,4265.381515,230,37
5402,0,853.0763029,91,16
5403,0,3083.423506,161,30
5404,0,7809.155403,328,90
5405,0,2291.67125,121,36
5406,0,6250.0125,223,64
5407,0,6232.371336,153,66
5408,0,1885.084415,117,31
5409,0,3069.562591,179,49
5410,0,8884.846398,220,90
5411,0,8744.977167,317,75
5412,0,1287.804995,53,33
5413,0,8713.475088,242,101
5414,0,1854.842419,128,29
5415,0,2959.935355,96,42
5416,0,3370.722467,166,28
5417,0,2259.049097,158,38
5418,0,4977.608521,241,53
5419,0,1266.243572,93,24
5420,0,3137.8871,121,38
5421,0,3037.080447,141,40
5422,0,3072.922813,154,29
5423,0,4875.121757,162,40
5424,0,2567.769472,107,41
5425,0,2008.292547,85,36
5426,0,5968.313908,171,54
5427,0,24434.97271,318,205
5428,0,5128.818501,149,56
5429,0,38703.0344,651,161
5430,0,141913.3663,487,385
5431,0,47329.98377,344,200
5432,0,28344.31072,263,173
5433,0,18487.9402,247,97
5434,0,73848.43399,357,330
5435,0,53973.14222,407,203
5436,0,15605.00702,349,87
5437,0,5931.211459,238,58
5438,0,5245.726217,210,53
5439,0,2002.27215,167,23
5440,0,2536.547412,141,26
5441,0,1331.639485,108,19
5442,0,1543.601878,110,27
5443,0,3931.459476,128,42
5444,0,8065.792341,112,105
5445,0,30702.63404,258,203
5446,0,1462.956555,96,18
5447,0,7870.499621,280,58
5448,0,3856.97456,173,31
5449,0,6105.522964,122,65
5450,0,3061.722073,109,44
5451,0,2166.783007,157,34
5452,0,31435.99477,334,172
5453,0,19791.70625,276,163
5454,0,8608.865104,301,49
5455,0,31498.71891,291,163
5456,0,6142.485403,208,40
5457,0,1420.253737,77,34
5458,0,2237.907702,132,29
5459,0,2507.845518,102,32
5460,0,4501.577103,217,31
5461,0,14155.49426,325,125
5462,0,5639.012174,166,67
5463,0,7454.091969,322,51
5464,0,14965.86775,355,89
5465,0,15989.61531,354,106
5466,0,777.3313038,47,21
5467,0,2189.744523,99,49
5468,0,5450.279718,167,59
5469,0,3479.509647,234,30
5470,0,1080.696326,49,31
5471,0,1762.366316,61,41
5472,0,1648.976667,121,31
5473,0,666.7940083,66,16
5474,0,1111.323347,62,25
5475,0,9687.764391,153,96
5476,0,2748.661411,218,23
5477,0,7986.442104,141,87
5478,0,5606.53003,214,40
5479,0,28206.61163,335,137
5480,0,22564.23924,297,137
5481,0,307.1452715,38,14
5482,0,1071.945748,55,25
5483,0,441.9041656,38,19
5484,0,1081.571384,109,16
5485,0,13794.41043,281,148
5486,0,5997.995867,255,61
5487,0,2357.615603,155,40
5488,0,4264.121431,212,40
5489,0,1107.753112,75,25
5490,0,1621.482018,127,16
5491,0,3374.222698,207,34
5492,0,663.2937773,71,18
5493,0,2093.138147,90,34
5494,0,5027.206795,146,70
5495,0,2293.526372,123,35
5496,0,6189.283492,155,70
5497,0,4174.025485,153,44
5498,0,8093.409164,173,115
5499,0,36615.04159,379,139
5500,0,5025.45668,256,52
5501,0,1505.099336,95,30
5502,0,64542.5098,333,304
5503,0,1136.700022,70,22
5504,0,2210.833415,135,34
5505,0,2551.66841,146,39
5506,0,12984.10695,172,145
5507,0,2777.43331,75,57
5508,0,1902.375557,127,24
5509,0,1385.14642,146,15
5510,0,2000.819554,147,33
5511,0,9011.125983,294,59
5512,0,5183.982142,165,48
5513,0,1873.323639,94,31
5514,0,734.3134646,42,27
5515,0,1725.053853,124,32
5516,0,392.8309268,59,14
5517,0,1646.928697,110,25
5518,0,979.714661,85,23
5519,0,8352.378861,309,59
5520,0,20875.37777,177,160
5521,0,4771.689931,179,49
5522,0,6390.546775,166,51
5523,0,6756.320916,230,61
5524,0,1491.098412,95,26
5525,0,4939.70102,118,61
5526,0,798.6127084,80,19
5527,0,1900.76545,154,32
5528,0,23754.5278,431,135
5529,0,6868.853343,152,64
5530,0,84173.55544,809,385
5531,0,19881.59218,463,122
5532,0,2084.177556,146,22
5533,0,233827.3326,715,579
5534,0,14390.70979,268,95
5535,0,5573.48785,156,49
5536,0,1259.523128,66,27
5537,0,5407.156872,134,59
5538,0,2216.171267,67,48
5539,0,4022.815505,137,49
5540,0,3468.728935,147,45
5541,0,3221.962649,155,36
5542,0,2311.272544,162,25
5543,0,10178.67179,237,129
5544,0,74855.72172,941,247
5545,0,19316.89991,231,115
5546,0,12831.42687,249,78
5547,0,20751.04957,511,94
5548,0,32742.00097,436,155
5549,0,22517.68616,575,110
5550,0,28868.50532,392,141
5551,0,7553.49853,128,86
5552,0,5351.713212,197,72
5553,0,4475.815403,177,95
5554,0,10395.68611,368,58
5555,0,6497.303821,191,95
5556,0,2583.170489,69,47
5557,0,4930.705426,137,47
5558,0,39157.08436,579,176
5559,0,47225.11685,482,162
5560,0,57514.04592,522,324
5561,0,7791.234221,149,71
5562,0,16910.87612,198,111
5563,0,4516.319881,216,58
5564,0,3114.925585,74,57
5565,0,772.6759966,64,17
5566,0,880.0893358,53,27
5567,0,2917.792574,138,26
5568,0,1600.025602,84,42
5569,0,591.9590692,44,18
5570,0,1274.084089,61,31
5571,0,1236.001576,89,23
5572,0,2512.88585,128,41
5573,0,3495.855726,84,56
5574,0,1134.074849,104,19
5575,0,1385.216424,102,21
5576,0,795.4274981,60,25
5577,0,687.7953945,62,16
5578,0,2077.387107,136,28
5579,0,1197.954065,55,33
5580,0,478.6565913,57,15
5581,0,7381.98721,172,66
5582,0,5976.644458,202,51
5583,0,1121.754036,83,19
5584,0,49924.49501,329,234
5585,0,5525.114657,442,39
5586,0,2734.380469,80,42
5587,0,810.2334753,49,26
5588,0,1172.57739,66,28
5589,0,686.045279,48,18
5590,0,1456.656139,59,37
5591,0,766.1305645,37,26
5592,0,1693.866795,87,38
5593,0,2391.007806,81,49
5594,0,4798.396694,83,80
5595,0,1125.114257,54,29
5596,0,605.3999563,51,18
5597,0,794.6924496,64,20
5598,0,814.8537803,59,24
5599,0,1029.907974,42,35
5600,0,467.2808405,53,15
5601,0,3151.301735,293,35
5602,0,1780.477053,102,36
5603,0,1645.983635,94,27
5604,0,848.5872566,55,21
5605,0,3256.36992,175,51
5606,0,525.4546799,45,20
5607,0,2348.79502,121,24
5608,0,1439.294993,49,39
5609,0,2126.460346,136,26
5610,0,1768.03669,88,29
5611,0,615.4806216,34,26
5612,0,2239.027776,78,47
5613,0,1845.321791,86,30
5614,0,1249.801237,73,26
5615,0,3263.527892,130,38
5616,0,3238.098714,134,65
5617,0,2293.03634,97,40
5618,0,4405.91579,173,40
5619,0,1626.732364,66,32
5620,0,5486.612116,235,49
5621,0,16801.10887,636,112
5622,0,5595.119277,290,59
5623,0,2718.419415,192,41
5624,0,1419.343677,144,22
5625,0,1283.709725,101,36
5626,0,1394.492036,132,33
5627,0,696.1259441,78,20
5628,0,1799.39876,169,23
5629,0,3384.303364,114,50
5630,0,618.3858135,83,17
5631,0,705.6465725,96,15
5632,0,713.2070716,65,33
5633,0,1027.282801,76,23
5634,0,3531.383071,126,42
5635,0,3702.964396,228,88
5636,0,2523.885326,142,31
5637,0,8971.792137,140,93
5638,0,4413.091264,209,56
5639,0,2780.268497,129,32
5640,0,1641.258323,57,41
5641,0,1527.850838,92,31
5642,0,1530.476011,131,32
5643,0,656.2933152,66,25
5644,0,17125.37027,254,152
5645,0,67714.34914,437,230
5646,0,24588.00281,352,117
5647,0,22077.91714,267,129
5648,0,65553.30651,792,199
5649,0,41912.88625,508,151
5650,0,1767.896681,97,26
5651,0,1552.42246,60,36
5652,0,2521.426414,119,31
5653,0,5521.684431,135,61
5654,0,10107.79211,200,80
5655,0,5591.409032,339,58
5656,0,6138.005108,170,98
5657,0,4050.187312,89,72
5658,0,831.6548892,48,28
5659,0,8083.573515,164,68
5660,0,44886.08748,550,167
5661,0,31881.8542,629,145
5662,0,2169.268171,151,33
5663,0,2198.145077,171,31
5664,0,2314.527759,126,30
5665,0,2459.787346,115,34
5666,0,2591.851062,84,42
5667,0,5120.977984,123,55
5668,0,3592.480303,117,47
5669,0,4747.679746,81,72
5670,0,3666.674,87,50
5671,0,2245.882628,58,52
5672,0,1941.22252,56,52
5673,0,5198.935129,112,71
5674,0,1382.081617,55,49
5675,0,882.8646689,48,25
5676,0,749.1054409,53,20
5677,0,3704.308484,133,44
5678,0,2350.183912,116,31
5679,0,1211.113533,62,38
5680,0,11302.88999,216,105
5681,0,1494.268222,87,25
5682,0,6030.197992,144,65
5683,0,5951.652808,120,84
5684,0,7400.731648,208,55
5685,0,24843.06044,204,187
5686,0,23192.87793,266,134
5687,0,3809.326615,118,43
5688,0,9873.854873,214,66
5689,0,16157.02156,166,129
5690,0,21578.17936,205,140
5691,0,1840.931101,72,39
5692,0,3604.957927,84,59
5693,0,2408.158938,82,44
5694,0,2826.170527,77,49
5695,0,2400.721647,78,46
5696,0,1832.261729,64,48
5697,0,1390.325361,52,37
5698,0,882.4390408,52,24
5699,0,3082.869069,136,39
5700,0,3961.298245,124,49
5701,0,4645.977034,145,52
5702,0,4459.865551,101,79
5703,0,2507.061466,119,35
5704,0,12507.88792,138,127
5705,0,10218.36721,155,101
5706,0,2656.053699,79,44
5707,0,968.5503242,42,31
5708,0,5775.61639,128,68
5709,0,7555.055433,147,82
5710,0,15646.80549,161,121
5711,0,6663.723005,114,88
5712,0,5490.131948,128,71
5713,0,3622.386277,103,51
5714,0,739.1143816,56,19
5715,0,4245.573007,111,55
5716,0,1223.79277,55,37
5717,0,2308.606768,69,45
5718,0,10216.86631,142,113
5719,0,7930.840235,166,77
5720,0,12096.79839,216,88
5721,0,2978.142157,73,63
5722,0,4326.531951,91,63
5723,0,1186.158286,55,29
5724,0,48062.37211,314,237
5725,0,34061.44805,334,186
5726,0,3427.846237,72,61
5727,0,51602.03906,355,215
5728,0,11618.97485,186,80
5729,0,16974.2275,248,117
5730,0,48128.52368,291,221
5731,0,4102.024333,89,79
5732,0,3732.668756,82,65
5733,0,9270.986284,156,85
5734,0,1580.849936,80,26
5735,0,1091.534441,81,19
5736,0,3412.193204,67,65
5737,0,2222.988317,88,43
5738,0,3115.530425,73,54
5739,0,3306.458226,100,43
5740,0,2840.507473,83,46
5741,0,5487.510975,102,74
5742,0,1183.873336,58,25
5743,0,5862.377317,146,56
5744,0,5255.207643,117,71
5745,0,37729.10772,353,137
5746,0,4087.104948,91,66
5747,0,1683.874336,75,33
5748,0,2602.42456,111,40
5749,0,941.9373678,49,29
5750,0,4420.976584,114,54
5751,0,11218.57082,164,95
5752,0,17583.09968,166,142
5753,0,15293.62938,187,115
5754,0,4959.267311,100,64
5755,0,1134.494877,48,32
5756,0,18601.20768,371,139
5757,0,7933.623618,148,80
5758,0,18649.23085,316,122
5759,0,1287.804995,60,26
5760,0,2036.434404,81,34
5761,0,614.6405663,49,20
5762,0,29428.8223,262,162
5763,0,4991.609446,105,57
5764,0,3461.028428,98,48
5765,0,52157.6424,297,287
5766,0,16769.32677,211,130
5767,0,4592.863129,117,58
5768,0,5306.910256,140,55
5769,0,3697.924063,106,51
5770,0,23327.77963,283,129
5771,0,21707.03266,327,95
5772,0,10978.96461,210,74
5773,0,3500.791052,111,48
5774,0,2245.165781,56,54
5775,0,2246.957899,66,45
5776,0,3356.458326,74,59
5777,0,17407.92012,240,102
5778,0,30225.15006,366,121
5779,0,5691.767656,112,88
5780,0,8374.210297,226,50
5781,0,1610.039062,74,34
5782,0,1764.878082,62,37
5783,0,2352.827286,114,32
5784,0,5519.769104,285,56
5785,0,2935.713757,81,50
5786,0,2683.137087,60,56
5787,0,1372.762602,73,28
5788,0,1471.329108,76,26
5789,0,2204.865521,90,43
5790,0,2200.810853,86,33
5791,0,1187.905602,60,29
5792,0,35445.23218,328,165
5793,0,27230.16199,253,164
5794,0,7300.373024,199,56
5795,0,4050.187312,86,70
5796,0,15316.15967,234,89
5797,0,10130.48621,185,97
5798,0,2563.445987,70,63
5799,0,4943.379062,89,87
5800,0,2858.78708,148,32
5801,0,5083.881136,116,64
5802,0,223296.4143,593,556
5803,0,10546.79529,124,119
5804,0,3360.221774,75,64
5805,0,1132.954775,66,23
5806,0,7150.971964,155,67
5807,0,4325.815103,108,58
5808,0,45796.86579,441,214
5809,0,7732.273529,163,87
5810,0,12250.83095,148,133
5811,0,6230.836835,167,53
5812,0,14402.44816,323,81
5813,0,4864.525858,165,67
5814,0,907.2598791,37,33
5815,0,4208.072933,109,61
5816,0,2822.989517,148,30
5817,0,4112.351415,92,71
5818,0,1882.004212,72,36
5819,0,23016.25907,293,152
5820,0,10769.19717,152,102
5821,0,12685.33003,163,111
5822,0,4279.936875,124,63
5823,0,4706.81945,104,65
5824,0,14649.22285,238,91
5825,0,13920.99558,260,109
5826,0,1648.03197,68,45
5827,0,2304.843319,69,40
5828,0,12414.54096,139,117
5829,0,9629.051516,130,116
5830,0,5093.916998,146,66
5831,0,4592.12388,111,72
5832,0,2941.941368,140,33
5833,0,4372.58939,105,55
5834,0,6262.915752,183,62
5835,0,7433.510611,148,72
5836,0,12348.39499,183,111
5837,0,5403.236613,149,66
5838,0,8802.660975,175,81
5839,0,7650.911359,141,72
5840,0,8395.357293,227,66
5841,0,6860.945622,239,77
5842,0,4756.953958,88,67
5843,0,1176.637658,75,31
5844,0,2130.380605,107,32
5845,0,1545.702016,76,27
5846,0,3958.901287,109,51
5847,0,1751.235581,57,41
5848,0,742.6090122,56,19
5849,0,1678.990813,73,30
5850,0,2766.582594,114,40
5851,0,33255.71167,234,211
5852,0,17096.80839,193,117
5853,0,4512.912252,97,74
5854,0,8141.145315,152,75
5855,0,1529.841769,58,35
5856,0,5552.43046,171,52
5857,0,70506.59263,394,260
5858,0,49458.96989,412,178
5859,0,15715.35401,180,125
5860,0,15359.70814,174,142
5861,0,6129.044516,169,59
5862,0,12481.47658,137,116
5863,0,4028.233863,99,52
5864,0,5465.333512,113,68
5865,0,4769.364378,124,57
5866,0,50328.32646,287,227
5867,0,3368.555124,140,39
5868,0,40373.46785,480,166
5869,0,50441.22992,444,201
5870,0,9610.055063,187,78
5871,0,3734.774495,108,45
5872,0,28281.06015,239,196
5873,0,9714.71477,185,78
5874,0,8742.669815,120,93
5875,0,4078.861204,89,60
5876,0,1680.290099,77,35
5877,0,13053.78955,204,88
5878,0,2325.45268,72,46
5879,0,4543.378263,201,53
5880,0,2245.165781,67,46
5881,0,6027.252198,199,62
5882,0,2497.496034,88,38
5883,0,2330.649823,132,40
5884,0,1587.099948,133,26
5885,0,1560.486992,83,37
5886,0,4505.654173,84,75
5887,0,831.4532759,55,22
5888,0,9859.159503,193,88
5889,0,2222.943514,78,44
5890,0,3003.231813,87,59
5891,0,8445.895028,160,113
5892,0,4320.169931,80,76
5893,0,2140.125248,63,45
5894,0,2618.553624,87,41
5895,0,558.2672456,53,17
5896,0,2587.303562,73,53
5897,0,1016.332678,50,29
5898,0,6585.093816,110,90
5899,0,1771.777737,90,27
5900,0,1661.293645,61,43
5901,0,1169.962017,81,27
5902,0,353.8313528,32,17
5903,0,1582.462842,54,42
5904,0,2645.368194,124,38
5905,0,3070.61546,128,32
5906,0,5675.997015,111,69
5907,0,1560.218174,60,37
5908,0,2071.688731,74,34
5909,0,1795.702516,66,35
5910,0,1194.984469,78,23
5911,0,2041.939568,59,51
5912,0,3455.562467,89,58
5913,0,3441.583944,148,46
5914,0,5276.354639,133,74
5915,0,6979.225428,127,74
5916,0,773.4782495,58,21
5917,0,1493.909798,55,39
5918,0,2763.782409,66,59
5919,0,710.1268683,44,24
5920,0,2010.039862,73,43
5921,0,5594.276422,149,62
5922,0,897.1792137,63,26
5923,0,765.5705276,37,26
5924,0,2093.910998,83,35
5925,0,690.3239613,32,29
5926,0,1257.843018,55,33
5927,0,819.3564775,53,25
5928,0,1423.389944,66,30
5929,0,626.6141564,46,26
5930,0,668.5497242,38,25
5931,0,645.1625806,28,26
5932,0,11273.54405,276,69
5933,0,1503.139207,104,29
5934,0,2190.30456,110,35
5935,0,1004.146274,57,27
5936,0,390.9057997,29,20
5937,0,4240.039842,100,59
5938,0,1033.873035,58,36
5939,0,370.9684839,32,18
5940,0,1740.594879,57,39
5941,0,816.5338912,49,24
5942,0,611.5603629,32,27
5943,0,2990.037342,72,66
5944,0,1346.328858,46,39
5945,0,887.6585854,43,28
5946,0,8289.667117,175,71
5947,0,8587.606781,111,103
5948,0,2783.383703,100,40
5949,0,7259.199107,169,75
5950,0,3552.874489,104,51
5951,0,2508.965591,74,52
5952,0,10382.81646,200,78
5953,0,14852.44906,162,122
5954,0,1041.937568,82,26
5955,0,633.8722356,45,23
5956,0,726.6143564,42,24
5957,0,318.5490242,39,14
5958,0,613.7109049,35,25
5959,0,1654.842019,119,27
5960,0,369.0643582,45,13
5961,0,8544.371928,180,71
5962,0,2306.81465,62,53
5963,0,5350.548336,140,53
5964,0,3699.604173,109,48
5965,0,1017.027124,41,30
5966,0,101291.9589,487,439
5967,0,3460.938822,86,53
5968,0,7713.277076,121,81
5969,0,92883.33989,496,365
5970,0,7460.946822,163,78
5971,0,12328.34007,129,123
5972,0,1124.016585,59,31
5973,0,1618.64123,79,32
5974,0,1087.098948,56,26
5975,0,690.3239613,32,24
5976,0,615.3238113,59,23
5977,0,546.5960753,34,21
5978,0,2530.807033,98,34
5979,0,1728.274066,67,39
5980,0,441.8691633,33,20
5981,0,3357.712809,149,39
5982,0,22524.77623,316,126
5983,0,8851.630607,126,90
5984,0,10559.1609,127,122
5985,0,7585.678254,157,79
5986,0,8281.736994,200,69
5987,0,3429.39754,90,48
5988,0,5828.864704,93,82
5989,0,3860.334782,127,62
5990,0,77765.61252,553,231
5991,0,16362.59993,305,77
5992,0,687.7253898,62,21
5993,0,598.1194758,38,27
5994,0,1283.044681,70,26
5995,0,1006.386421,56,31
5996,0,1290.325161,54,34
5997,0,2446.801489,64,52
5998,0,7930.123387,123,97
5999,0,1914.766374,70,38
6000,0,2294.157814,65,47
6001,0,763.8008108,49,23
6002,0,597.4922345,43,23
6003,0,5150.939962,139,53
6004,0,1079.891273,129,22
6005,0,1608.426156,57,38
6006,0,1486.741325,67,33
6007,0,675.2701678,61,19
6008,0,1732.619953,60,36
6009,0,5794.635245,111,69
6010,0,7339.799626,190,85
6011,0,3447.027504,82,55
6012,0,2194.784856,92,38
6013,0,868.6173287,74,19
6014,0,964.518058,104,19
6015,0,1252.332254,74,20
6016,0,2018.64203,77,34
6017,0,7483.885936,108,91
6018,0,2346.958099,81,39
6019,0,46433.06778,1210,189
6020,0,14908.99039,350,75
6021,0,7237.29046,164,71
6022,0,4156.280714,105,56
6023,0,4061.656869,173,54
6024,0,8344.371528,265,56
6025,0,1104.840919,84,19
6026,0,408.2669456,47,15
6027,0,329.3017339,33,14
6028,0,512.0977984,42,20
6029,0,1258.873486,73,27
6030,0,1579.035416,73,34
6031,0,804.3026839,45,23
6032,0,719.6474967,37,26
6033,0,713.9799226,42,24
6034,0,265.9503527,21,19
6035,0,2565.954953,112,40
6036,0,1266.310776,87,22
6037,0,2097.136811,95,33
6038,0,2482.083817,130,33
6039,0,3531.189858,106,52
6040,0,5152.340054,137,50
6041,0,667.5640592,50,25
6042,0,1157.260379,68,28
6043,0,959.1417033,67,27
6044,0,7030.838435,161,64
6045,0,897.1792138,43,27
6046,0,2394.158014,73,46
6047,0,1504.662508,67,33
6048,0,2604.171875,116,35
6049,0,374.1046908,32,16
6050,0,286.7389247,20,19
6051,0,1975.810403,54,52
6052,0,708.9619914,32,30
6053,0,608.2001412,41,25
6054,0,409.3870194,32,22
6055,0,1750.675544,66,39
6056,0,1271.283905,64,36
6057,0,357.863619,41,12
6058,0,280.5785182,30,20
6059,0,1356.454326,81,22
6060,0,828.3170688,44,26
6061,0,393.9075979,46,22
6062,0,1705.648573,51,49
6063,0,3208.877386,109,44
6064,0,540.3236613,41,18
6065,0,658.8722855,48,25
6066,0,843.5500742,57,24
6067,0,751.6144064,74,23
6068,0,1060.485992,73,23
6069,0,930.6470227,50,31
6070,0,430.6460226,44,16
6071,0,2964.522058,96,50
6072,0,2019.358878,72,45
6073,0,2769.360378,70,57
6074,0,3849.201247,79,63
6075,0,3850.814153,108,51
6076,0,2511.832981,71,48
6077,0,1727.602022,65,34
6078,0,1575.630391,80,30
6079,0,4793.916398,117,59
6080,0,1256.722944,64,28
6081,0,36538.78276,353,218
6082,0,4840.332261,124,104
6083,0,4588.718855,78,77
6084,0,790.212154,70,18
6085,0,4698.150077,119,53
6086,0,1070.230635,79,20
6087,0,1322.807305,66,28
6088,0,5346.67288,133,57
6089,0,2740.260857,112,43
6090,0,17078.32717,257,98
6091,0,15996.89579,208,119
6092,0,842.2955914,40,32
6093,0,444.6693482,26,25
6094,0,1768.03669,67,40
6095,0,1052.309452,59,29
6096,0,1104.39289,45,38
6097,0,244.803357,27,13
6098,0,504.6605076,35,19
6099,0,1190.526575,91,22
6100,0,300.4038267,38,13
6101,0,152.2180464,26,9
6102,0,145.5648073,22,10
6103,0,387.455972,30,20
6104,0,2975.991615,98,47
6105,0,1129.034516,70,25
6106,0,795.3420924,57,21
6107,0,342.6530151,30,15
6108,0,9087.831796,171,83
6109,0,2270.389846,96,39
6110,0,434.0286458,38,21
6111,0,1010.866717,42,33
6112,0,425.6280914,28,21
6113,0,1136.314997,41,35
6114,0,328.2264629,30,17
6115,0,298.3876935,28,14
6116,0,508.5135618,42,24
6117,0,863.576996,45,27
6118,0,559.4769254,30,23
6119,0,806.4532259,45,25
6120,0,808.2677456,47,26
6121,0,1007.88732,37,36
6122,0,1042.744021,55,27
6123,0,1056.453726,56,33
6124,0,4056.907755,114,53
6125,0,429.8395694,41,19
6126,0,392.7427209,34,18
6127,0,1469.536989,71,28
6128,0,926.1667269,43,30
6129,0,2141.939768,53,51
6130,0,1890.326361,113,40
6131,0,578.2269629,33,22
6132,0,654.8400193,50,19
6133,0,1605.065934,100,24
6134,0,681.5649832,56,16
6135,0,433.8718355,32,21
6136,0,571.7753371,42,22
6137,0,858.8726856,51,23
6138,0,598.3882937,36,24
6139,0,675.8078032,37,22
6140,0,3433.586616,172,38
6141,0,3584.236559,136,50
6142,0,1415.773441,70,38
6143,0,572.3577755,49,18
6144,0,1115.593629,54,28
6145,0,925.1810619,59,20
6146,0,18841.74355,206,126
6147,0,4820.081325,99,63
6148,0,3098.214082,109,51
6149,0,9073.853274,142,82
6150,0,1415.056594,56,41
6151,0,2369.897213,71,45
6152,0,7129.763364,116,82
6153,0,5518.290607,95,87
6154,0,6345.980434,128,75
6155,0,23158.91729,350,111
6156,0,8767.759471,126,87
6157,0,1795.971334,74,35
6158,0,635.485142,45,21
6159,0,550.8075532,44,19
6160,0,937.9051016,47,28
6161,0,839.517808,46,25
6162,0,496.9768004,46,16
6163,0,501.4122932,33,21
6164,0,4238.001308,87,74
6165,0,1095.342692,48,33
6166,0,2060.219174,71,38
6167,0,1214.339346,46,44
6168,0,958.0664323,53,26
6169,0,4269.363378,117,50
6170,0,1980.649123,89,35
6171,0,1631.454876,88,33
6172,0,1612.906452,50,46
6173,0,735.4853419,61,23
6174,0,3493.555374,73,68
6175,0,737.0982484,34,27
6176,0,787.0983485,39,28
6177,0,867.3852473,63,24
6178,0,830.1091872,48,31
6179,0,527.5996215,35,23
6180,0,1716.132465,53,45
6181,0,1136.919837,53,27
6182,0,1006.453626,57,27
6183,0,556.273514,32,24
6184,0,371.3269075,28,21
6185,0,1988.534443,67,47
6186,0,1142.654615,66,28
6187,0,66196.54817,775,200
6188,0,4863.092163,123,55
6189,0,1622.942314,91,27
6190,0,3235.848766,84,46
6191,0,1956.993161,61,43
6192,0,1995.702916,78,34
6193,0,2458.78628,128,28
6194,0,1757.709609,78,31
6195,0,712.546228,79,24
6196,0,12427.265,162,116
6197,0,2752.693678,69,52
6198,0,1083.873136,46,29
6199,0,976.3460387,44,29
6200,0,1363.443587,74,29
6201,0,811.4711571,37,29
6202,0,752.6896775,45,24
6203,0,630.848036,47,19
6204,0,1524.017385,85,29
6205,0,1070.163431,56,32
6206,0,1051.615006,60,27
6207,0,6994.86166,122,73
6208,0,4242.27999,77,73
6209,0,9401.900525,152,112
6210,0,498.9929335,39,19
6211,0,621.6410283,36,28
6212,0,7821.789837,119,87
6213,0,3230.113987,106,56
6214,0,6671.720333,129,73
6215,0,13962.28151,194,125
6216,0,1653.78915,74,29
6217,0,4666.788008,121,64
6218,0,6727.724029,129,77
6219,0,22113.75391,203,149
6220,0,3076.619057,102,45
6221,0,2266.940018,60,49
6222,0,1636.293595,89,60
6223,0,736.2917952,63,19
6224,0,1537.906302,73,33
6225,0,1323.389744,49,40
6226,0,913.7115048,58,21
6227,0,577.4205097,46,20
6228,0,1121.776437,84,20
6229,0,688.7110548,46,33
6230,0,806.4532259,41,30
6231,0,1308.806381,89,27
6232,0,1752.42286,82,35
6233,0,9162.921552,208,84
6234,0,7324.208197,164,87
6235,0,2246.778687,76,42
6236,0,2537.101848,71,51
6237,0,4866.138765,146,42
6238,0,1029.840769,50,28
6239,0,16628.25906,178,157
6240,0,2841.134715,119,39
6241,0,2104.036466,79,41
6242,0,1320.970384,70,26
6243,0,5967.753871,158,56
6244,0,4453.234713,153,44
6245,0,5682.269429,152,65
6246,0,1069.110561,63,23
6247,0,2018.373212,58,45
6248,0,737.5686795,50,27
6249,0,5339.952436,261,60
6250,0,2029.013915,55,49
6251,0,3919.6987,94,60
6252,0,1410.733108,86,25
6253,0,1601.145675,48,45
6254,0,1696.351959,62,38
6255,0,4626.622157,140,56
6256,0,2572.58579,113,38
6257,0,1187.905602,56,27
6258,0,844.3565274,69,17
6259,0,1558.874086,67,39
6260,0,694.3562274,46,21
6261,0,608.8721855,29,28
6262,0,1245.163781,84,21
6263,0,949.1954469,63,25
6264,0,804.8403194,54,22
6265,0,4009.864651,83,68
6266,0,1350.249116,66,31
6267,0,618.2808065,49,19
6268,0,811.1364028,43,29
6269,0,1164.876882,69,33
6270,0,1326.167527,75,26
6271,0,943.3710624,59,27
6272,0,1018.281607,68,23
6273,0,1058.425056,64,24
6274,0,1580.289899,71,32
6275,0,5059.866751,242,57
6276,0,3147.676546,291,36
6277,0,5867.395248,186,46
6278,0,2702.011129,177,24
6279,0,6786.393501,151,77
6280,0,2667.030424,103,37
6281,0,5808.613768,288,59
6282,0,1765.953353,91,29
6283,0,1737.27946,69,38
6284,0,7146.609276,187,87
6285,0,3834.057848,240,40
6286,0,1558.78448,90,27
6287,0,8368.072292,146,87
6288,0,23877.46711,484,139
6289,0,98671.97154,470,388
6290,0,43400.0868,480,195
6291,0,27248.44159,298,175
6292,0,44546.05684,892,209
6293,0,865.8619468,82,22
6294,0,803.137807,60,19
6295,0,7134.691689,248,57
6296,0,32371.83894,338,142
6297,0,84157.42638,931,221
6298,0,34726.02985,429,153
6299,0,5012.106799,166,70
6300,0,2451.617807,195,43
6301,0,9129.85697,180,95
6302,0,34675.8758,651,181
6303,0,695.1626807,74,24
6304,0,2110.488092,169,27
6305,0,4540.331661,227,57
6306,0,50897.68244,288,243
6307,0,1991.401832,91,37
6308,0,11843.75129,213,115
6309,0,503.4732292,50,14
6310,0,729.1681251,34,28
6311,0,705.6465726,35,29
6312,0,531.4750773,51,23
6313,0,23718.68543,667,147
6314,0,71357.6696,476,225
6315,0,19238.38973,201,148
6316,0,2992.837527,89,50
6317,0,10026.90177,252,63
6318,0,3694.003804,223,59
6319,0,2311.832581,134,33
6320,0,7827.076586,231,79
6321,0,1922.046855,168,21
6322,0,1175.517584,112,35
6323,0,2886.430504,172,32
6324,0,2184.223378,127,28
6325,0,577.3981082,54,22
6326,0,1871.643528,108,38
6327,0,5266.587594,232,42
6328,0,1239.361798,43,42
6329,0,8523.202531,180,75
6330,0,30136.14898,345,173
6331,0,27805.83518,310,141
6332,0,7871.879543,380,48
6333,0,120510.9671,473,353
6334,0,4235.559547,195,53
6335,0,8664.891882,347,57
6336,0,27360.04576,363,163
6337,0,5725.817904,126,65
6338,0,6878.373972,141,68
6339,0,56456.2061,463,255
6340,0,105088.6958,776,257
6341,0,3290.329161,168,34
6342,0,24318.32821,643,119
6343,0,3634.415871,127,42
6344,0,3878.143957,165,45
6345,0,4278.144757,162,54
6346,0,5945.531604,243,56
6347,0,1898.211682,105,31
6348,0,2354.126572,110,36
6349,0,20245.20178,357,114
6350,0,8957.724009,188,82
6351,0,2896.06314,84,42
6352,0,36326.95438,300,177
6353,0,8223.403544,355,74
6354,0,7766.951018,139,75
6355,0,7605.660373,182,59
6356,0,4030.653223,85,73
6357,0,7725.821904,202,67
6358,0,15502.45036,639,120
6359,0,42075.8906,347,203
6360,0,6338.722355,98,83
6361,0,17720.19673,345,114
6362,0,24041.17712,241,137
6363,0,5307.268679,95,77
6364,0,6266.141565,216,49
6365,0,8863.727405,147,87
6366,0,7504.047267,277,72
6367,0,8851.630607,224,56
6368,0,5413.720505,216,68
6369,0,11698.41049,153,102
6370,0,12046.79829,246,77
6371,0,90875.18175,630,301
6372,0,30265.38311,520,135
6373,0,82521.5985,449,322
6374,0,232993.3748,1291,500
6375,0,99394.24001,659,297
6376,0,1822.360276,159,18
6377,0,6018.717235,272,62
6378,0,4216.51829,195,46
6379,0,23948.86062,356,156
6380,0,5920.710766,141,72
6381,0,28842.4636,234,233
6382,0,6464.506657,172,57
6383,0,55338.93236,381,223
6384,0,3750.567537,95,72
6385,0,2391.357829,119,31
6386,0,3810.491492,182,50
6387,0,70182.39843,651,224
6388,0,14567.77107,171,112
6389,0,18446.81109,425,114
6390,0,50772.68219,417,246
6391,0,71271.91674,622,178
6392,0,12800.0256,292,69
6393,0,6421.787037,335,56
6394,0,21904.07607,196,178
6395,0,7678.241163,280,53
6396,0,3336.296995,148,39
6397,0,6365.335312,215,62
6398,0,641.8023589,57,18
6399,0,5100.256616,149,48
6400,0,4317.156932,107,61
6401,0,8216.302275,139,85
6402,0,8317.668966,182,70
6403,0,1812.100398,93,34
6404,0,2436.922437,203,32
6405,0,2387.459972,130,36
6406,0,668.818542,73,17
6407,0,2150.900359,119,29
6408,0,4131.907906,213,81
6409,0,6725.46148,198,54
6410,0,2098.928929,107,30
6411,0,7212.917652,303,116
6412,0,8870.268637,521,74
6413,0,1344.805557,82,31
6414,0,2032.978977,81,35
6415,0,3070.973884,130,35
6416,0,1113.980723,72,27
6417,0,1069.536189,66,27
6418,0,1975.631191,131,46
6419,0,1512.547828,128,25
6420,0,715.4136172,77,22
6421,0,1066.6688,86,23
6422,0,4585.31383,116,64
6423,0,405253.9467,1364,576
6424,0,7426.090121,155,67
6425,0,5896.785987,129,66
6426,0,2853.052301,78,55
6427,0,2017.208336,67,43
6428,0,1720.433548,97,31
6429,0,6051.625007,128,74
6430,0,2481.725394,75,58
6431,0,2788.536043,82,53
6432,0,587.8147957,65,27
6433,0,2362.72874,70,50
6434,0,29139.4232,665,72
6435,0,3325.00665,90,51
6436,0,6276.625457,141,64
6437,0,56543.66148,346,237
6438,0,13550.0271,216,150
6439,0,23388.75646,201,157
6440,0,26425.05285,309,148
6441,0,18346.81089,240,115
6442,0,14233.89944,237,90
6443,0,13326.63956,167,93
6444,0,10510.77371,129,114
6445,0,12674.75653,150,131
6446,0,2965.955753,89,54
6447,0,3411.745175,74,68
6448,0,2081.097352,81,38
6449,0,4601.263683,95,64
6450,0,2529.126922,101,41
6451,0,1883.964341,83,44
6452,0,3149.647877,78,52
6453,0,4061.388051,78,64
6454,0,2632.173723,86,45
6455,0,8746.097242,131,87
6456,0,4135.872967,118,58
6457,0,2777.223297,81,57
6458,0,5306.910256,86,82
6459,0,2468.082893,78,43
6460,0,4828.078653,87,76
6461,0,1325.60749,70,23
6462,0,1743.955101,67,42
6463,0,1372.650595,64,32
6464,0,1284.164755,61,27
6465,0,738.1287165,50,19
6466,0,1786.51791,90,32
6467,0,2833.226993,115,47
6468,0,3601.597705,102,65
6469,0,2116.379681,98,33
6470,0,1509.859651,103,23
6471,0,2954.194976,87,47
6472,0,3048.03477,103,59
6473,0,359.8573506,32,17
6474,0,281.0041463,30,14
6475,0,523.2985376,38,21
6476,0,906.0950022,52,24
6477,0,797.4926344,33,33
6478,0,1982.530847,65,38
6479,0,869.7374026,43,26
6480,0,682.6850571,53,21
6481,0,910.6201008,62,18
6482,0,557.2367776,40,19
6483,0,3089.163885,143,43
6484,0,4980.408706,148,55
6485,0,4583.3425,101,63
6486,0,2851.708212,78,63
6487,0,3079.083219,96,55
6488,0,1485.778061,77,27
6489,0,2795.144479,132,37
6490,0,2107.979126,125,25
6491,0,2869.629395,91,50
6492,0,868.6173286,45,29
6493,0,16530.05098,202,114
6494,0,1479.057618,71,33
6495,0,4912.084197,157,40
6496,0,2235.667554,57,51
6497,0,5258.881486,206,70
6498,0,4395.170081,151,46
6499,0,8766.953018,290,50
6500,0,1563.712805,82,27
6501,0,2581.770397,123,35
6502,0,3104.844919,141,35
6503,0,1314.966788,79,30
6504,0,952.0628361,81,28
6505,0,950.0019001,80,15
6506,0,13052.35585,218,89
6507,0,3097.004402,123,42
6508,0,621.0809913,49,19
6509,0,535.395336,58,16
6510,0,1528.900907,64,31
6511,0,612.5460279,63,15
6512,0,477.4203097,43,19
6513,0,554.1565743,43,20
6514,0,4738.719155,102,66
6515,0,28195.21768,354,142
6516,0,19231.49008,505,116
6517,0,6508.883986,122,66
6518,0,34750.87595,661,179
6519,0,85420.33213,1671,271
6520,0,1620.074925,142,21
6521,0,24540.55087,264,182
6522,0,1658.78468,89,33
6523,0,2956.278314,113,41
6524,0,1751.795618,74,29
6525,0,1644.447733,87,34
6526,0,327.621623,37,16
6527,0,610.395486,56,17
6528,0,274.1380931,31,13
6529,0,6570.62246,122,86
6530,0,891.7580559,70,25
6531,0,2391.402632,81,49
6532,0,361.2910452,37,18
6533,0,3277.336304,98,48
6534,0,2644.634546,121,46
6535,0,416.6675,43,16
6536,0,1140.795292,57,27
6537,0,5472.681196,110,69
6538,0,641.2423219,36,28
6539,0,12442.76682,159,103
6540,0,1261.292845,56,30
6541,0,7822.596291,175,73
6542,0,753.6305395,51,24
6543,0,621.6410282,62,16
6544,0,1403.587037,83,29
6545,0,60825.92811,306,289
6546,0,16473.15123,234,109
6547,0,3886.746125,78,64
6548,0,2467.388447,93,41
6549,0,10570.63046,135,102
6550,0,1713.265075,92,38
6551,0,3730.473411,83,64
6552,0,4692.482503,116,64
6553,0,4011.477557,111,49
6554,0,2669.539389,110,41
6555,0,5816.194958,155,59
6556,0,5711.839381,103,80
6557,0,9468.119295,135,98
6558,0,2980.651123,115,49
6559,0,31697.55444,280,194
6560,0,6272.413979,129,83
6561,0,10295.36109,175,102
6562,0,31029.45274,234,182
6563,0,5455.208043,95,73
6564,0,68844.49155,431,338
6565,0,4011.835981,86,65
6566,0,1444.447333,54,38
6567,0,2677.066286,106,43
6568,0,770.1628306,49,25
6569,0,10589.53731,140,113
6570,0,789.5177081,46,24
6571,0,2248.391594,64,46
6572,0,6482.42784,205,53
6573,0,3412.305212,113,50
6574,0,2029.573952,101,27
6575,0,2824.826438,86,40
6576,0,4811.299945,100,64
6577,0,1040.324661,60,25
6578,0,1570.970884,52,51
6579,0,2297.831657,70,47
6580,0,5494.634645,131,58
6581,0,2230.828834,87,40
6582,0,652.6894775,72,26
6583,0,665.5927291,42,24
6584,0,5905.656973,122,67
6585,0,867.9452843,71,16
6586,0,1768.753538,93,43
6587,0,8573.404244,160,72
6588,0,2464.521058,92,45
6589,0,1980.649123,110,41
6590,0,883.1558882,53,24
6591,0,1594.268422,62,44
6592,0,6817.217936,217,58
6593,0,10265.25351,245,75
6594,0,3336.207389,139,48
6595,0,1095.342692,72,22
6596,0,966.0637602,55,27
6597,0,1146.955699,55,29
6598,0,3529.352937,137,41
6599,0,1673.390444,78,33
6600,0,1164.316845,53,33
6601,0,890.3243613,54,20
6602,0,7708.34875,109,89
6603,0,2003.63304,80,37
6604,0,998.3890936,80,21
6605,0,1649.824088,117,26
6606,0,3412.193204,93,50
6607,0,1901.325487,94,27
6608,0,3466.06876,107,50
6609,0,1637.906502,105,34
6610,0,2863.468989,127,37
6611,0,1765.326111,88,28
6612,0,527.4204097,56,16
6613,0,2831.457276,137,44
6614,0,1779.797466,118,32
6615,0,1323.367342,80,27
6616,0,649.6428764,55,17
6617,0,2924.020185,129,33
6618,0,982.7976645,59,24
6619,0,4158.274446,96,67
6620,0,2945.525604,103,49
6621,0,9415.072594,127,99
6622,0,4278.503181,139,48
6623,0,4369.901213,110,73
6624,0,5275.548186,157,57
6625,0,2392.477903,82,36
6626,0,1900.205413,59,50
6627,0,2275.990215,84,38
6628,0,12058.89509,240,109
6629,0,1287.099348,60,29
6630,0,4003.233813,146,33
6631,0,1763.713205,90,27
6632,0,4331.460276,156,45
6633,0,9012.114799,171,73
6634,0,18488.74666,335,90
6635,0,38165.39891,416,127
6636,0,8694.372228,220,61
6637,0,75659.02229,562,241
6638,0,26581.50478,261,194
6639,0,5709.688839,296,52
6640,0,5564.527259,298,49
6641,0,2433.875836,152,30
6642,0,18866.52519,424,129
6643,0,9770.964883,276,67
6644,0,5525.884708,194,75
6645,0,2018.373212,158,62
6646,0,3713.045061,372,55
6647,0,3322.945714,159,35
6648,0,1389.608514,141,19
6649,0,1897.136411,89,29
6650,0,2927.962845,135,31
6651,0,1895.344293,68,48
6652,0,979.9302753,68,26
6653,0,3256.995761,68,67
6654,0,896.0591398,55,23
6655,0,3371.98255,214,35
6656,0,1247.762352,91,33
6657,0,455.6460726,37,22
6658,0,916.9373178,55,24
6659,0,3107.085067,139,43
6660,0,8561.845081,331,59
6661,0,4809.687039,246,37
6662,0,11075.8286,250,69
6663,0,1266.938018,80,23
6664,0,1216.937918,75,27
6665,0,2525.811503,83,47
6666,0,11272.40158,179,105
6667,0,1867.745671,92,36
6668,0,964.1148315,39,33
6669,0,426.2105299,36,16
6670,0,2258.069032,77,46
6671,0,962.7035384,60,21
6672,0,1096.37316,139,27
6673,0,3252.627473,288,23
6674,0,5162.73434,123,65
6675,0,5259.284712,178,54
6676,0,661.8964851,49,23
6677,0,743.7290861,42,24
6678,0,1036.919637,83,24
6679,0,379.5706516,36,13
6680,0,2874.199297,123,37
6681,0,15229.06272,384,109
6682,0,2025.810503,126,24
6683,0,3537.103848,106,61
6684,0,3065.328711,110,48
6685,0,5521.785237,162,81
6686,0,6156.463926,175,56
6687,0,1450.809353,116,19
6688,0,1433.067382,82,24
6689,0,12878.60999,278,100
6690,0,1924.84704,87,37
6691,0,581.8784038,50,18
6692,0,2133.068782,66,51
6693,0,1247.58314,79,30
6694,0,6484.690389,316,106
6695,0,6332.270729,309,73
6696,0,1354.841419,104,21
6697,0,2470.972684,103,32
6698,0,3259.683939,188,53
6699,0,619.9609174,60,28
6700,0,2984.99701,239,37
6701,0,1256.722944,129,26
6702,0,33537.25346,484,146
6703,0,3967.301842,143,40
6704,0,4116.131664,114,45
6705,0,10603.60544,413,68
6706,0,15779.24303,213,117
6707,0,6696.787587,130,67
6708,0,3198.572706,74,53
6709,0,5855.208843,120,71
6710,0,48120.52635,257,248
6711,0,3687.462572,121,50
6712,0,4779.937875,88,74
6713,0,1317.565359,57,33
6714,0,773.8366731,54,22
6715,0,2514.70037,101,36
6716,0,5566.140165,110,72
6717,0,3608.878186,88,50
6718,0,891.1308146,84,35
6719,0,1237.905702,58,30
6720,0,8326.629557,122,88
6721,0,67823.52275,582,274
6722,0,2267.029624,59,58
6723,0,2045.254987,69,40
6724,0,4645.977034,159,43
6725,0,1938.355131,83,39
6726,0,3613.716905,105,52
6727,0,14585.46264,242,98
6728,0,36633.76502,279,190
6729,0,5559.867751,156,47
6730,0,2759.682939,104,54
6731,0,1633.627819,61,37
6732,0,3040.440669,109,46
6733,0,3710.244876,175,45
6734,0,2139.901233,105,39
6735,0,570.6776647,43,25
6736,0,1420.970584,59,34
6737,0,2728.231263,98,38
6738,0,1529.460944,49,41
6739,0,587.9044017,30,30
6740,0,544.3559274,30,25
6741,0,1770.971284,126,28
6742,0,616.9367177,35,27
6743,0,487.9042016,35,20
6744,0,604.8399193,39,26
6745,0,2167.746271,107,29
6746,0,1493.551374,83,29
6747,0,734.6284854,40,27
6748,0,468.8909468,34,18
6749,0,2354.036966,92,39
6750,0,3864.523858,227,35
6751,0,4140.330861,166,34
6752,0,1658.269446,112,34
6753,0,824.9344457,78,22
6754,0,9438.862964,432,72
6755,0,7754.831818,355,72
6756,0,3607.758112,172,38
6757,0,2021.173397,112,45
6758,0,4297.163612,157,44
6759,0,3137.327063,196,35
6760,0,8237.58368,198,76
6761,0,1819.000054,88,35
6762,0,2577.850138,149,33
6763,0,2310.15247,118,35
6764,0,1073.590857,109,18
6765,0,2509.525628,91,39
6766,0,2184.144153,136,27
6767,0,4648.03797,113,61
6768,0,2844.450133,114,38
6769,0,1156.991561,87,16
6770,0,2291.044009,147,34
6771,0,2811.475157,119,38
6772,0,468.818142,75,9
6773,0,3665.957153,193,36
6774,0,1356.409523,81,26
6775,0,723.0077184,41,22
6776,0,1109.321215,50,29
6777,0,2789.544109,153,28
6778,0,960.0825653,95,27
6779,0,3863.134966,117,48
6780,0,1009.746643,60,22
6781,0,4601.442895,187,42
6782,0,2358.78608,218,33
6783,0,1206.252413,77,20
6784,0,3340.866897,168,44
6785,0,579.9294753,37,23
6786,0,619.3560774,43,22
6787,0,2797.496634,178,26
6788,0,1941.949596,122,32
6789,0,713.6214989,50,19
6790,0,719.7147011,38,27
6791,0,1995.702916,128,25
6792,0,2455.650073,65,50
6793,0,2891.134815,75,64
6794,0,666.9368177,76,17
6795,0,2289.968738,117,31
6796,0,2904.306884,128,39
6797,0,669.8938129,56,17
6798,0,2083.3375,109,29
6799,0,3107.085067,95,52
6800,0,13672.7424,195,111
6801,0,7818.115995,146,78
6802,0,43653.20111,434,176
6803,0,34040.16665,399,147
6804,0,21832.48094,274,148
6805,0,5022.411479,105,76
6806,0,3236.453606,113,57
6807,0,1875.563787,83,34
6808,0,5370.754469,149,72
6809,0,6066.880413,266,53
6810,0,6502.58917,215,41
6811,0,2923.952981,126,37
6812,0,3588.716855,177,39
6813,0,8239.26379,311,65
6814,0,23448.04757,877,212
6815,0,86063.68019,609,253
6816,0,11421.95385,219,92
6817,0,11544.04191,499,120
6818,0,4283.162688,86,85
6819,0,45720.29753,420,211
6820,0,157970.7909,891,333
6821,0,71849.38205,434,279
6822,0,7035.139518,118,105
6823,0,12662.39092,227,110
6824,0,41853.84715,375,197
6825,0,8514.71237,227,64
6826,0,29479.09122,533,210
6827,0,17565.35771,349,86
6828,0,5758.882485,166,86
6829,0,5848.398794,130,83
6830,0,11542.76502,140,104
6831,0,3257.264579,107,41
6832,0,2443.553274,148,28
6833,0,2697.58604,122,36
6834,0,847.5823404,45,26
6835,0,3379.218228,102,51
6836,0,10718.30101,304,63
6837,0,1865.236705,70,40
6838,0,9129.767363,197,111
6839,0,10238.01331,301,70
6840,0,3281.726994,146,45
6841,0,8511.710572,193,72
6842,0,5694.366227,105,75
6843,0,67835.61954,355,263
6844,0,12458.89589,134,118
6845,0,19422.26107,219,144
6846,0,17577.09609,356,133
6847,0,69648.88482,623,237
6848,0,10373.40784,194,95
6849,0,24226.57175,303,116
6850,0,5938.363131,112,72
6851,0,13303.25241,190,107
6852,0,13172.7862,146,146
6853,0,9574.929544,128,124
6854,0,1492.834527,85,29
6855,0,3173.124626,69,63
6856,0,5219.723701,139,64
6857,0,15810.96352,255,105
6858,0,2940.754089,84,51
6859,0,2617.612762,82,43
6860,0,2732.980376,88,47
6861,0,7102.388757,122,84
6862,0,41768.11669,402,223
6863,0,3981.862803,127,53
6864,0,5448.599607,97,91
6865,0,1463.802211,67,33
6866,0,1080.288899,67,31
6867,0,1941.088112,55,46
6868,0,1400.0028,79,26
6869,0,2548.750617,147,27
6870,0,4528.458878,135,49
6871,0,2069.336576,83,43
6872,0,2131.903905,92,35
6873,0,83545.19397,423,270
6874,0,1760.196173,118,28
6875,0,1223.658361,66,25
6876,0,5000.01,155,52
6877,0,692.7657224,37,23
6878,0,609.6786387,35,21
6879,0,1063.711805,86,26
6880,0,328.6744924,38,14
6881,0,468.1012946,32,21
6882,0,546.2376516,27,27
6883,0,775.6287914,61,20
6884,0,546.2376516,32,25
6885,0,785.6646538,43,25
6886,0,4202.517365,258,55
6887,0,4001.441695,183,33
6888,0,6748.759017,266,43
6889,0,7190.695385,229,50
6890,0,8902.885189,178,96
6891,0,3415.060593,203,47
6892,0,10046.25665,376,50
6893,0,5713.989923,139,62
6894,0,1518.999454,86,28
6895,0,1113.980723,105,21
6896,0,1493.551374,95,40
6897,0,3611.476757,155,40
6898,0,1656.826163,148,33
6899,0,9232.769362,176,96
6900,0,4342.526606,137,39
6901,0,1555.558667,67,34
6902,0,705.3777549,46,19
6903,0,3734.326465,110,48
6904,0,1121.193999,54,31
6905,0,1612.346415,61,36
6906,0,1031.901705,53,27
6907,0,2116.939718,78,38
6908,0,4994.163214,121,59
6909,0,2410.399086,73,49
6910,0,3393.263955,90,53
6911,0,2477.065886,78,44
6912,0,632.6177526,46,17
6913,0,705.5569667,68,20
6914,0,315.9504527,35,15
6915,0,1018.567225,51,31
6916,0,656.6433384,50,20
6917,0,1113.263875,77,25
6918,0,2366.312976,58,52
6919,0,2072.136761,114,39
6920,0,813.1736693,52,21
6921,0,1961.809479,104,29
6922,0,226.2549328,27,13
6923,0,223.454748,27,15
6924,0,344.4227319,44,13
6925,0,1019.961717,54,27
6926,0,1037.905302,81,21
6927,0,2065.953953,86,33
6928,0,2501.125074,81,46
6929,0,3873.126026,73,72
6930,0,1176.346439,45,33
6931,0,1915.774441,94,33
6932,0,3716.405282,112,65
6933,0,670.9690839,44,19
6934,0,624.3012038,46,18
6935,0,2398.571105,105,34
6936,0,1080.731328,52,32
6937,0,56212.59002,307,261
6938,0,31235.90477,320,144
6939,0,4437.28486,127,58
6940,0,3488.179019,112,42
6941,0,4498.933729,97,61
6942,0,19868.14009,225,127
6943,0,9291.416432,156,89
6944,0,9886.041277,186,90
6945,0,47344.53913,404,170
6946,0,13122.60689,217,88
6947,0,3735.849766,110,53
6948,0,10236.57961,166,90
6949,0,8708.619568,205,76
6950,0,10072.42158,173,83
6951,0,20214.73577,214,127
6952,0,9301.452295,193,73
6953,0,2826.170527,95,49
6954,0,997.8514581,87,19
6955,0,1594.014902,91,32
6956,0,7261.215239,108,85
6957,0,1127.242398,83,20
6958,0,10661.42365,153,126
6959,0,3360.221774,102,54
6960,0,12421.61983,203,90
6961,0,4757.513995,176,73
6962,0,5783.50171,105,75
6963,0,6104.40289,203,63
6964,0,20045.96303,243,120
6965,0,18799.88079,232,146
6966,0,30692.26569,264,205
6967,0,13197.27102,142,121
6968,0,14716.09126,146,126
6969,0,3940.980104,89,72
6970,0,13643.62048,287,82
6971,0,1964.520058,71,36
6972,0,2025.810503,85,38
6973,0,753.4065247,43,24
6974,0,565.592529,37,20
6975,0,1120.790772,65,27
6976,0,558.0656323,28,27
6977,0,5217.864378,125,63
6978,0,3029.799966,122,37
6979,0,1939.968038,71,42
6980,0,716.8473119,56,25
6981,0,1345.880828,71,34
6982,0,2089.609914,61,48
6983,0,17204.33548,231,115
6984,0,8054.496396,143,81
6985,0,4281.012146,120,50
6986,0,27653.50513,298,168
6987,0,4773.19503,101,67
6988,0,8543.363861,115,112
6989,0,4343.64668,122,55
6990,0,2483.763928,80,50
6991,0,1025.808503,61,26
6992,0,9401.631707,151,95
6993,0,3045.884228,86,55
6994,0,882.7974645,62,27
6995,0,829.7507634,57,25
6996,0,15731.21426,215,125
6997,0,14714.00792,240,108
6998,0,18305.07693,179,158
6999,0,2250.811772,93,33
7000,0,1594.559641,49,44
7001,0,14135.31053,175,127
7002,0,20183.50811,178,169
7003,0,4445.528604,187,50
7004,0,2518.64303,79,40
7005,0,8623.314738,152,103
7006,0,1627.601822,50,50
7007,0,1659.859951,89,27
7008,0,3977.068886,98,76
7009,0,36965.66533,249,176
7010,0,63921.2748,329,293
7011,0,11627.98025,197,90
7012,0,8648.404394,258,100
7013,0,6265.962353,122,78
7014,0,13619.7405,154,129
7015,0,1415.773441,67,30
7016,0,7259.512727,129,78
7017,0,2499.646576,102,38
7018,0,12344.11071,179,100
7019,0,67514.47195,430,251
7020,0,21740.54527,199,156
7021,0,3553.053701,125,58
7022,0,1388.533243,68,36
7023,0,1466.938418,58,36
7024,0,6440.514673,114,90
7025,0,18416.81551,170,161
7026,0,10808.15334,152,97
7027,0,9711.600964,123,100
7028,0,1087.300562,67,23
7029,0,845.1629806,45,32
7030,0,2878.141957,89,45
7031,0,1982.799665,92,40
7032,0,1438.327249,49,41
7033,0,4785.090215,134,72
7034,0,4303.324019,131,46
7035,0,1202.399358,45,35
7036,0,749.8894926,40,27
7037,0,364.5840625,38,14
7038,0,420.0277218,38,15
7039,0,5568.469918,99,73
7040,0,3442.300791,77,62
7041,0,3611.476757,99,49
7042,0,6662.378916,112,98
7043,0,1733.3368,57,47
7044,0,1086.740525,48,34
7045,0,6871.093491,110,84
7046,0,5044.25292,140,51
7047,0,2195.165681,86,34
7048,0,1111.113333,69,20
7049,0,470.6102602,47,15
7050,0,511.470557,86,16
7051,0,241.9359677,33,9
7052,0,923.3889436,70,19
7053,0,555.6462726,50,17
7054,0,2387.997608,78,37
7055,0,2920.570357,99,43
7056,0,526.9947816,31,20
7057,0,853.4963307,37,33
7058,0,1369.290373,48,37
7059,0,580.75833,42,22
7060,0,316.9809207,24,17
7061,0,2835.489542,88,47
7062,0,1733.314398,84,34
7063,0,7269.279771,238,69
7064,0,2093.19415,115,38
7065,0,3737.641884,98,52
7066,0,3040.731888,102,42
7067,0,7125.910309,122,90
7068,0,5695.575907,114,73
7069,0,2931.793498,116,36
7070,0,2400.878458,73,41
7071,0,1965.729738,67,47
7072,0,622.5818903,43,22
7073,0,725.0910559,35,27
7074,0,27529.80416,297,189
7075,0,7005.031931,122,94
7076,0,3943.018639,134,60
7077,0,3836.925237,99,54
7078,0,23727.46681,194,173
7079,0,6754.045766,96,87
7080,0,645.9690339,48,16
7081,0,957.259979,49,29
7082,0,3562.103898,144,52
7083,0,412.0975984,42,18
7084,0,1567.745071,49,45
7085,0,2416.537091,56,55
7086,0,1029.034316,83,23
7087,0,31133.75402,316,152
7088,0,7326.179527,111,94
7089,0,1141.131315,60,32
7090,0,5662.108098,118,62
7091,0,2035.487942,60,45
7092,0,563.7108048,52,15
7093,0,532.6623556,33,22
7094,0,1831.880904,78,35
7095,0,1274.084089,72,32
7096,0,819.334076,70,20
7097,0,83865.53511,472,273
7098,0,1044.468935,71,25
7099,0,816.5338912,55,22
7100,0,1451.615806,87,28
7101,0,3220.212534,95,48
7102,0,10157.95042,188,88
7103,0,2580.090286,113,36
7104,0,1978.050551,77,36
7105,0,1448.255585,115,25
7106,0,1006.946458,68,21
7107,0,496.1927487,51,14
7108,0,3935.379734,159,60
7109,0,2058.695874,95,36
7110,0,1985.331032,88,36
7111,0,1880.044083,100,28
7112,0,2550663.643,4431,2805
7113,0,26489.05947,274,244
7114,0,2266.536791,101,30
7115,0,2135.891369,74,42
7116,0,1531.857903,68,37
7117,0,6309.488426,155,66
7118,0,17890.55998,332,102
7119,0,3719.563891,186,34
7120,0,2031.858903,95,42
7121,0,563.3018209,34,23
7122,0,4012.589546,127,85
7123,0,1554.483396,92,36
7124,0,10132.99518,236,82
7125,0,21827.2838,264,175
7126,0,15120.46035,208,122
7127,0,3336.565813,75,71
7128,0,9319.731902,125,107
7129,0,3933.699624,100,54
7130,0,1948.03257,84,32
7131,0,6207.897721,141,85
7132,0,2723.661362,103,45
7133,0,9670.180631,131,97
7134,0,20950.84835,198,183
7135,0,1497.398828,48,42
7136,0,546.7360845,48,18
7137,0,1232.081317,54,30
7138,0,575.4379789,38,20
7139,0,542.6758166,46,18
7140,0,4892.622913,103,67
7141,0,2752.58167,68,52
7142,0,993.5055713,38,33
7143,0,8777.638524,155,92
7144,0,1747.987367,66,39
7145,0,1504.841719,62,38
7146,0,10683.89234,217,83
7147,0,4556.460726,91,89
7148,0,288.5086416,24,20
7149,0,6044.770155,180,59
7150,0,4614.525358,124,62
7151,0,8808.888586,185,82
7152,0,1311.494559,84,24
7153,0,6073.600857,181,71
7154,0,7721.184798,205,66
7155,0,10764.33605,232,103
7156,0,1847.181114,75,37
7157,0,5275.01055,143,68
7158,0,1660.083965,85,35
7159,0,845.5662073,52,32
7160,0,786.0902819,76,24
7161,0,2595.972934,135,35
7162,0,805.8483859,40,28
7163,0,11590.9506,250,103
7164,0,3501.418293,126,53
7165,0,1897.181214,96,32
7166,0,18065.35871,318,176
7167,0,1244.357327,63,34
7168,0,862.7033383,37,30
7169,0,566.3317778,55,14
7170,0,2556.456726,109,39
7171,0,1672.987217,67,39
7172,0,468.9525509,43,17
7173,0,830.6468226,40,32
7174,0,1946.82849,77,35
7175,0,1626.168127,86,40
7176,0,2863.556353,79,76
7177,0,2872.58639,95,65
7178,0,6662.174687,136,69
7179,0,5368.295683,98,67
7180,0,15555.47745,318,119
7181,0,6460.586398,127,78
7182,0,5619.970918,292,43
7183,0,6952.724189,170,84
7184,0,20047.04208,281,152
7185,0,1771.172897,62,44
7186,0,2452.42426,87,45
7187,0,5557.672406,175,45
7188,0,3690.128348,137,50
7189,0,12643.15816,218,111
7190,0,4011.701572,130,52
7191,0,1835.084315,83,33
7192,0,7004.315084,108,83
7193,0,5923.667762,129,73
7194,0,3140.866497,134,40
7195,0,505.8533862,49,16
7196,0,2810.405487,93,46
7197,0,21741.47494,265,154
7198,0,24807.95732,322,124
7199,0,19229.42914,172,148
7200,0,37103.65844,423,176
7201,0,6642.782103,260,71
7202,0,13770.07982,309,72
7203,0,464503.833,1356,730
7204,0,45075.2501,464,226
7205,0,61736.06437,509,364
7206,0,84359.07479,523,238
7207,0,3040.866297,160,32
7208,0,2883.159888,211,29
7209,0,3334.415271,161,33
7210,0,6429.045117,214,52
7211,0,615.4806216,60,18
7212,0,2125.900309,86,36
7213,0,18580.90634,210,133
7214,0,37230.13719,317,176
7215,0,22604.77191,295,145
7216,0,7210.475891,137,83
7217,0,1801.078871,113,25
7218,0,1974.130292,93,35
7219,0,4181.235961,111,53
7220,0,3546.075641,81,55
7221,0,1460.486792,90,26
7222,0,862.3001118,77,18
7223,0,571.5737238,46,17
7224,0,4210.492292,140,54
7225,0,7314.732372,153,86
7226,0,3436.095582,106,48
7227,0,4249.605274,105,57
7228,0,1081.857002,76,20
7229,0,1053.407125,40,36
7230,0,765.2345054,31,31
7231,0,2090.326761,79,38
7232,0,607.8865205,45,20
7233,0,452.3306538,32,22
7234,0,1884.681189,94,33
7235,0,1839.519808,145,29
7236,0,1429.774365,86,22
7237,0,1162.076697,76,22
7238,0,608.7601781,51,23
7239,0,1559.70294,70,34
7240,0,1045.028972,55,26
7241,0,859.6567372,38,30
7242,0,790.2121539,61,23
7243,0,863.576996,49,25
7244,0,1325.60749,66,35
7245,0,1275.204163,115,28
7246,0,3453.18791,95,55
7247,0,11901.34549,217,76
7248,0,5847.905961,142,63
7249,0,3773.529053,81,65
7250,0,7162.312712,147,72
7251,0,1701.952329,64,37
7252,0,1150.808753,76,26
7253,0,1251.615406,71,28
7254,0,3009.683439,132,35
7255,0,1938.713555,73,39
7256,0,5574.204697,257,37
7257,0,901.6147065,67,24
7258,0,63219.48128,798,220
7259,0,4087.911402,87,63
7260,0,2297.58524,110,38
7261,0,6503.238813,204,72
7262,0,4448.373592,203,48
7263,0,2924.513018,193,28
7264,0,2750.901559,153,48
7265,0,1191.198619,102,15
7266,0,12600.83165,237,102
7267,0,521.954449,51,22
7268,0,5859.106701,220,76
7269,0,824.7328323,47,24
7270,0,660.9332216,36,27
7271,0,3526.888774,103,51
7272,0,659.1411033,71,25
7273,0,3524.738233,168,37
7274,0,1337.637084,61,32
7275,0,1209.321415,110,20
7276,0,2281.724994,121,32
7277,0,1360.576198,88,23
7278,0,2572.048155,140,32
7279,0,1495.701916,123,18
7280,0,3589.971338,110,56
7281,0,324.7318323,34,14
7282,0,651.6142066,45,24
7283,0,1187.099149,97,22
7284,0,4691.048809,113,60
7285,0,893.1917506,60,20
7286,0,883.1558882,47,27
7287,0,523.2985377,48,16
7288,0,2589.25249,94,42
7289,0,6106.105403,125,77
7290,0,1701.795518,60,42
7291,0,2695.345893,69,54
7292,0,1347.672946,68,32
7293,0,4182.087217,136,48
7294,0,4278.144757,116,61
7295,0,3012.192405,67,58
7296,0,2065.953953,86,34
7297,0,4190.689385,138,48
7298,0,11723.32094,354,151
7299,0,496.0583399,48,20
7300,0,1870.971484,70,38
7301,0,822.940714,47,22
7302,0,1353.049301,61,34
7303,0,994.6256453,39,36
7304,0,12330.84904,204,118
7305,0,3902.158342,139,47
7306,0,10035.86237,163,91
7307,0,13012.21241,169,105
7308,0,1283.156688,73,28
7309,0,7802.166142,146,81
7310,0,19197.58669,271,172
7311,0,17937.9391,211,134
7312,0,8186.306696,117,101
7313,0,4883.815313,159,59
7314,0,3188.635097,96,57
7315,0,2722.58609,89,46
7316,0,4026.620957,74,73
7317,0,5622.591891,103,82
7318,0,11173.40944,151,98
7319,0,15354.20186,173,156
7320,0,121355.0478,510,407
7321,0,2203.230213,133,34
7322,0,662.0980984,54,20
7323,0,275.0005501,32,17
7324,0,143914.804,688,368
7325,0,3085.490042,124,35
7326,0,95780.83673,498,268
7327,0,3221.870243,130,46
7328,0,948773.4926,2234,986
7329,0,6395.510103,246,42
7330,0,3454.061568,204,31
7331,0,1713.623499,78,29
7332,0,1711.472957,98,27
7333,0,7886.306096,140,82
7334,0,4552.42846,118,52
7335,0,2270.972284,227,38
7336,0,1895.971534,166,35
7337,0,2347.58534,117,37
7338,0,970.969684,106,21
7339,0,785.1718213,57,21
7340,0,2141.581344,116,34
7341,0,1149.755884,84,19
7342,0,938.6219491,78,19
7343,0,1115.593629,40,37
7344,0,324.2614012,29,22
7345,0,2666.896015,113,37
7346,0,1323.927379,94,25
7347,0,2828.18666,95,46
7348,0,3294.361428,80,60
7349,0,4285.492442,111,53
7350,0,3693.555774,148,48
7351,0,3842.749621,77,66
7352,0,4670.170631,109,60
7353,0,3566.942618,93,54
7354,0,4145.169581,131,61
7355,0,11307.28068,131,125
7356,0,13340.34926,155,127
7357,0,12165.34691,165,106
7358,0,11822.60429,171,118
7359,0,8593.565575,173,77
7360,0,5245.171781,117,67
7361,0,2416.521317,88,37
7362,0,1978.229763,68,48
7363,0,8991.147015,134,110
7364,0,2350.811153,115,36
7365,0,19763.74921,186,140
7366,0,2520.972784,85,43
7367,0,11947.60454,274,96
7368,0,4789.525708,83,77
7369,0,6390.335362,95,87
7370,0,3420.974584,332,80
7371,0,1580.648323,81,27
7372,0,3209.683839,119,41
7373,0,856.4533259,53,28
7374,0,2095.165481,93,32
7375,0,6714.529558,124,84
7376,0,444.5573407,37,19
7377,0,432.0573158,49,12
7378,0,4852.630673,164,77
7379,0,2944.159114,121,35
7380,0,3543.757088,146,61
7381,0,769.5579907,50,24
7382,0,39411.36915,579,161
7383,0,20033.91104,333,118
7384,0,20220.20173,219,153
7385,0,699.1949468,46,24
7386,0,3117.748171,100,41
7387,0,1179.034616,62,25
7388,0,1295.970334,73,29
7389,0,12858.89669,381,86
7390,0,19636.3296,205,131
7391,0,6742.755421,129,80
7392,0,19516.97452,218,154
7393,0,2919.360678,121,49
7394,0,919.3566775,47,30
7395,0,3924.201397,129,49
7396,0,12708.89639,220,113
7397,0,36394.42763,610,237
7398,0,4006.81805,89,63
7399,0,17596.45096,249,115
7400,0,6539.081179,174,54
7401,0,5664.527458,177,83
7402,0,2407.173273,111,45
7403,0,2075.989815,64,41
7404,0,2431.546082,99,39
7405,0,19158.86448,357,85
7406,0,5501.22585,94,89
7407,0,3132.170056,106,42
7408,0,5309.430422,132,62
7409,0,2588.49084,80,45
7410,0,2036.154386,77,32
7411,0,3774.369108,126,58
7412,0,1039.428602,98,14
7413,0,6359.779745,183,74
7414,0,3093.084143,74,55
7415,0,2667.456052,68,53
7416,0,680.4449092,60,18
7417,0,4227.158992,145,68
7418,0,2591.851062,122,55
7419,0,10150.66994,201,91
7420,0,7093.428166,167,68
7421,0,2381.277164,122,33
7422,0,857.9766264,35,33
7423,0,53718.1854,423,247
7424,0,2358.315649,102,39
7425,0,9070.91868,149,89
7426,0,46312.81664,278,243
7427,0,4732.312332,97,70
7428,0,1048.389194,47,34
7429,0,2939.634016,62,61
7430,0,2310.15247,62,46
7431,0,2121.420014,91,35
7432,0,2615.932651,82,69
7433,0,446.3494591,44,14
7434,0,551.076371,57,14
7435,0,716.8473119,67,20
7436,0,4804.310684,224,42
7437,0,2434.413471,78,45
7438,0,749.8222882,42,26
7439,0,1846.598675,66,42
7440,0,1410.75551,78,36
7441,0,1048.03077,74,23
7442,0,1235.844766,84,28
7443,0,705.3777549,59,19
7444,0,1936.921437,66,47
7445,0,3620.90778,83,58
7446,0,2450.721747,148,27
7447,0,2486.564113,139,33
7448,0,2150.541936,92,35
7449,0,1612.906452,105,38
7450,0,5629.491546,157,53
7451,0,16684.62118,199,137
7452,0,22860.70881,249,180
7453,0,1586.024678,53,43
7454,0,8165.338912,213,70
7455,0,2978.231763,77,53
7456,0,17625.8417,172,171
7457,0,43567.02262,300,236
7458,0,13522.60769,187,115
7459,0,3471.781137,108,43
7460,0,2461.295245,84,43
7461,0,1429.774365,46,41
7462,0,8384.694189,148,105
7463,0,988.7116548,93,22
7464,0,781.4531758,74,20
7465,0,1868.283307,53,44
7466,0,288.7102548,26,17
7467,0,333.0651823,26,19
7468,0,1520.164331,55,42
7469,0,2475.811404,136,40
7470,0,417.7427709,49,13
7471,0,1342.744621,71,31
7472,0,845.879828,47,30
7473,0,1212.905652,45,37
7474,0,2722.586091,113,49
7475,0,606.4528258,59,16
7476,0,746.9548991,76,18
7477,0,1782.082417,71,37
7478,0,625.0908559,50,20
7479,0,3753.412525,90,61
7480,0,79546.53007,616,340
7481,0,5121.157196,151,48
7482,0,2976.350039,188,56
7483,0,3415.060594,250,29
7484,0,4480.295699,290,41
7485,0,6108.972792,322,54
7486,0,2589.25249,192,28
7487,0,1924.018185,125,28
7488,0,1443.730486,128,19
7489,0,3387.820396,205,27
7490,0,2379.933075,171,23
7491,0,1353.407725,144,22
7492,0,872.5823904,100,16
7493,0,1279.034816,146,12
7494,0,757.259579,62,20
7495,0,1037.098848,109,13
7496,0,1851.616607,104,27
7497,0,25159.72774,249,207
7498,0,2079.036416,62,49
7499,0,855.6468727,71,20
7500,0,324.1941968,56,11
7501,0,791.1306146,72,24
7502,0,1092.072077,93,20
7503,0,1271.283905,78,23
7504,0,3462.519142,189,47
7505,0,1877.42311,137,25
7506,0,934.6792887,70,21
7507,0,2875.00575,137,32
7508,0,7072.594791,157,70
7509,0,3463.268575,88,57
7510,0,2710.578898,129,35
7511,0,4381.729194,133,65
7512,0,5539.885632,90,88
7513,0,8440.877097,194,66
7514,0,3517.032124,92,59
7515,0,3382.623253,100,50
7516,0,2921.869643,99,43
7517,0,962.0090926,54,32
7518,0,4354.130572,139,49
7519,0,1131.185058,44,40
7520,0,777.0624861,38,29
7521,0,656.6321377,39,27
7522,0,3213.212072,124,38
7523,0,5103.33682,148,53
7524,0,5173.34144,89,80
7525,0,47467.55491,348,182
7526,0,9489.126282,169,75
7527,0,75328.47167,589,245
7528,0,83634.51987,666,206
7529,0,14389.4497,220,114
7530,0,11312.74664,246,90
7531,0,953.742947,44,37
7532,0,739.2487904,62,24
7533,0,1071.910746,72,31
7534,0,1526.100723,50,49
7535,0,1766.356579,76,36
7536,0,533.7152251,72,24
7537,0,7500.015,376,39
7538,0,4625.905309,297,36
7539,0,6335.138119,315,69
7540,0,10726.92338,337,63
7541,0,8567.759072,227,74
7542,0,8938.369132,263,72
7543,0,10541.59814,212,81
7544,0,4845.977434,149,59
7545,0,3755.652673,177,54
7546,0,1002.42136,65,24
7547,0,799.1951469,85,14
7548,0,327.4200097,45,16
7549,0,621.7754372,36,26
7550,0,1216.131465,48,36
7551,0,290.3231613,27,19
7552,0,435.4847419,28,25
7553,0,566.1301646,31,29
7554,0,1996.778187,74,38
7555,0,312.0973984,41,9
7556,0,3524.021385,142,37
7557,0,16789.90813,703,89
7558,0,2284.681989,189,30
7559,0,2312.101398,155,23
7560,0,864.5178581,70,25
7561,0,1121.776437,114,38
7562,0,932.2599291,61,21
7563,0,5016.139065,220,59
7564,0,42027.50341,663,227
7565,0,10854.86042,317,84
7566,0,4833.074183,256,64
7567,0,5481.462576,317,70
7568,0,394.3556275,57,17
7569,0,3304.038866,121,47
7570,0,12076.00982,296,88
7571,0,18811.4453,300,93
7572,0,60522.859,306,240
7573,0,24136.24899,176,174
7574,0,15555.58667,177,99
7575,0,18569.21277,267,100
7576,0,141170.1748,571,336
7577,0,129051.1542,439,373
7578,0,6187.825996,283,95
7579,0,54048.85362,322,276
7580,0,23536.96464,250,130
7581,0,3224.379209,152,33
7582,0,11103.96486,194,82
7583,0,16774.2271,179,147
7584,0,5159.866951,176,60
7585,0,726.8831742,75,16
7586,0,834.410271,85,18
7587,0,454.4811958,48,23
7588,0,6226.535751,211,43
7589,0,4920.439949,159,65
7590,0,5657.358985,250,45
7591,0,1227.242598,68,27
7592,0,1128.317669,120,28
7593,0,5488.18302,343,51
7594,0,6302.521566,249,61
7595,0,8110.410487,166,73
7596,0,340106.527,1518,476
7597,0,79838.86936,789,270
7598,0,20534.31526,647,102
7599,0,1179735.222,2211,1660
7600,0,5599.809587,250,37
7601,0,2666.335978,173,27
7602,0,2428.678693,150,36
7603,0,8551.988431,287,80
7604,0,4275.277368,129,54
7605,0,2976.350039,109,40
7606,0,2219.359278,119,34
7607,0,33624.06141,592,179
7608,0,17810.78831,453,78
7609,0,314249.9237,1793,540
7610,0,12425.8313,282,88
7611,0,82917.72856,1341,176
7612,0,1670.030222,78,40
7613,0,3263.33538,87,85
7614,0,2229.301674,125,40
7615,0,1280.804533,65,25
7616,0,8186.593038,122,88
7617,0,656.36332,40,25
7618,0,902.7795834,40,33
7619,0,77031.17701,1358,320
7620,0,54787.29596,648,174
7621,0,5465.960753,116,74
7622,0,48122.34126,906,157
7623,0,19258.81988,499,72
7624,0,1690.325961,66,51
7625,0,4143.377463,97,79
7626,0,77972.91581,651,223
7627,0,17567.06022,183,123
7628,0,1992.835527,104,28
7629,0,3525.45508,145,39
7630,0,12858.80708,387,78
7631,0,4888.629849,313,38
7632,0,64421.09659,464,260
7633,0,1059.415665,77,21
7634,0,906.5221585,61,18
7635,0,2519.718301,157,26
7636,0,1782.799265,94,38
7637,0,10406.83085,388,72
7638,0,6519.009454,241,57
7639,0,2189.610114,112,27
7640,0,1390.113464,107,32
7641,0,1737.637884,88,36
7642,0,4703.952061,237,46
7643,0,6323.310138,476,85
7644,0,10826.18653,262,70
7645,0,35214.04892,290,232
7646,0,6880.300499,224,82
7647,0,6845.891828,242,58
7648,0,3141.135315,102,42
7649,0,3975.814403,125,43
7650,0,1263.913818,95,36
7651,0,1173.994283,90,19
7652,0,1199.599173,92,19
7653,0,565140.0192,1064,979
7654,0,4286.746925,247,59
7655,0,723.6573614,70,17
7656,0,20718.32101,485,106
7657,0,90534.58968,444,340
7658,0,44802.50896,495,188
7659,0,14233.72022,383,100
7660,0,21049.50447,538,154
7661,0,63828.08465,412,252
7662,0,55083.17469,403,241
7663,0,162732.5835,1062,439
7664,0,132004.289,548,499
7665,0,891636.401,1805,1301
7666,0,707586.3913,1299,948
7667,0,159190.2825,1809,343
7668,0,646602.1022,1438,883
7669,0,2365.036092,119,35
7670,0,7683.147087,179,67
7671,0,3279.016415,150,37
7672,0,842.2955915,89,16
7673,0,566.3093763,73,17
7674,0,2278.140757,175,33
7675,0,3326.171527,171,40
7676,0,1802.154142,96,38
7677,0,29922.64049,334,185
7678,0,69453.90235,485,313
7679,0,1370.61206,107,25
7680,0,1129.034516,134,72
7681,0,3007.264079,210,44
7682,0,1390.325361,106,51
7683,0,1137.905502,81,17
7684,0,1499.098442,96,29
7685,0,7385.498642,217,56
7686,0,2112.907452,207,16
7687,0,31751.67641,321,175
7688,0,7890.9208,276,53
7689,0,1678.430776,144,21
7690,0,1411.628452,134,22
7691,0,5929.671358,221,46
7692,0,213096.3043,1421,638
7693,0,30499.61297,808,136
7694,0,14901.4635,457,129
7695,0,8217.937583,337,61
7696,0,6272.413979,222,55
7697,0,11244.88509,563,193
7698,0,4903.764527,449,96
7699,0,4890.242756,150,51
7700,0,33989.76332,375,188
7701,0,5369.634396,176,44
7702,0,23561.33745,437,141
7703,0,24812.95285,399,124
7704,0,4736.794516,188,59
7705,0,2999.199547,219,33
7706,0,3860.75481,133,51
7707,0,2376.656859,130,29
7708,0,7370.086426,195,64
7709,0,332.1019187,38,13
7710,0,225.6948959,36,10
7711,0,2046.935097,104,28
7712,0,35758.92009,357,170
7713,0,22926.79317,291,136
7714,0,9077.079087,136,96
7715,0,25945.95243,264,159
7716,0,14059.1679,345,101
7717,0,8660.971623,128,125
7718,0,6855.412457,147,67
7719,0,3166.448985,126,44
7720,0,13353.52133,216,120
7721,0,3699.044137,138,55
7722,0,2771.622927,111,45
7723,0,1169.357178,74,30
7724,0,670.3642439,48,25
7725,0,1597.58384,68,32
7726,0,5919.725101,119,102
7727,0,40542.01657,299,287
7728,0,34704.01206,461,205
7729,0,100651.0974,468,351
7730,0,1934.681289,70,44
7731,0,8055.661273,527,89
7732,0,8816.146665,322,67
7733,0,1146.955699,109,22
7734,0,3991.943468,179,35
7735,0,2883.070282,163,53
7736,0,3149.647877,98,56
7737,0,3770.168831,129,66
7738,0,14032.28613,174,110
7739,0,3855.294449,118,84
7740,0,26395.66211,205,160
7741,0,3617.838777,114,63
7742,0,1644.828559,59,40
7743,0,1862.682937,50,48
7744,0,1053.429526,54,25
7745,0,701.166277,47,25
7746,0,2419.919715,62,53
7747,0,7636.664019,203,53
7748,0,8510.321681,217,55
7749,0,3333.34,183,29
7750,0,11189.53851,497,84
7751,0,9525.108657,292,68
7752,0,5793.022339,270,36
7753,0,6120.083925,318,59
7754,0,5548.846224,203,44
7755,0,5344.992769,322,60
7756,0,1538.981573,74,38
7757,0,1980.290699,85,30
7758,0,2116.939718,103,38
7759,0,1173.837473,85,22
7760,0,1008.066532,79,25
7761,0,3811.118734,281,36
7762,0,749.1950467,64,28
7763,0,2966.941418,101,42
7764,0,31944.50833,1112,238
7765,0,3485.670054,234,43
7766,0,19153.26411,734,191
7767,0,5779.581452,274,39
7768,0,3548.394194,148,49
7769,0,1953.968962,134,29
7770,0,2004.932325,95,32
7771,0,35263.15297,399,167
7772,0,52575.01555,979,213
7773,0,16463.11536,336,123
7774,0,9710.413687,464,82
7775,0,10662.38692,215,76
7776,0,23697.53844,568,173
7777,0,758.424456,88,20
7778,0,2355.560267,158,30
7779,0,11149.84309,471,83
7780,0,6362.73674,227,47
7781,0,5911.122934,481,43
7782,0,17298.95933,620,134
7783,0,57998.68231,1546,275
7784,0,7601.448895,344,43
7785,0,3061.296445,121,44
7786,0,1949.488666,119,27
7787,0,1807.239278,127,25
7788,0,875.8978092,82,14
7789,0,437.500875,34,19
7790,0,209.2746121,32,12
7791,0,1377.42211,54,40
7792,0,695.7003161,96,20
7793,0,467.0260236,64,11
7794,0,16167.77427,364,93
7795,0,3905.652973,226,65
7796,0,2361.295045,144,24
7797,0,812.0983984,50,24
7798,0,1296.776787,54,35
7799,0,855.6468727,67,21
7800,0,48390.41936,635,205
7801,0,13135.51014,466,59
7802,0,1762.100299,137,23
7803,0,4999.449963,246,62
7804,0,3018.03919,191,40
7805,0,6525.550686,285,59
7806,0,14164.45485,339,94
7807,0,139434.0826,1207,404
7808,0,9228.244264,185,66
7809,0,605.6463726,62,14
7810,0,396.7749871,50,15
7811,0,327.4200097,44,15
7812,0,1162.099098,74,26
7813,0,4535.492942,260,72
7814,0,3679.846069,332,73
7815,0,3986.298295,380,34
7816,0,4994.409631,217,44
7817,0,814.2937433,69,18
7818,0,175.2915692,27,10
7819,0,161.8506821,22,13
7820,0,243.6160786,30,13
7821,0,210.5738978,18,14
7822,0,297.1780137,35,10
7823,0,1928.229663,146,27
7824,0,3897.58844,123,55
7825,0,8003.48823,311,88
7826,0,12150.56194,964,111
7827,0,1135.372212,70,39
7828,0,6329.058497,226,104
7829,0,2345.61401,166,33
7830,0,11222.94658,422,109
7831,0,2243.228053,96,33
7832,0,1480.037682,87,25
7833,0,2077.625123,131,29
7834,0,2353.230513,176,39
7835,0,357.258779,46,17
7836,0,1423.994783,166,20
7837,0,591.5782441,33,31
7838,0,4632.984177,198,35
7839,0,5421.297805,188,60
7840,0,1582.104419,92,36
7841,0,1080.871337,71,25
7842,0,903.3396204,83,18
7843,0,640.682285,45,21
7844,0,514.6739685,68,18
7845,0,1077.511116,96,19
7846,0,334.9021035,37,14
7847,0,453.0699026,49,15
7848,0,2686.497309,123,38
7849,0,365.7041365,25,22
7850,0,785.7318582,71,24
7851,0,580.75833,36,23
7852,0,1348.569006,89,26
7853,0,1765.236505,92,33
7854,0,8560.725007,127,110
7855,0,2414.879382,76,41
7856,0,400.9864651,49,17
7857,0,2572.249768,83,44
7858,0,966.0637601,41,31
7859,0,4522.858508,83,72
7860,0,725.2478663,46,19
7861,0,508.5135619,44,18
7862,0,912.8602487,72,19
7863,0,1118.281806,66,26
7864,0,1394.984869,61,31
7865,0,761.2918453,43,25
7866,0,1996.419764,102,30
7867,0,1513.981523,64,37
7868,0,935.1273184,68,23
7869,0,949.8226883,107,23
7870,0,194.6240452,33,12
7871,0,156.9895613,29,11
7872,0,242.6528151,54,9
7873,0,146.9536989,38,8
7874,0,2437.28086,95,37
7875,0,983.514512,79,19
7876,0,594.9832688,56,16
7877,0,419.8933129,43,16
7878,0,1546.418863,151,31
7879,0,676.0766209,67,17
7880,0,380.2874989,47,14
7881,0,1085.396436,57,27
7882,0,591.3990323,49,27
7883,0,235.1259183,25,14
7884,0,615.7718408,44,25
7885,0,2526.169927,130,66
7886,0,4991.407833,226,34
7887,0,5275.279368,226,44
7888,0,1306.81265,98,19
7889,0,360.2157742,41,17
7890,0,538.3523312,36,21
7891,0,554.0333661,46,19
7892,0,174.1938968,33,11
7893,0,193.1903506,30,10
7894,0,218.9968538,42,9
7895,0,1044.804957,64,27
7896,0,4832.267729,134,55
7897,0,1235.486342,43,36
7898,0,3413.716505,112,49
7899,0,1524.196597,133,25
7900,0,610.4850921,96,13
7901,0,915.1003965,69,21
7902,0,1979.170625,132,28
7903,0,2591.134215,90,48
7904,0,1068.550524,63,27
7905,0,1299.285753,56,28
7906,0,1240.481872,68,37
7907,0,2821.466217,104,37
7908,0,919.3566776,80,19
7909,0,790.3241614,36,35
7910,0,841.9371678,76,19
7911,0,712.546228,63,18
7912,0,689.607114,63,21
7913,0,1314.406751,72,30
7914,0,1861.562863,123,30
7915,0,874.7777352,48,27
7916,0,637.8821002,64,19
7917,0,36091.022,499,228
7918,0,1037.748491,81,22
7919,0,646.2826546,52,19
7920,0,976.1444255,53,29
7921,0,5057.833817,211,64
7922,0,1270.583858,85,25
7923,0,1391.042209,69,29
7924,0,1237.995308,74,26
7925,0,1564.160835,91,37
7926,0,34795.23088,344,154
7927,0,4308.879586,142,43
7928,0,2728.231263,164,29
7929,0,3663.717005,154,32
7930,0,1630.648423,97,26
7931,0,10648.40839,176,133
7932,0,3287.909802,116,39
7933,0,341.9361677,48,19
7934,0,248.3875936,30,11
7935,0,217.2442024,30,13
7936,0,179.211828,32,11
7937,0,317.5633592,36,17
7938,0,298.9253291,25,19
7939,0,1119.357077,74,20
7940,0,1166.310576,91,36
7941,0,544.0871097,73,12
7942,0,2935.489742,199,32
7943,0,831.5428818,49,24
7944,0,560.9330216,58,18
7945,0,562.7251398,56,17
7946,0,882.0806174,90,17
7947,0,728.6752925,65,16
7948,0,446.2374517,50,27
7949,0,3510.31168,182,44
7950,0,884.2983636,54,24
7951,0,1402.332554,87,24
7952,0,439.6290155,56,26
7953,0,737.5686796,71,17
7954,0,466.5107897,59,16
7955,0,1041.66875,54,29
7956,0,641.2423219,83,15
7957,0,549.9562971,70,18
7958,0,1113.913518,74,20
7959,0,1705.312551,136,31
7960,0,504.5933031,49,15
7961,0,1219.760504,83,27
7962,0,3165.888948,123,43
7963,0,9812.407618,323,90
7964,0,1412.413219,147,25
7965,0,1535.061314,112,29
7966,0,4199.157144,307,47
7967,0,1862.682937,227,33
7968,0,5474.921344,204,55
7969,0,3747.207316,234,58
7970,0,4464.614664,241,29
7971,0,1957.889221,162,25
7972,0,2083.897537,208,48
7973,0,3954.420992,197,31
7974,0,1710.91292,124,34
7975,0,2521.286405,154,43
7976,0,1033.268196,77,21
7977,0,29180.72593,294,158
7978,0,3256.614936,171,64
7979,0,7078.307168,325,98
7980,0,1337.928303,97,24
7981,0,2656.81535,124,36
7982,0,3258.295047,104,48
7983,0,1098.232483,98,46
7984,0,511.1121333,52,18
7985,0,426.2105299,44,19
7986,0,463.7106049,67,14
7987,0,297.5812404,44,16
7988,0,647.7835537,41,22
7989,0,1599.196747,117,23
7990,0,1716.132465,61,44
7991,0,2096.778387,98,31
7992,0,1166.937818,64,30
7993,0,1380.491112,70,29
7994,0,10740.34406,409,131
7995,0,2734.660488,160,40
7996,0,500.6730443,54,16
7997,0,9693.209351,122,98
7998,0,3375.813203,102,46
7999,0,1331.454276,63,37
8000,0,14860.02076,209,88
8001,0,2259.502727,107,46
8002,0,4441.793158,109,54
8003,0,2325.811103,73,50
8004,0,2294.471435,115,32
8005,0,1510.419687,67,32
8006,0,1091.041609,107,28
8007,0,379.9290753,57,19
8008,0,681.0049462,51,24
8009,0,815.9738542,37,29
8010,0,2371.778937,57,53
8011,0,3510.490892,98,54
8012,0,1299.285753,54,38
8013,0,972.2241667,37,32
8014,0,4005.653173,168,38
8015,0,5351.853222,253,36
8016,0,59931.51873,419,281
8017,0,16418.60363,291,101
8018,0,4661.747675,109,60
8019,0,1089.831929,53,30
8020,0,7017.823176,215,62
8021,0,20141.16931,415,88
8022,0,1549.622275,56,36
8023,0,2635.533945,104,34
8024,0,4022.185464,113,54
8025,0,8829.542749,147,87
8026,0,29931.34347,347,147
8027,0,550.516334,45,16
8028,0,1512.659835,48,41
8029,0,3325.499483,90,55
8030,0,2171.82334,56,52
8031,0,367.3842473,28,19
8032,0,623.3211392,37,26
8033,0,733.0883837,39,32
8034,0,1597.225417,48,44
8035,0,917.9005813,52,31
8036,0,9735.542019,220,82
8037,0,1591.625047,71,34
8038,0,1322.247268,57,29
8039,0,2254.708811,84,39
8040,0,992.3854974,53,25
8041,0,938.6219489,49,31
8042,0,604.2798824,28,28
8043,0,749.8894926,38,26
8044,0,4120.751969,111,61
8045,0,6537.871499,98,91
8046,0,1046.709083,36,36
8047,0,2907.151872,72,60
8048,0,48632.48974,431,195
8049,0,11270.74387,225,98
8050,0,10676.54465,143,121
8051,0,1979.170625,83,48
8052,0,1471.777137,69,30
8053,0,1486.338098,77,34
8054,0,2295.591509,94,32
8055,0,6494.188616,115,89
8056,0,906.1398051,59,26
8057,0,4059.70794,81,80
8058,0,3272.856008,88,56
8059,0,6601.155675,157,84
8060,0,1009.186606,52,29
8061,0,2222.786704,100,37
8062,0,1667.790074,50,41
8063,0,631.1616566,48,17
8064,0,595.879328,52,16
8065,0,9054.856819,221,67
8066,0,19037.75649,240,131
8067,0,5995.895728,189,42
8068,0,2757.263579,147,29
8069,0,16012.93525,511,63
8070,0,4921.784037,135,57
8071,0,6636.303595,168,79
8072,0,2812.908852,73,55
8073,0,1008.066532,40,34
8074,0,2626.618156,86,41
8075,0,696.0587398,37,27
8076,0,504.3020839,29,24
8077,0,515.0547936,35,20
8078,0,579.9294752,38,20
8079,0,12908.62651,473,110
8080,0,14706.83945,218,104
8081,0,13846.62268,150,121
8082,0,2541.940568,74,40
8083,0,1912.548628,84,37
8084,0,1549.823888,50,45
8085,0,6658.077832,96,96
8086,0,6413.722505,106,80
8087,0,12295.18588,200,92
8088,0,4429.041116,78,74
8089,0,4106.459826,73,66
8090,0,5545.17238,153,58
8091,0,17852.85829,186,118
8092,0,18324.96945,338,109
8093,0,3245.414197,74,57
8094,0,1433.694624,54,37
8095,0,2791.784257,75,55
8096,0,3650.880958,132,50
8097,0,3229.173125,67,66
8098,0,1542.099682,88,32
8099,0,2373.839873,75,40
8100,0,3430.652023,94,47
8101,0,3344.361527,82,55
8102,0,435.1487197,50,20
8103,0,939.7420228,70,21
8104,0,320.9011794,34,18
8105,0,830.5348152,48,28
8106,0,1666.67,66,36
8107,0,491.7124529,58,15
8108,0,470.9910854,39,18
8109,0,964.9436861,48,36
8110,0,703.4064248,38,22
8111,0,895.4991029,59,25
8112,0,1383.291297,71,29
8113,0,1725.473881,58,43
8114,0,2353.835353,102,38
8115,0,809.8134476,60,22
8116,0,1263.443387,78,22
8117,0,762.7703428,60,19
8118,0,656.9233569,49,21
8119,0,961.5834644,61,25
8120,0,817.7435709,47,26
8121,0,1198.479099,57,42
8122,0,435.8431656,37,16
8123,0,1556.992361,126,22
8124,0,15668.84854,171,125
8125,0,4731.192258,95,67
8126,0,1363.443587,57,40
8127,0,579.212628,64,17
8128,0,3026.52935,241,54
8129,0,1384.949006,77,24
8130,0,1370.61206,114,19
8131,0,1265.952353,96,22
8132,0,2258.069032,119,36
8133,0,1390.683785,123,23
8134,0,3446.601875,203,22
8135,0,2443.015639,107,37
8136,0,4825.816103,156,40
8137,0,442.2947914,48,13
8138,0,1322.58329,82,33
8139,0,3115.059994,179,27
8140,0,651.9726301,48,23
8141,0,530.4670108,37,30
8142,0,794.2668215,50,25
8143,0,997.8514581,65,22
8144,0,1317.565359,70,29
8145,0,4960.493792,138,58
8146,0,3595.437298,195,30
8147,0,1509.859651,138,18
8148,0,2103.498831,89,39
8149,0,2036.294395,124,35
8150,0,3485.670054,108,59
8151,0,13051.10137,207,97
8152,0,5190.422567,191,43
8153,0,1913.086263,99,28
8154,0,512.9938575,52,20
8155,0,5707.538297,273,49
8156,0,847.3135226,60,47
8157,0,791.3994323,51,31
8158,0,1810.75631,114,23
8159,0,5347.680946,195,34
8160,0,1715.393216,101,28
8161,0,580.198293,74,16
8162,0,738.1063149,76,19
8163,0,1414.922185,90,30
8164,0,2193.821592,143,23
8165,0,1367.027824,78,26
8166,0,1566.6698,66,34
8167,0,825.4944825,50,24
8168,0,1496.9788,68,28
8169,0,634.5218784,83,11
8170,0,484.9920094,78,15
8171,0,869.1773656,47,26
8172,0,651.8830242,45,20
8173,0,2565.529325,114,34
8174,0,1484.657987,53,42
8175,0,737.0086425,46,19
8176,0,2367.836277,101,39
8177,0,1193.438767,59,31
8178,0,7079.987278,197,90
8179,0,3955.541065,146,47
8180,0,598.6795128,56,16
8181,0,538.7555578,46,15
8182,0,699.486166,52,18
8183,0,7494.41463,154,69
8184,0,8102.614772,171,93
8185,0,4867.28124,114,54
8186,0,3590.396966,133,44
8187,0,4082.109419,109,58
8188,0,6589.954936,138,74
8189,0,2941.314126,96,44
8190,0,6356.97956,181,67
8191,0,535.955373,39,17
8192,0,461.470457,35,18
8193,0,2083.3375,129,29
8194,0,2129.260531,68,46
8195,0,1408.873785,72,32
8196,0,1007.170473,77,18
8197,0,1186.740725,89,26
8198,0,1932.978776,88,32
8199,0,1168.102695,79,25
8200,0,1245.880628,60,27
8201,0,17540.8953,211,186
8202,0,3612.552028,103,64
8203,0,10849.48407,135,129
8204,0,11121.52762,141,120
8205,0,2044.448533,66,43
8206,0,9881.38177,191,70
8207,0,3798.932329,116,50
8208,0,915.8004427,58,22
8209,0,3547.834157,78,59
8210,0,1348.148978,75,30
8211,0,673.1644288,39,27
8212,0,291.0792112,39,15
8213,0,2781.423574,79,45
8214,0,3183.250094,109,43
8215,0,1440.415067,44,42
8216,0,2508.405555,112,36
8217,0,1862.1229,54,44
8218,0,3042.12078,64,58
8219,0,1764.676468,49,47
8220,0,22790.14415,229,126
8221,0,4257.400988,88,77
8222,0,2217.746371,102,42
8223,0,9630.395605,150,80
8224,0,1664.989889,71,35
8225,0,13116.96172,165,143
8226,0,12238.73416,218,98
8227,0,4518.557424,121,48
8228,0,4616.944718,112,58
8229,0,4917.751771,132,51
8230,0,7133.078783,171,56
8231,0,1664.519458,65,36
8232,0,1324.196197,74,28
8233,0,25826.66456,271,174
8234,0,19892.78172,281,103
8235,0,1817.745571,72,35
8236,0,4411.478357,136,48
8237,0,10698.22928,193,81
8238,0,4999.293153,157,55
8239,0,11881.47538,140,115
8240,0,1970.165231,98,42
8241,0,472.0439549,45,14
8242,0,680.6465226,45,21
8243,0,956.9911614,65,23
8244,0,1207.170873,52,33
8245,0,1790.684585,63,39
8246,0,3096.780387,85,49
8247,0,1272.58319,105,26
8248,0,783.0660823,64,20
8249,0,17892.62091,413,109
8250,0,2135.868967,86,39
8251,0,2623.773169,90,61
8252,0,1511.898185,79,30
8253,0,273.5892568,31,19
8254,0,1026.413343,40,33
8255,0,607.4608923,30,28
8256,0,1258.671872,70,25
8257,0,2656.860153,107,43
8258,0,1197.179814,55,30
8259,0,4180.653523,94,71
8260,0,10843.71568,213,104
8261,0,2324.018985,138,34
8262,0,1423.658761,73,35
8263,0,2769.898013,113,42
8264,0,2114.69957,87,37
8265,0,2202.154942,93,33
8266,0,1901.885524,87,31
8267,0,2681.456976,116,36
8268,0,3834.573081,147,46
8269,0,8325.01665,236,76
8270,0,1252.42186,81,22
8271,0,2555.728678,103,36
8272,0,4545.976834,118,51
8273,0,8113.277875,209,62
8274,0,854.6164047,77,18
8275,0,3660.491192,121,48
8276,0,1469.357777,59,38
8277,0,9536.936637,158,86
8278,0,1375.00275,109,22
8279,0,530.6462226,38,20
8280,0,6511.840981,331,84
8281,0,4365.600129,90,69
8282,0,825.8081032,44,28
8283,0,31770.67286,429,225
8284,0,3515.419217,156,44
8285,0,8670.985084,305,69
8286,0,5501.086271,215,73
8287,0,5168.469118,195,47
8288,0,758.424456,48,33
8289,0,804.302684,71,22
8290,0,17489.95433,469,61
8291,0,11365.95015,328,81
8292,0,11129.05452,352,82
8293,0,12640.8855,307,110
8294,0,4414.345746,150,43
8295,0,9800.736447,277,62
8296,0,19908.28354,505,108
8297,0,17958.50069,514,138
8298,0,13680.3141,212,96
8299,0,5439.437402,185,61
8300,0,2953.410925,150,31
8301,0,7670.266237,414,264
8302,0,2494.628645,132,38
8303,0,1197.135011,78,22
8304,0,2451.617807,125,35
8305,0,9019.372877,129,98
8306,0,1287.457772,55,33
8307,0,6973.49065,171,60
8308,0,2315.416817,58,51
8309,0,1337.85931,89,37
8310,0,2289.610314,142,41
8311,0,554.0333661,73,11
8312,0,548.3881935,48,21
8313,0,552.4204597,47,22
8314,0,809.6790387,50,29
8315,0,3142.748221,128,50
8316,0,10818.57002,366,110
8317,0,3113.715905,168,41
8318,0,1698.03207,85,25
8319,0,2615.62968,77,40
8320,0,10883.08628,227,84
8321,0,36955.71907,379,194
8322,0,11690.34596,301,77
8323,0,72185.62824,449,260
8324,0,17067.12643,263,79
8325,0,22659.0955,345,111
8326,0,4012.104799,146,41
8327,0,4844.879762,259,101
8328,0,11816.21987,149,110
8329,0,1737.234657,123,29
8330,0,1971.330108,75,36
8331,0,9409.181005,283,72
8332,0,2508.965591,82,41
8333,0,2950.274718,114,49
8334,0,14263.58139,174,121
8335,0,1950.048703,56,47
8336,0,3511.991791,143,44
8337,0,11117.85378,531,103
8338,0,13468.32891,274,85
8339,0,2357.195575,136,38
8340,0,1207.170873,83,27
8341,0,5562.73514,118,68
8342,0,2695.345892,97,41
8343,0,767.0266237,46,22
8344,0,1284.590383,53,31
8345,0,1498.210882,50,42
8346,0,3273.124826,115,41
8347,0,1945.523604,81,43
8348,0,1294.626245,73,28
8349,0,880.2884989,60,24
8350,0,14998.4899,208,94
8351,0,16339.07838,292,111
8352,0,833.0549816,62,20
8353,0,1328.228463,70,28
8354,0,2999.55797,88,51
8355,0,2984.683389,140,35
8356,0,2375.811203,118,32
8357,0,4362.105498,125,67
8358,0,2307.352285,114,34
8359,0,2356.635538,117,31
8360,0,2226.706962,98,36
8361,0,1115.593629,83,22
8362,0,947.5825404,74,24
8363,0,3391.583844,170,29
8364,0,2983.876936,164,49
8365,0,1202.959395,88,26
8366,0,413.0272597,56,15
8367,0,3885.256426,120,43
8368,0,1840.00704,90,38
8369,0,1037.994907,75,20
8370,0,724.015785,47,34
8371,0,1048.03077,70,25
8372,0,2730.740229,104,37
8373,0,4343.64668,82,70
8374,0,1417.923983,55,47
8375,0,1099.643776,51,27
8376,0,2170.61366,111,34
8377,0,1442.296791,69,39
8378,0,3097.704448,90,54
8379,0,2428.678692,109,42
8380,0,1149.195847,57,33
8381,0,1577.064086,73,29
8382,0,737.0086424,41,25
8383,0,1742.835027,106,26
8384,0,2858.428656,75,51
8385,0,2473.123226,107,40
8386,0,6194.008804,192,83
8387,0,10583.75773,404,95
8388,0,2150.877958,93,37
8389,0,2758.070032,170,28
8390,0,1925.00385,121,29
8391,0,1598.390294,107,33
8392,0,1172.157362,53,32
8393,0,31810.09946,399,168
8394,0,2485.488842,142,40
8395,0,2804.844319,113,36
8396,0,3323.393744,152,43
8397,0,3383.071282,82,51
8398,0,3585.491042,86,55
8399,0,4454.724279,100,61
8400,0,4222.58909,77,72
8401,0,3629.845969,80,58
8402,0,2655.112837,107,54
8403,0,4448.933629,163,61
8404,0,2036.294395,79,41
8405,0,1366.490188,82,24
8406,0,878.1379569,61,26
8407,0,988.3532312,44,30
8408,0,1615.773841,99,33
8409,0,5490.691985,115,63
8410,0,1818.283207,115,36
8411,0,10231.20326,201,79
8412,0,5465.243905,142,95
8413,0,3002.156542,113,61
8414,0,18671.00508,343,105
8415,0,3520.974784,95,56
8416,0,24665.37191,336,171
8417,0,20176.65326,257,189
8418,0,3014.522158,101,50
8419,0,2845.973434,138,32
8420,0,1565.325711,96,27
8421,0,1460.486792,95,28
8422,0,16424.2264,278,83
8423,0,6220.173731,247,50
8424,0,3727.42681,157,43
8425,0,824.1951969,80,15
8426,0,4602.42856,85,65
8427,0,2424.198397,136,37
8428,0,6508.077532,144,68
8429,0,3340.329261,111,38
8430,0,6960.497792,214,55
8431,0,2247.58514,141,28
8432,0,4418.557224,113,59
8433,0,3443.555274,91,58
8434,0,7687.112148,192,73
8435,0,1875.00375,86,38
8436,0,8615.339811,249,62
8437,0,4167.750271,194,34
8438,0,3805.652772,192,63
8439,0,24925.04985,319,139
8440,0,3531.458676,215,27
8441,0,3828.681492,75,66
8442,0,5048.397194,303,54
8443,0,5311.480157,306,53
8444,0,655.243246,40,22
8445,0,1314.406751,99,36
8446,0,9836.489207,198,104
8447,0,1265.123498,76,26
8448,0,7312.402618,218,57
8449,0,3040.440669,175,33
8450,0,1180.557917,80,24
8451,0,2467.522856,110,31
8452,0,2405.91879,188,61
8453,0,1701.392292,123,21
8454,0,402.666576,37,23
8455,0,1336.248192,103,16
8456,0,1434.814698,116,25
8457,0,2058.695874,90,32
8458,0,1480.737729,125,31
8459,0,1084.231559,100,20
8460,0,770.6108602,54,24
8461,0,2240.147849,97,38
8462,0,1240.010827,46,40
8463,0,4560.941022,206,69
8464,0,689.4055007,54,20
8465,0,8015.809042,230,87
8466,0,3875.00775,127,39
8467,0,2346.778887,118,29
8468,0,4134.685689,122,43
8469,0,7154.046566,167,71
8470,0,21710.52729,225,147
8471,0,15909.70924,205,128
8472,0,3920.975584,147,39
8473,0,667.743271,59,14
8474,0,5183.074882,161,57
8475,0,2592.747121,131,37
8476,0,5523.398144,152,56
8477,0,5323.397744,161,49
8478,0,5589.527308,178,55
8479,0,3353.232513,74,73
8480,0,3209.809259,109,54
8481,0,1670.971084,78,42
8482,0,862.9049516,59,25
8483,0,1557.261179,84,24
8484,0,3073.393244,120,46
8485,0,2279.843269,119,31
8486,0,3153.232113,127,39
8487,0,1735.487342,106,24
8488,0,4893.558174,128,82
8489,0,712.9046516,71,17
8490,0,1318.551024,83,24
8491,0,2302.42396,91,47
8492,0,918.5502242,65,22
8493,0,1433.873835,68,33
8494,0,941.9373677,53,24
8495,0,1500.809453,52,41
8496,0,1428.228663,71,30
8497,0,1182.260429,73,23
8498,0,2600.0052,112,30
8499,0,812.9048516,63,24
8500,0,1116.131265,68,22
8501,0,3815.330211,102,52
8502,0,10044.37493,234,86
8503,0,12954.86462,205,96
8504,0,4718.557824,121,57
8505,0,4246.603475,117,60
8506,0,9938.371131,147,100
8507,0,8681.020946,206,68
8508,0,9297.509634,208,82
8509,0,2038.713755,90,38
8510,0,2984.952207,119,31
8511,0,3503.0312,173,42
8512,0,1176.637658,111,36
8513,0,6321.697231,120,81
8514,0,4688.069412,94,66
8515,0,17735.81056,669,100
8516,0,5319.791106,376,96
8517,0,5493.962601,287,46
8518,0,11696.79759,323,72
8519,0,7142.756221,263,56
8520,0,1706.455026,200,20
8521,0,1080.647323,88,29
8522,0,2831.546882,182,55
8523,0,2275.430178,123,35
8524,0,1038.868565,71,19
8525,0,1416.333478,92,24
8526,0,401.4344946,59,13
8527,0,670.9690839,67,17
8528,0,2568.889546,79,48
8529,0,1368.170299,79,26
8530,0,16603.97586,195,118
8531,0,3557.354785,130,40
8532,0,1287.457772,95,23
8533,0,1683.157488,102,27
8534,0,715.4136172,46,27
8535,0,1728.834103,104,28
8536,0,1141.915366,76,27
8537,0,3927.42721,119,63
8538,0,1927.42321,82,31
8539,0,2051.135375,126,42
8540,0,6433.424605,139,62
8541,0,3466.6736,71,63
8542,0,1136.919837,46,35
8543,0,758.4244559,50,27
8544,0,960.5753978,70,21
8545,0,2724.019785,96,40
8546,0,1032.260129,43,35
8547,0,617.9223828,57,19
8548,0,908.9623915,41,32
8549,0,2064.520258,56,47
8550,0,1376.346839,104,26
8551,0,5681.014946,143,63
8552,0,3349.021035,241,40
8553,0,3093.64418,170,36
8554,0,4316.764906,167,50
8555,0,1252.242648,80,24
8556,0,1077.511115,89,19
8557,0,8828.422675,221,137
8558,0,8671.052288,233,66
8559,0,3441.942368,104,53
8560,0,1211.292745,77,26
8561,0,3589.971338,115,47
8562,0,3412.103599,133,42
8563,0,1638.108115,76,32
8564,0,644.3561275,78,17
8565,0,2765.328111,72,56
8566,0,2332.262729,65,52
8567,0,7784.692989,395,93
8568,0,7212.111198,171,58
8569,0,4796.783787,271,57
8570,0,2889.521908,99,38
8571,0,9432.276929,277,129
8572,0,1421.933847,90,32
8573,0,6619.636895,141,72
8574,0,11825.11326,253,87
8575,0,8857.365384,324,74
8576,0,1677.422709,133,23
8577,0,3703.233213,183,28
8578,0,1491.042409,117,26
8579,0,4055.92209,192,37
8580,0,2389.677718,133,45
8581,0,2049.197647,80,39
8582,0,1370.164031,58,34
8583,0,2901.618706,92,44
8584,0,450.8073532,52,17
8585,0,1819.358477,171,24
8586,0,1160.486192,57,39
8587,0,4784.686989,235,46
8588,0,1324.733832,90,22
8589,0,763.8904166,62,21
8590,0,17718.1694,368,74
8591,0,10546.19605,384,52
8592,0,2075.636992,115,34
8593,0,1138.555145,76,23
8594,0,1628.229063,82,31
8595,0,1192.744321,55,33
8596,0,656.4529258,46,20
8597,0,946.7760871,81,20
8598,0,3883.878736,130,45
8599,0,5128.325669,195,83
8600,0,2693.912198,90,43
8601,0,4270.976284,87,68
8602,0,3048.03477,102,44
8603,0,2772.765402,127,38
8604,0,13135.51014,151,130
8605,0,1464.519058,91,22
8606,0,16941.16291,256,106
8607,0,13298.07767,163,109
8608,0,15558.38685,199,103
8609,0,3804.331085,136,42
8610,0,3638.000108,85,56
8611,0,2643.374462,161,29
8612,0,7626.023317,171,57
8613,0,5495.172281,153,52
8614,0,1334.680089,113,19
8615,0,4005.653172,294,42
8616,0,1212.099198,84,28
8617,0,41454.92162,319,187
8618,0,1995.971734,99,33
8619,0,2425.00485,96,33
8620,0,2722.58609,148,28
8621,0,1479.572852,100,32
8622,0,832.774963,50,26
8623,0,1142.654615,67,21
8624,0,1730.469411,125,20
8625,0,907.5286968,77,23
8626,0,1713.265075,85,28
8627,0,1820.164931,86,33
8628,0,1111.292545,68,26
8629,0,1417.207136,59,35
8630,0,28302.56557,225,158
8631,0,6919.816707,184,64
8632,0,5105.386555,119,57
8633,0,1231.454076,76,26
8634,0,3112.551028,95,49
8635,0,3210.131868,122,40
8636,0,1740.594879,85,31
8637,0,1963.094388,96,38
8638,0,5723.577755,166,60
8639,0,1630.827634,92,33
8640,0,4958.880885,80,74
8641,0,2168.552724,66,49
8642,0,1782.261629,58,42
8643,0,495.1622806,45,19
8644,0,262.0972984,36,13
8645,0,1655.648473,86,37
8646,0,529.0333161,60,14
8647,0,587.9044016,74,14
8648,0,844.804557,64,18
8649,0,4255.720877,185,45
8650,0,2075.810603,66,39
8651,0,5631.462876,242,51
8652,0,2007.262079,64,47
8653,0,6794.368428,184,55
8654,0,73724.94584,552,238
8655,0,22474.84334,323,126
8656,0,7313.522692,155,72
8657,0,2750.901559,86,42
8658,0,1747.315323,57,41
8659,0,2121.420014,139,31
8660,0,2222.786704,108,44
8661,0,3181.709992,175,32
8662,0,2485.16402,57,56
8663,0,2422.159862,82,42
8664,0,4367.033824,160,42
8665,0,2193.552774,142,25
8666,0,2330.649823,169,32
8667,0,1340.728488,64,25
8668,0,1085.351633,79,18
8669,0,613.8005107,40,23
8670,0,5331.551882,143,56
8671,0,5190.422567,148,47
8672,0,6675.640591,122,87
8673,0,1821.240202,125,26
8674,0,7163.992823,132,73
8675,0,7585.140618,206,77
8676,0,1539.788026,75,33
8677,0,894.6254452,77,20
8678,0,11548.41019,149,141
8679,0,5291.766856,178,58
8680,0,3562.73114,75,67
8681,0,3002.156542,76,49
8682,0,3568.465918,118,50
8683,0,8444.461334,141,82
8684,0,3015.059794,102,49
8685,0,2825.812103,78,51
8686,0,2064.520258,81,41
8687,0,6008.614168,113,77
8688,0,3648.752817,99,50
8689,0,18239.463,243,100
8690,0,52222.32667,342,325
8691,0,130799.9928,575,322
8692,0,189098.3346,842,442
8693,0,2390.237755,75,42
8694,0,3488.096881,175,29
8695,0,176487.8082,1076,563
8696,0,16624.12394,299,116
8697,0,9144.283522,191,82
8698,0,51942.30819,384,318
8699,0,11041.68875,347,75
8700,0,5583.075682,146,63
8701,0,2746.9562,145,36
8702,0,15925.03185,443,89
8703,0,13262.1233,168,132
8704,0,21208.10693,548,130
8705,0,6251.625407,91,87
8706,0,3532.265129,96,51
8707,0,810.4854919,40,28
8708,0,10544.37593,306,114
8709,0,5318.335009,151,66
8710,0,5740.145991,174,76
8711,0,14516.96452,253,126
8712,0,5155.655473,197,56
8713,0,9955.665073,190,83
8714,0,4947.59054,114,66
8715,0,13668.57572,157,125
8716,0,17139.55041,198,119
8717,0,3020.973784,143,34
8718,0,8484.694389,181,84
8719,0,6854.852419,119,78
8720,0,7180.659523,103,95
8721,0,9927.43921,178,109
8722,0,17002.45336,216,137
8723,0,74315.47121,578,256
8724,0,27480.70012,445,170
8725,0,128247.9043,989,379
8726,0,13924.75903,349,99
8727,0,2860.942811,104,42
8728,0,2013353.489,5485,1356
8729,0,6841.411532,193,77
8730,0,13160.86862,173,101
8731,0,16615.1766,215,117
8732,0,27654.6252,273,148
8733,0,41014.76811,479,194
8734,0,346955.5826,1445,464
8735,0,24202.55737,210,155
8736,0,173869.0753,1011,430
8737,0,19575.86729,370,109
8738,0,5075.01015,169,62
8739,0,7658.886285,305,98
8740,0,1109.679639,60,25
8741,0,10803.24741,233,89
8742,0,5108.074732,121,77
8743,0,4643.557674,142,49
8744,0,2021.778237,94,34
8745,0,16253.25831,273,112
8746,0,2614.521358,129,30
8747,0,925.00185,76,20
8748,0,33538.77676,483,185
8749,0,20783.91254,263,133
8750,0,263780.0405,1048,454
8751,0,33556.51873,487,125
8752,0,78688.0606,434,241
8753,0,81050.1621,373,333
8754,0,78814.67376,482,343
8755,0,105971.1797,684,345
8756,0,13716.15646,184,94
8757,0,10193.56877,159,102
8758,0,1177.42171,110,26
8759,0,21458.10743,325,125
8760,0,20808.91259,311,116
8761,0,13918.57622,337,157
8762,0,17358.90569,267,112
8763,0,6425.819303,269,72
8764,0,3964.524058,109,64
8765,0,4754.848219,98,68
8766,0,19391.16781,285,161
8767,0,5471.785137,107,68
8768,0,6704.045666,101,89
8769,0,10868.57012,129,110
8770,0,8901.630706,109,99
8771,0,5920.173131,121,62
8772,0,8444.371727,175,75
8773,0,11046.79629,180,85
8774,0,6065.334711,207,53
8775,0,3467.748871,92,51
8776,0,6392.754721,187,77
8777,0,17385.51864,253,103
8778,0,5310.494492,130,72
8779,0,16926.64676,276,98
8780,0,6370.980484,155,69
8781,0,4431.460476,115,58
8782,0,910.6201008,69,20
8783,0,880.9381418,63,20
8784,0,1190.638582,83,37
8785,0,6999.901993,230,80
8786,0,10375.64799,160,87
8787,0,2266.6712,114,24
8788,0,41369.25837,396,139
8789,0,62031.66528,548,168
8790,0,64357.11796,481,278
8791,0,3524.021385,182,33
8792,0,2868.822942,133,45
8793,0,9893.926598,243,138
8794,0,3554.128972,133,57
8795,0,12249.48686,158,135
8796,0,28200.77325,490,152
8797,0,1984.233359,79,40
8798,0,23594.31242,304,114
8799,0,8668.117695,118,94
8800,0,5955.567467,115,67
8801,0,3627.247398,90,53
8802,0,1952.692078,83,37
8803,0,1579.931475,66,31
8804,0,4245.169781,185,43
8805,0,10863.10416,299,90
8806,0,10311.13173,482,127
8807,0,82794.43082,609,267
8808,0,8295.357093,171,79
8809,0,25786.4315,264,143
8810,0,7678.868404,127,84
8811,0,1390.683785,52,39
8812,0,1465.235905,58,45
8813,0,8967.759871,352,63
8814,0,2103.230013,114,29
8815,0,6030.119587,202,57
8816,0,14412.93205,554,102
8817,0,61571.44931,471,219
8818,0,82592.27988,501,306
8819,0,13204.32748,424,64
8820,0,2088.893067,170,21
8821,0,6888.902667,134,85
8822,0,2623.661161,119,32
8823,0,6397.145411,139,60
8824,0,5050.906159,209,38
8825,0,2233.696224,69,42
8826,0,3806.459226,86,57
8827,0,4711.030928,146,56
8828,0,157688.4874,828,299
8829,0,11382.19122,328,71
8830,0,4827.518616,103,78
8831,0,2822.58629,128,33
8832,0,2824.826438,84,53
8833,0,72204.44548,731,296
8834,0,14769.29477,334,67
8835,0,12217.76637,221,103
8836,0,2652.335054,70,58
8837,0,8001.808118,115,108
8838,0,974.4643146,67,21
8839,0,6073.04082,212,52
8840,0,3082.443441,105,53
8841,0,1644.268522,91,32
8842,0,2793.464368,97,56
8843,0,656.3633198,49,27
8844,0,1630.827634,62,37
8845,0,2862.908951,196,27
8846,0,2134.860901,67,47
8847,0,705.6465726,49,24
8848,0,5383.075282,111,73
8849,0,12918.37261,179,105
8850,0,9339.736421,194,93
8851,0,4868.961351,87,74
8852,0,38200.68124,310,159
8853,0,29032.31613,257,158
8854,0,7016.143064,133,90
8855,0,23140.16725,244,149
8856,0,15998.01587,253,113
8857,0,2494.964667,65,54
8858,0,1713.713105,70,37
8859,0,2157.262379,107,30
8860,0,2877.42511,109,39
8861,0,4064.524258,139,45
8862,0,1997.58464,79,36
8863,0,988.7116548,61,27
8864,0,908.8727855,58,27
8865,0,1109.679639,61,26
8866,0,258600.7659,1264,412
8867,0,12866.84921,195,95
8868,0,6807.949324,111,84
8869,0,40865.1971,473,195
8870,0,16765.35611,229,103
8871,0,2696.779587,108,34
8872,0,1523.390144,94,60
8873,0,2422.58549,82,43
8874,0,3555726.467,6326,2527
8875,0,371327.9231,991,802
8876,0,16652.83909,163,134
8877,0,2585.830664,138,43
8878,0,42229.16712,358,204
8879,0,4239.435002,100,53
8880,0,6934.780895,130,69
8881,0,18534.80409,204,133
8882,0,4316.854512,89,62
8883,0,14496.08634,185,111
8884,0,47810.84831,396,174
8885,0,19889.64551,373,115
8886,0,5525.45908,173,58
8887,0,66827.55301,382,259
8888,0,25200.40882,264,132
8889,0,3447.318723,92,59
8890,0,4438.001708,285,45
8891,0,3752.337254,294,61
8892,0,11790.34616,164,107
8893,0,27056.50573,274,158
8894,0,9750.803552,352,75
8895,0,6123.444147,265,49
8896,0,7753.151707,240,90
8897,0,8196.140944,141,81
8898,0,56211.22353,383,299
8899,0,6342.665015,174,54
8900,0,15643.04204,216,113
8901,0,10192.71752,268,87
8902,0,48985.87306,540,174
8903,0,98852.45245,631,282
8904,0,36822.99031,282,186
8905,0,83370.77606,655,246
8906,0,26822.99271,352,128
8907,0,56667.85527,341,242
8908,0,17371.80894,310,126
8909,0,11066.15116,131,106
8910,0,1952.42326,54,51
8911,0,8183.887336,132,96
8912,0,17756.48713,161,156
8913,0,45626.14193,314,220
8914,0,5091.856062,180,42
8915,0,9655.037231,145,87
8916,0,35199.60744,498,156
8917,0,5004.490296,154,66
8918,0,20179.25183,175,169
8919,0,2632.173723,73,51
8920,0,4787.195954,144,70
8921,0,7912.202204,153,73
8922,0,6056.799748,117,75
8923,0,16012.09243,343,86
8924,0,38657.84238,360,147
8925,0,92100.54262,453,312
8926,0,38967.38383,390,206
8927,0,22157.90204,336,95
8928,0,35846.88411,444,185
8929,0,704.0336661,50,37
8930,0,774.1950967,51,21
8931,0,21042.33599,179,176
8932,0,3703.233213,118,55
8933,0,5230.117987,102,90
8934,0,4610.76191,117,58
8935,0,3638.716955,144,39
8936,0,2966.314176,135,35
8937,0,18358.45966,183,160
8938,0,5186.103562,91,83
8939,0,14293.96148,183,120
8940,0,6407.425327,176,62
8941,0,5180.341902,180,59
8942,0,2579.670258,122,36
8943,0,7490.494372,167,62
8944,0,15068.13049,199,118
8945,0,68304.07926,446,402
8946,0,7187.111148,186,61
8947,0,6666.68,160,65
8948,0,2508.965591,148,34
8949,0,3608.878186,150,35
8950,0,8826.182527,193,76
8951,0,60834.53027,519,205
8952,0,867719.5921,2358,1091
8953,0,8824.095246,268,87
8954,0,389402.2539,857,678
8955,0,25130.69542,339,151
8956,0,74156.59993,460,335
8957,0,72825.95211,383,369
8958,0,61132.73875,338,288
8959,0,11359.1625,200,108
8960,0,18321.1836,264,115
8961,0,7362.021893,222,63
8962,0,24259.54673,221,185
8963,0,32954.5462,439,132
8964,0,179670.207,586,428
8965,0,53788.81726,463,168
8966,0,35498.45809,516,117
8967,0,9974.213497,171,98
8968,0,12818.66363,192,102
8969,0,3263.088964,102,54
8970,0,3049.468465,96,50
8971,0,2953.410925,93,46
8972,0,3870.975484,130,46
8973,0,4408.610968,124,60
8974,0,2432.979776,88,34
8975,0,1085.30683,79,22
8976,0,950.5395354,59,26
8977,0,9335.144119,243,52
8978,0,1886.742125,89,29
8979,0,1890.326361,92,29
8980,0,17479.06722,248,122
8981,0,14350.83515,170,122
8982,0,392756.5524,1410,869
8983,0,4291.048009,114,61
8984,0,11106.83225,281,113
8985,0,19845.20098,250,169
8986,0,22020.11573,376,124
8987,0,3696.243952,149,36
8988,0,14390.70979,461,112
8989,0,350639.1421,1411,421
8990,0,210755.3498,1106,342
8991,0,370999.846,985,590
8992,0,76281.51457,418,268
8993,0,6588.274826,120,77
8994,0,23877.73593,328,120
8995,0,83481.34976,549,246
8996,0,68835.26312,578,187
8997,0,32541.44501,239,207
8998,0,8942.670215,163,114
8999,0,3568.555524,92,58
9000,0,13911.13893,168,120
9001,0,11095.00427,169,102
9002,0,44109.91125,262,238
9003,0,11984.791,139,129
9004,0,141947.5285,576,364
9005,0,8594.887262,179,79
9006,0,15448.05957,260,91
9007,0,458795.7205,1494,640
9008,0,1033976.082,3130,1480
9009,0,11648.76882,225,73
9010,0,9591.417033,260,56
9011,0,2009927.208,5078,1927
9012,0,237763.6193,1227,508
9013,0,144638.357,905,273
9014,0,137980.1147,705,323
9015,0,69929.57534,394,231
9016,0,221426.8541,657,515
9017,0,17982.83166,409,68
9018,0,42030.19159,438,173
9019,0,34322.64929,272,269
9020,0,10903.24761,232,78
9021,0,2398.571105,145,35
9022,0,1208.692276,130,22
9023,0,57748.77141,322,307
9024,0,1008.066532,65,28
9025,0,2271.778737,67,46
9026,0,1856.455326,101,29
9027,0,47026.70696,380,169
9028,0,3869.362578,92,58
9029,0,2434.682289,71,49
9030,0,1879.036016,106,32
9031,0,1558.067632,70,35
9032,0,1274.196097,50,40
9033,0,614.517358,57,20
9034,0,532.259129,46,23
9035,0,352.4200597,46,17
9036,0,200.8068533,35,13
9037,0,1164.518458,134,17
9038,0,2182.262429,83,43
9039,0,2426.617757,88,42
9040,0,4207.669706,220,50
9041,0,4830.049983,173,53
9042,0,3742.144581,168,46
9043,0,1863.310178,106,30
9044,0,2163.803611,84,39
9045,0,2030.828434,114,27
9046,0,2206.814449,122,61
9047,0,811.1127334,51,23
9048,0,2549.109041,95,37
9049,0,1132.977176,79,22
9050,0,4833.701424,132,97
9051,0,1296.776787,65,25
9052,0,11086.4021,196,87
9053,0,464.8754817,34,22
9054,0,474.9113441,36,21
9055,0,4622.231467,108,68
9056,0,2725.45348,101,44
9057,0,18632.29533,220,135
9058,0,3012.192404,81,52
9059,0,2926.170727,80,50
9060,0,3261.655269,105,44
9061,0,9536.936637,211,75
9062,0,1145.522004,78,29
9063,0,3754.84622,182,28
9064,0,2771.331708,94,48
9065,0,2854.485996,65,58
9066,0,4511.097732,94,71
9067,0,2071.576724,97,36
9068,0,1230.961243,61,26
9069,0,3175.409577,101,42
9070,0,7063.18617,125,72
9071,0,30256.51213,350,124
9072,0,2774.983149,103,44
9073,0,2064.85628,110,34
9074,0,6901.895524,200,83
9075,0,1987.011143,72,36
9076,0,2394.158014,102,41
9077,0,2267.029624,90,35
9078,0,2045.254987,81,35
9079,0,14953.54693,303,122
9080,0,1984.210958,65,44
9081,0,2014.452954,90,31
9082,0,9610.794311,193,94
9083,0,800.2928193,42,23
9084,0,1625.227265,61,41
9085,0,3072.362776,81,51
9086,0,2579.530249,72,49
9087,0,8082.453441,247,79
9088,0,1621.867043,101,23
9089,0,1391.691852,63,33
9090,0,2311.272544,86,41
9091,0,593.6391802,32,27
9092,0,477.1514919,33,20
9093,0,556.6767406,40,22
9094,0,1782.037614,77,32
9095,0,948.1425773,47,31
9096,0,2206.657639,80,40
9097,0,10608.08573,184,93
9098,0,7010.497892,147,72
9099,0,1282.260629,76,31
9100,0,940.3244613,67,20
9101,0,1327.42201,75,27
9102,0,5144.09631,99,87
9103,0,6375.639992,313,68
9104,0,11566.95862,181,108
9105,0,12317.76657,172,94
9106,0,1154.034566,58,26
9107,0,1892.745721,76,40
9108,0,2808.585366,99,36
9109,0,2099.578572,99,35
9110,0,1739.474805,72,31
9111,0,17979.96428,215,124
9112,0,20580.68632,353,150
9113,0,254661.3068,1524,415
9114,0,1913.713505,126,29
9115,0,10627.97825,193,80
9116,0,3524.021385,130,36
9117,0,2982.084817,131,42
9118,0,10907.27988,230,87
9119,0,8654.25118,150,88
9120,0,5541.229721,130,63
9121,0,2377.065686,73,52
9122,0,44953.46692,419,196
9123,0,24820.13813,359,122
9124,0,6020.083725,114,85
9125,0,5492.484103,108,65
9126,0,30071.74473,282,156
9127,0,21139.82723,182,163
9128,0,22430.15239,298,104
9129,0,10427.261,127,106
9130,0,4744.09551,119,71
9131,0,5281.730994,117,66
9132,0,5035.135519,82,78
9133,0,5922.950914,120,77
9134,0,316.3088764,43,12
9135,0,318.7282361,39,10
9136,0,735.2165242,59,17
9137,0,346.6852812,29,18
9138,0,628.4062748,32,28
9139,0,376.7928683,52,17
9140,0,1161.51666,82,25
9141,0,514.1139315,66,15
9142,0,545.4760013,31,21
9143,0,644.0425067,38,28
9144,0,3850.254116,121,43
9145,0,1302.085937,97,20
9146,0,6040.558676,119,87
9147,0,4847.679946,126,56
9148,0,4170.625912,213,63
9149,0,1430.334402,46,43
9150,0,3265.015491,102,44
9151,0,1489.138283,44,43
9152,0,1080.3113,38,35
9153,0,2844.987769,213,54
9154,0,2550.968364,113,34
9155,0,3753.927759,89,55
9156,0,13645.39019,166,128
9157,0,1609.680639,90,27
9158,0,5137.913502,151,54
9159,0,16104.98293,214,110
9160,0,8574.165894,212,57
9161,0,2912.192204,146,33
9162,0,916.1308646,60,19
9163,0,1694.985469,119,24
9164,0,1838.713355,139,37
9165,0,639.1141814,63,14
9166,0,674.1948968,48,22
9167,0,96340.51526,566,245
9168,0,28371.02448,421,126
9169,0,15712.93465,338,84
9170,0,4148.19378,283,37
9171,0,6528.910907,212,45
9172,0,31612.16,400,162
9173,0,38020.23733,236,220
9174,0,38355.81148,447,174
9175,0,920.4319485,89,19
9176,0,2164.878882,145,55
9177,0,4395.170081,93,75
9178,0,3053.321519,106,37
9179,0,623.8811761,50,17
9180,0,3435.826764,68,65
9181,0,2095.098276,63,43
9182,0,591.9590693,47,28
9183,0,852.9362937,53,25
9184,0,1508.17954,65,39
9185,0,1738.354731,73,35
9186,0,1001.906126,68,23
9187,0,830.5348153,65,24
9188,0,936.3818011,45,29
9189,0,872.5375874,42,27
9190,0,920.1407291,55,25
9191,0,473.7912701,35,18
9192,0,1796.038538,59,45
9193,0,885.9784744,48,28
9194,0,1817.319943,82,36
9195,0,1616.266673,59,34
9196,0,3091.941668,93,51
9197,0,3162.73034,75,65
9198,0,5506.283414,159,46
9199,0,198536.5978,1634,380
9200,0,29773.53625,530,141
9201,0,2068.216502,79,40
9202,0,2451.281784,82,43
9203,0,687.1653528,74,16
9204,0,975.0243515,64,24
9205,0,693.3257595,45,20
9206,0,1366.490188,91,32
9207,0,4161.07463,196,58
9208,0,2371.196499,89,35
9209,0,646.8426915,65,14
9210,0,1714.273142,80,34
9211,0,569.5575907,37,20
9212,0,2296.851592,82,40
9213,0,3537.999908,145,52
9214,0,2237.638884,124,35
9215,0,625.8077033,62,13
9216,0,763.4423871,42,23
9217,0,420.789372,49,15
9218,0,2681.36737,120,33
9219,0,1562.72714,88,26
9220,0,1793.910398,100,33
9221,0,3125.812703,108,52
9222,0,3886.746125,97,52
9223,0,3448.03557,94,52
9224,0,4450.188112,100,55
9225,0,3648.752817,132,35
9226,0,2769.898013,123,37
9227,0,1602.153742,89,24
9228,0,1652.333054,90,38
9229,0,2807.89092,118,36
9230,0,1683.515912,72,37
9231,0,777.4209096,59,21
9232,0,1073.837273,84,24
9233,0,893.5501742,51,24
9234,0,491.1524159,34,20
9235,0,10524.2146,197,71
9236,0,3810.491492,107,55
9237,0,1030.468011,48,25
9238,0,2091.738054,75,39
9239,0,1558.582866,62,33
9240,0,2205.425558,75,39
9241,0,13047.74115,260,94
9242,0,1953.968962,70,41
9243,0,1167.677067,50,33
9244,0,515.2340054,37,21
9245,0,665.8839482,36,24
9246,0,5353.415725,113,61
9247,0,14746.9829,244,103
9248,0,9144.10431,179,66
9249,0,6619.368078,139,72
9250,0,17694.92786,217,124
9251,0,9628.155457,285,60
9252,0,1701.81792,63,40
9253,0,2898.19128,84,50
9254,0,6412.109599,187,70
9255,0,904.0340661,53,25
9256,0,4605.183942,109,54
9257,0,2685.31003,67,58
9258,0,2004.036266,54,51
9259,0,2150.0043,94,37
9260,0,11727.62202,202,115
9261,0,1654.483596,72,30
9262,0,1982.799664,53,45
9263,0,2179.215828,65,57
9264,0,655.198443,53,21
9265,0,1297.493634,43,42
9266,0,728.7424969,43,26
9267,0,1354.482996,49,34
9268,0,3384.594583,113,47
9269,0,3802.516566,122,58
9270,0,2497.204815,98,42
9271,0,1799.39876,77,33
9272,0,2119.739902,56,51
9273,0,3956.101102,81,77
9274,0,6736.124583,124,85
9275,0,1174.195897,80,24
9276,0,1529.841769,76,28
9277,0,6066.947618,116,67
9278,0,1827.42301,87,31
9279,0,901.6147065,40,33
9280,0,1860.487592,107,28
9281,0,673.3884436,50,18
9282,0,627.4206097,50,19
9283,0,1786.293895,76,31
9284,0,1095.163481,52,30
9285,0,4300.0086,163,46
9286,0,3164.522458,168,37
9287,0,1332.260729,109,38
9288,0,2232.262529,97,40
9289,0,1286.024077,54,28
9290,0,1377.780533,50,38
9291,0,6771.339707,157,70
9292,0,954.8406195,71,22
9293,0,3505.383355,92,52
9294,0,7835.499542,182,73
9295,0,4815.332211,136,53
9296,0,6466.948418,200,60
9297,0,1800.0036,131,27
9298,0,625.00125,33,22
9299,0,1417.744771,105,36
9300,0,3528.232863,109,54
9301,0,2157.262379,81,60
9302,0,903.2276129,60,22
9303,0,2183.516912,84,43
9304,0,1731.903105,79,31
9305,0,3362.013892,83,54
9306,0,5155.840285,179,38
9307,0,4486.030478,205,61
9308,0,2149.108241,72,44
9309,0,1460.934822,69,37
9310,0,2582.084017,89,43
9311,0,3086.744525,94,43
9312,0,48417.30114,545,126
9313,0,35178.16175,788,175
9314,0,114997.9899,593,309
9315,0,102909.9528,477,310
9316,0,132094.7982,734,367
9317,0,60249.58286,469,207
9318,0,4619.364077,177,55
9319,0,11713.28508,294,67
9320,0,8305.661773,239,64
9321,0,86129.20452,468,303
9322,0,4339.166385,165,70
9323,0,4106.191008,133,47
9324,0,2956.995161,108,42
9325,0,1262.323313,52,33
9326,0,18716.43528,469,103
9327,0,1964.049627,143,22
9328,0,17960.94542,221,128
9329,0,3139.567211,106,51
9330,0,5752.13964,141,62
9331,0,11075.29097,146,99
9332,0,7132.070716,127,74
9333,0,2939.297993,107,40
9334,0,6264.327045,164,70
9335,0,12976.84047,233,100
9336,0,3885.290029,110,44
9337,0,12971.39691,162,147
9338,0,1086.090882,73,27
9339,0,2347.786954,60,52
9340,0,2238.512542,96,41
9341,0,10297.60124,186,105
9342,0,1979.170625,53,53
9343,0,19867.31124,265,125
9344,0,5758.300047,113,76
9345,0,12130.40061,254,77
9346,0,18879.96608,247,134
9347,0,17084.48757,283,115
9348,0,9383.419304,161,101
9349,0,9038.727755,143,102
9350,0,3204.665907,187,39
9351,0,2193.552774,78,42
9352,0,4754.848219,116,59
9353,0,17347.70495,160,125
9354,0,3056.636938,96,43
9355,0,6055.567667,166,54
9356,0,2299.280432,84,45
9357,0,961.4938585,52,27
9358,0,3697.991267,166,45
9359,0,2002.871389,57,47
9360,0,2365.954553,90,42
9361,0,1400.361224,82,28
9362,0,17991.16501,177,144
9363,0,14028.25386,209,113
9364,0,1409.680239,79,25
9365,0,3570.168431,83,64
9366,0,2370.972484,58,54
9367,0,20368.58912,305,101
9368,0,4182.266429,91,63
9369,0,4345.169981,134,58
9370,0,2686.295695,102,40
9371,0,9003.243813,204,73
9372,0,4349.24705,101,59
9373,0,1101.592705,60,25
9374,0,2301.191878,96,32
9375,0,8802.100938,131,95
9376,0,1027.667826,52,34
9377,0,1871.643528,61,48
9378,0,4191.316626,140,58
9379,0,2001.572103,66,44
9380,0,2822.026253,89,40
9381,0,2545.928031,129,29
9382,0,3474.469315,133,48
9383,0,1822.360275,99,27
9384,0,887.6585854,34,31
9385,0,4231.460076,95,62
9386,0,2645.973034,113,34
9387,0,3029.844769,71,54
9388,0,2045.165381,66,40
9389,0,2512.101798,78,39
9390,0,9452.43826,128,101
9391,0,1984.681389,64,49
9392,0,370.9684839,47,14
9393,0,1636.293595,103,26
9394,0,714.5175581,44,25
9395,0,516.9365178,56,18
9396,0,21362.94595,258,111
9397,0,49614.61536,532,157
9398,0,8188.726055,202,62
9399,0,894.3566274,58,21
9400,0,1092.744121,42,39
9401,0,954.8406194,43,35
9402,0,868.5501242,37,32
9403,0,607.259279,39,25
9404,0,3025.812503,101,46
9405,0,923.3889436,37,33
9406,0,13489.54311,157,132
9407,0,1437.099648,56,36
9408,0,4350.815153,114,58
9409,0,3200.812853,73,59
9410,0,3489.523108,72,68
9411,0,1879.036016,63,43
9412,0,4629.847969,121,68
9413,0,5562.914352,113,72
9414,0,750.8079532,59,21
9415,0,550.8075532,38,23
9416,0,8719.372277,175,65
9417,0,2118.64223,69,40
9418,0,1139.428802,40,37
9419,0,449.8216882,34,16
9420,0,412.5456279,26,24
9421,0,1613.981723,78,38
9422,0,1422.58349,47,39
9423,0,527.9580452,39,22
9424,0,1904.439293,55,45
9425,0,2537.505075,67,51
9426,0,909.4776254,70,24
9427,0,235.0811153,24,14
9428,0,775.60639,39,27
9429,0,2120.971984,59,46
9430,0,1497.58364,65,32
9431,0,849.8000867,49,27
9432,0,1002.824586,50,25
9433,0,2133.875235,77,45
9434,0,2544.964767,59,55
9435,0,3143.017039,116,46
9436,0,881.3581695,47,25
9437,0,440.3290617,34,17
9438,0,1570.970884,71,30
9439,0,4578.234963,123,62
9440,0,55576.66805,740,269
9441,0,11307.70631,272,123
9442,0,3941.540141,190,50
9443,0,6915.336411,189,64
9444,0,5495.082675,107,81
9445,0,3440.867097,74,55
9446,0,3275.096156,91,59
9447,0,869.7374026,44,28
9448,0,1588.824862,70,32
9449,0,735.3285316,38,30
9450,0,1204.639506,42,41
9451,0,1085.351633,63,27
9452,0,8270.62586,315,47
9453,0,1411.293145,77,34
9454,0,3187.103148,92,56
9455,0,1466.6696,64,32
9456,0,1231.543682,58,35
9457,0,3915.420017,106,55
9458,0,2194.986469,83,38
9459,0,2345.524404,87,43
9460,0,1686.383301,54,42
9461,0,2352.334454,98,40
9462,0,2057.351785,67,52
9463,0,1649.465664,93,38
9464,0,2066.312376,86,35
9465,0,9779.645455,183,100
9466,0,1687.906602,58,40
9467,0,1439.519008,58,37
9468,0,1964.520058,63,42
9469,0,949.1954467,45,31
9470,0,6747.59414,208,64
9471,0,1680.648522,56,39
9472,0,2187.101148,80,46
9473,0,3225.812903,117,44
9474,0,18284.71399,293,87
9475,0,2948.392994,109,41
9476,0,4703.235213,124,50
9477,0,2950.0059,96,40
9478,0,991.1310145,51,29
9479,0,4893.199751,112,64
9480,0,2437.28086,75,38
9481,0,1638.108115,78,30
9482,0,2494.964667,94,77
9483,0,384.7453931,29,28
9484,0,1123.994183,62,31
9485,0,6252.252648,161,67
9486,0,6904.135672,151,62
9487,0,2600.251616,129,34
9488,0,5319.791106,174,68
9489,0,6858.772678,106,81
9490,0,2726.259933,108,35
9491,0,3131.189058,112,49
9492,0,1318.999054,48,45
9493,0,2679.575252,83,45
9494,0,1964.161634,63,47
9495,0,7405.032731,132,76
9496,0,5806.463226,126,79
9497,0,2246.599475,71,45
9498,0,34352.75688,424,127
9499,0,18045.91423,281,112
9500,0,3644.451733,93,53
9501,0,3840.867897,89,60
9502,0,2682.442641,76,55
9503,0,3551.261583,118,40
9504,0,2908.966392,72,67
9505,0,6963.454787,148,72
9506,0,7961.306245,169,70
9507,0,4409.327815,97,69
9508,0,7604.674708,130,92
9509,0,35249.89129,299,158
9510,0,52658.97629,337,271
9511,0,2587.908402,81,53
9512,0,10231.47208,199,72
9513,0,13303.25241,134,130
9514,0,7950.822353,153,71
9515,0,24769.40438,210,159
9516,0,1362.905952,48,35
9517,0,1013.711705,48,31
9518,0,620.1625306,43,18
9519,0,3238.716155,77,65
9520,0,4766.138564,89,69
9521,0,22991.98147,311,130
9522,0,3370.168031,73,70
9523,0,19878.26556,228,133
9524,0,3159.683739,126,59
9525,0,53247.68714,568,189
9526,0,25510.53489,369,105
9527,0,7711.305745,140,86
9528,0,9560.502992,152,108
9529,0,17079.06642,275,147
9530,0,18429.87557,165,149
9531,0,6068.560524,108,64
9532,0,43434.76429,273,242
9533,0,4058.879085,96,57
9534,0,3702.42676,135,44
9535,0,3795.168881,105,52
9536,0,1216.937918,76,27
9537,0,2705.650573,75,50
9538,0,1054.840819,63,27
9539,0,1380.647923,56,39
9540,0,2536.295395,62,60
9541,0,2877.42511,76,55
9542,0,1729.035716,69,37
9543,0,1435.486742,70,30
9544,0,28704.13447,235,162
9545,0,19163.90482,254,119
9546,0,10923.40894,157,128
9547,0,1665.325911,53,40
9548,0,870.2974395,61,23
9549,0,2262.549328,79,40
9550,0,6983.100884,142,78
9551,0,4049.067238,102,50
9552,0,27638.38413,329,198
9553,0,6055.679674,169,61
9554,0,911.1801377,38,33
9555,0,1983.090884,57,46
9556,0,7881.400171,117,90
9557,0,1857.642604,71,45
9558,0,994.6256452,47,28
9559,0,4317.324943,168,54
9560,0,20335.52454,205,141
9561,0,2730.650622,78,52
9562,0,4462.105698,115,47
9563,0,2011.294345,98,30
9564,0,858.8726854,55,24
9565,0,2579.843869,77,45
9566,0,1321.776837,53,32
9567,0,20318.32021,250,104
9568,0,16752.72168,202,130
9569,0,32169.08316,862,141
9570,0,2318.553024,58,50
9571,0,1710.352883,54,43
9572,0,1146.955699,45,39
9573,0,1118.953851,68,28
9574,0,7519.728301,158,82
9575,0,4474.56092,167,52
9576,0,2169.179966,69,44
9577,0,3472.408379,169,45
9578,0,4695.977134,127,46
9579,0,4043.556474,129,38
9580,0,1869.358577,74,33
9581,0,10374.2143,153,132
9582,0,3665.329911,116,49
9583,0,8242.758421,125,82
9584,0,3268.554924,106,59
9585,0,5566.140164,171,45
9586,0,3018.554424,79,51
9587,0,2314.520758,87,39
9588,0,7259.691939,149,70
9589,0,17882.89867,288,107
9590,0,1234.276662,71,31
9591,0,673.5900569,38,25
9592,0,2179.238229,70,45
9593,0,1260.889619,46,40
9594,0,1798.592307,65,40
9595,0,5910.495692,93,77
9596,0,7986.68712,196,126
9597,0,7194.234819,161,63
9598,0,919.0206553,70,20
9599,0,5361.233841,152,56
9600,0,97681.64698,1021,361
9601,0,42655.99659,265,241
9602,0,24558.92009,410,128
9603,0,13601.64011,308,66
9604,0,3756.459126,138,41
9605,0,6436.303195,207,53
9606,0,17477.45431,351,76
9607,0,9102.43756,301,52
9608,0,1375.809203,61,32
9609,0,980.6471226,49,24
9610,0,958.8728855,46,29
9611,0,22157.30238,314,108
9612,0,1587.099948,82,29
9613,0,1669.358177,72,33
9614,0,5664.527458,191,62
9615,0,5844.366527,242,59
9616,0,1825.00365,108,29
9617,0,2687.102148,89,43
9618,0,2226.617356,67,42
9619,0,16754.87222,206,123
9620,0,1971.890145,88,37
9621,0,5658.613468,188,58
9622,0,3464.388649,79,67
9623,0,18330.56982,188,138
9624,0,1994.85166,74,36
9625,0,1952.288851,98,37
9626,0,2983.316899,95,47
9627,0,2578.410175,99,54
9628,0,2232.307332,61,49
9629,0,2104.618905,79,39
9630,0,4305.564167,156,42
9631,0,902.2195464,52,23
9632,0,19660.25437,300,142
9633,0,49139.88323,484,191
9634,0,25496.82519,276,171
9635,0,10726.90317,302,106
9636,0,2672.406779,91,47
9637,0,14537.66348,252,93
9638,0,7708.975991,154,72
9639,0,8425.823303,116,85
9640,0,3068.106495,73,51
9641,0,5913.990323,117,64
9642,0,14077.44751,195,107
9643,0,17486.77332,205,127
9644,0,1202.869789,53,33
9645,0,1144.446733,41,36
9646,0,1635.128718,51,45
9647,0,1441.22152,66,29
9648,0,4241.943968,94,59
9649,0,1992.141081,83,37
9650,0,1150.60714,57,27
9651,0,4085.290429,211,54
9652,0,2524.736232,145,30
9653,0,2231.456076,93,38
9654,0,8649.210847,174,77
9655,0,5746.785687,96,80
9656,0,682.0802173,90,18
9657,0,2427.244998,143,35
9658,0,705.0193312,51,19
9659,0,1454.483196,108,39
9660,0,481.0045462,48,19
9661,0,880.6469226,62,21
9662,0,386.7391247,50,14
9663,0,2608.671451,125,42
9664,0,1754.842219,50,46
9665,0,2754.844219,69,53
9666,0,2641.940768,160,23
9667,0,1841.334328,126,29
9668,0,927.8244363,73,18
9669,0,2012.632833,99,31
9670,0,2163.086763,110,34
9671,0,7468.115295,170,64
9672,0,2138.355531,100,33
9673,0,1298.568905,54,34
9674,0,1104.661708,68,23
9675,0,708.9619914,40,22
9676,0,527.5996215,36,21
9677,0,3937.642284,80,68
9678,0,2250.542135,115,43
9679,0,47975.72319,461,196
9680,0,1090.929601,42,35
9681,0,4431.057249,133,62
9682,0,826.0097166,45,26
9683,0,989.7197214,59,26
9684,0,2048.391194,98,29
9685,0,704.4368928,49,20
9686,0,683.6707222,40,25
9687,0,945.9696339,39,33
9688,0,634.4770754,42,22
9689,0,1163.308778,44,36
9690,0,384.2749621,34,15
9691,0,436.4928084,30,21
9692,0,1616.82671,52,40
9693,0,4429.847569,106,66
9694,0,5928.237663,121,78
9695,0,41577.50251,332,187
9696,0,14608.90019,167,121
9697,0,2018.373212,85,48
9698,0,38138.78596,424,198
9699,0,3959.864551,100,58
9700,0,1555.558667,49,46
9701,0,5172.59099,183,42
9702,0,8598.404294,171,78
9703,0,1545.970834,71,29
9704,0,9587.115948,147,101
9705,0,1716.132465,94,25
9706,0,1437.995708,111,27
9707,0,38847.38952,474,199
9708,0,6974.924344,98,93
9709,0,4285.31323,171,63
9710,0,4465.958753,128,61
9711,0,21074.95254,284,111
9712,0,2802.156142,80,57
9713,0,4595.170481,124,66
9714,0,1051.615006,55,29
9715,0,7051.425393,193,53
9716,0,5860.226774,375,72
9717,0,936.3818011,75,22
9718,0,1500.339022,54,44
9719,0,707.8867204,50,23
9720,0,2991.717453,97,51
9721,0,2204.305484,72,40
9722,0,4201.621306,145,41
9723,0,4565.331711,139,59
9724,0,3421.781037,100,49
9725,0,4736.299795,149,56
9726,0,5033.074582,117,57
9727,0,1835.487542,66,37
9728,0,644.3561274,35,32
9729,0,5944.366727,94,87
9730,0,5784.688989,175,113
9731,0,3558.878086,81,60
9732,0,4818.558024,98,63
9733,0,1438.712555,101,23
9734,0,5580.656323,113,67
9735,0,2025.810503,90,33
9736,0,2762.908752,141,53
9737,0,3523.79737,108,56
9738,0,1653.229113,78,31
9739,0,3257.174973,104,60
9740,0,3255.494862,192,42
9741,0,2911.632167,132,32
9742,0,2269.829808,78,38
9743,0,794.1324126,72,19
9744,0,766.6906014,34,29
9745,0,2733.540413,65,64
9746,0,1321.687231,104,29
9747,0,2488.244224,131,39
9748,0,1144.155514,80,25
9749,0,5655.92529,118,72
9750,0,1448.03157,88,22
9751,0,6787.110349,153,79
9752,0,3301.798718,108,46
9753,0,1473.838073,49,41
9754,0,2766.941018,137,33
9755,0,4295.976334,142,39
9756,0,1749.197047,79,41
9757,0,2474.198497,95,43
9758,0,1559.680539,82,30
9759,0,1195.678915,72,28
9760,0,2207.88972,123,42
9761,0,3046.601075,108,47
9762,0,1344.805557,58,34
9763,0,2697.698048,90,40
9764,0,1689.631515,49,48
9765,0,1686.741725,74,37
9766,0,412.500825,26,21
9767,0,2535.488942,99,38
9768,0,6477.43231,152,75
9769,0,2108.539163,125,38
9770,0,7450.731747,295,69
9771,0,1142.475403,81,21
9772,0,824.8224382,84,15
9773,0,1261.203239,97,41
9774,0,1818.440017,84,29
9775,0,857.9766264,62,21
9776,0,748.7694187,61,15
9777,0,751.0095665,64,23
9778,0,923.5009509,80,17
9779,0,1525.540685,80,27
9780,0,1113.353481,61,24
9781,0,235.2155242,28,12
9782,0,251.4565961,32,10
9783,0,342.182584,44,13
9784,0,595.879328,39,20
9785,0,677.062286,55,18
9786,0,1197.851858,72,31
9787,0,1846.173047,52,47
9788,0,915.4140172,65,25
9789,0,1151.435995,75,23
9790,0,1013.711705,70,20
9791,0,673.3884435,42,22
9792,0,1175.808803,65,24
9793,0,1081.453776,53,28
9794,0,539.5172081,37,20
9795,0,943.5502742,42,33
9796,0,1066.6688,78,26
9797,0,1373.479449,44,39
9798,0,446.5958753,41,14
9799,0,270.6098602,38,10
9800,0,1283.873536,70,32
9801,0,603.2270129,50,20
9802,0,1146.955699,52,31
9803,0,1572.763002,91,31
9804,0,1810.75631,88,34
9805,0,992.1166796,79,22
9806,0,689.6071139,65,16
9807,0,3531.189858,186,51
9808,0,921.1487957,67,21
9809,0,992.4751033,56,24
9810,0,794.2668215,46,26
9811,0,3125.00625,118,40
9812,0,1381.051149,93,22
9813,0,1145.275588,72,25
9814,0,1762.72754,99,34
9815,0,1137.435071,48,37
9816,0,3591.51704,118,60
9817,0,881.4981787,65,21
9818,0,2196.464966,63,52
9819,0,15562.86715,162,144
9820,0,7754.271781,101,94
9821,0,9732.322332,147,96
9822,0,3309.818448,97,45
9823,0,1884.524378,95,28
9824,0,1382.73126,46,43
9825,0,3280.046883,122,44
9826,0,1918.552224,90,33
9827,0,2486.026477,114,45
9828,0,9883.532312,178,104
9829,0,65640.81229,585,216
9830,0,95481.82179,424,409
9831,0,41099.99259,359,166
9832,0,2092.298091,114,33
9833,0,1411.293145,108,23
9834,0,2652.335054,116,46
9835,0,5743.739086,116,68
9836,0,13747.78735,204,92
9837,0,2376.796868,84,41
9838,0,30991.88546,254,233
9839,0,9616.954718,131,89
9840,0,13765.1485,130,128
9841,0,11286.04408,184,97
9842,0,17942.68821,271,90
9843,0,3069.540189,120,46
9844,0,5218.64843,176,61
9845,0,3627.247398,98,46
9846,0,2351.259183,90,40
9847,0,6298.354891,133,64
9848,0,1389220.448,3595,1173
9849,0,27863.99389,312,144
9850,0,13486.85809,159,127
9851,0,54549.30265,489,215
9852,0,93125.18625,476,287
9853,0,6253.238313,100,94
9854,0,22610.52909,336,105
9855,0,7814.531758,228,58
9856,0,16429.87157,212,107
9857,0,4979.848669,140,55
9858,0,3556.458726,136,60
9859,0,2533.069582,60,53
9860,0,4027.785833,104,85
9861,0,13615.61863,251,99
9862,0,3615.038592,128,43
9863,0,23723.16573,212,155
9864,0,13252.15464,251,93
9865,0,3187.73039,68,67
9866,0,27204.35548,378,133
9867,0,19862.40532,200,113
9868,0,5873.846873,102,81
9869,0,7062.626132,176,97
9870,0,2453.521932,128,27
9871,0,573.4778495,56,17
9872,0,1528.318469,57,38
9873,0,6774.767134,191,57
9874,0,856.8565524,63,18
9875,0,1314.406751,68,33
9876,0,4692.549708,150,51
9877,0,3812.171603,92,59
9878,0,1983.650921,118,31
9879,0,902.7795834,60,23
9880,0,3513.111865,100,68
9881,0,2344.314725,100,31
9882,0,1706.992661,88,31
9883,0,2197.853858,110,49
9884,0,7400.731647,117,83
9885,0,1086.740525,48,36
9886,0,637.9941075,51,20
9887,0,2812.908852,68,61
9888,0,3622.319073,101,53
9889,0,1639.075099,89,35
9890,0,1274.644126,56,33
9891,0,6238.811761,118,71
9892,0,3810.491492,94,51
9893,0,3839.613414,98,56
9894,0,2777.783333,122,30
9895,0,1171.597325,115,27
9896,0,2013.892917,99,28
9897,0,8067.399647,163,77
9898,0,2726.887174,132,38
9899,0,2558.668872,75,47
9900,0,1911.294145,76,36
9901,0,785.4854419,64,19
9902,0,1207.260479,95,18
9903,0,845.879828,51,26
9904,0,2151.97563,82,41
9905,0,1921.778037,79,31
9906,0,4234.417071,115,50
9907,0,1922.942914,106,33
9908,0,940.1452495,100,16
9909,0,982.0808173,95,17
9910,0,1060.934022,65,24
9911,0,14188.15886,235,88
9912,0,9812.116398,171,94
9913,0,1123.79257,63,26
9914,0,1183.268496,67,26
9915,0,6716.142465,316,44
9916,0,4650.546936,105,56
9917,0,2974.916344,136,36
9918,0,7625.46328,173,72
9919,0,11373.23063,233,66
9920,0,1686.831331,46,46
9921,0,2909.39202,99,37
9922,0,3945.4604,128,45
9923,0,2373.996684,142,62
9924,0,4963.719605,102,68
9925,0,5150.0103,117,69
9926,0,37086.4541,349,154
9927,0,5593.089143,147,61
9928,0,1300.361024,77,28
9929,0,3419.361677,111,47
9930,0,7563.119965,128,91
9931,0,7449.813287,124,80
9932,0,965.2349054,70,21
9933,0,887.4569721,71,27
9934,0,825.4496796,72,19
9935,0,9808.487359,242,115
9936,0,10992.96553,377,79
9937,0,3962.821546,176,40
9938,0,1815.639832,89,35
9939,0,3555.674674,228,28
9940,0,2662.908552,177,31
9941,0,3145.167581,82,46
9942,0,1093.192151,84,34
9943,0,992.3854973,103,19
9944,0,5487.222115,242,70
9945,0,14856.66054,395,76
9946,0,9413.101263,246,55
9947,0,9168.925148,129,101
9948,0,10203.87345,263,64
9949,0,3806.011196,128,49
9950,0,4036.746425,141,47
9951,0,12836.04718,177,100
9952,0,2990.597379,74,64
9953,0,3380.383105,114,42
9954,0,26281.41457,249,142
9955,0,11704.77251,202,82
9956,0,36164.94688,230,210
9957,0,18196.35282,207,128
9958,0,5571.247702,164,48
9959,0,7750.911559,244,53
9960,0,4538.539543,125,56
9961,0,10975.84153,263,62
9962,0,3129.486546,125,40
9963,0,3383.519312,108,42
9964,0,11895.36429,206,87
9965,0,4712.912652,125,54
9966,0,5554.849819,163,56
9967,0,6088.721855,119,77
9968,0,38386.3671,445,128
9969,0,2391.133815,100,46
9970,0,8246.790687,171,74
9971,0,3898.394894,129,52
9972,0,1843.552074,113,46
9973,0,21634.72069,211,139
9974,0,4411.299145,149,42
9975,0,3419.725701,115,40
9976,0,1792.745521,86,34
9977,0,1630.648423,84,31
9978,0,37784.75299,394,140
9979,0,10125.8267,229,67
9980,0,3325.00665,174,51
9981,0,1647.315123,84,32
9982,0,5406.462426,131,57
9983,0,10779.94988,445,50
9984,0,3187.103149,105,49
9985,0,5805.029531,301,44
9986,0,2477.42431,110,31
9987,0,1387.816396,64,44
9988,0,1156.991561,85,59
9989,0,1939.968038,115,45
9990,0,1276.884274,89,24
9991,0,1112.793444,92,24
9992,0,915.1003966,92,19
9993,0,446.349459,69,12
9994,0,4883.163888,251,45
9995,0,745.5212043,45,26
9996,0,550.5387354,65,49
9997,0,362.7247398,39,19
9998,0,2447.316722,176,21
9999,0,1916.849712,159,17
10000,0,662.3669161,67,15
10001,0,2176.348439,122,27
10002,0,1567.028224,106,34
10003,0,3622.7391,167,35
10004,0,5614.370548,173,56
10005,0,2887.690587,146,35
10006,0,2338.154318,91,39
10007,0,3678.742797,135,43
10008,0,1073.03082,89,18
10009,0,2917.792574,192,36
10010,0,17726.84997,207,145
10011,0,3523.19253,127,42
10012,0,12778.52018,361,82
10013,0,4791.407432,172,64
10014,0,1394.984869,80,25
10015,0,73113.94551,503,237
10016,0,267928.4032,797,493
10017,0,18528.26286,358,89
10018,0,9894.832272,227,81
10019,0,2500.005,88,38
10020,0,12381.29716,247,110
10021,0,4670.708266,127,51
10022,0,6344.09871,146,85
10023,0,746332.1378,1726,964
10024,0,409605.2236,1053,620
10025,0,35171.39651,580,146
10026,0,54001.54169,945,227
10027,0,7736.569114,350,53
10028,0,4421.514219,113,55
10029,0,14919.02625,217,104
10030,0,161376.3308,546,455
10031,0,13624.01918,210,94
10032,0,35196.64297,263,177
10033,0,52009.51262,638,186
10034,0,3976.262433,134,38
10035,0,19168.94515,319,104
10036,0,1037.994908,38,36
10037,0,1549.347706,56,34
10038,0,774.9119441,41,23
10039,0,1562.010292,87,29
10040,0,2058.78548,69,47
10041,0,1905.021731,157,25
10042,0,1573.121426,59,36
10043,0,6246.965899,180,52
10044,0,2229.753563,55,53
10045,0,2565.596529,80,46
10046,0,7276.358639,100,90
10047,0,4682.446641,89,75
10048,0,9579.589052,159,135
10049,0,3084.593983,169,38
10050,0,907.1702731,38,33
10051,0,2055.559667,53,50
10052,0,647.3131226,52,19
10053,0,1386.382701,73,28
10054,0,2663.804611,114,36
10055,0,13364.90128,131,129
10056,0,3107.533097,84,68
10057,0,1074.55412,51,29
10058,0,5084.956407,112,69
10059,0,2893.554174,109,42
10060,0,6283.525112,119,61
10061,0,2511.116133,113,42
10062,0,584.5889828,61,15
10063,0,483.1550882,37,19
10064,0,5232.985376,189,44
10065,0,2168.463118,143,38
10066,0,1166.556993,74,32
10067,0,1289.765124,68,30
10068,0,1301.794718,109,16
10069,0,2268.104895,106,28
10070,0,1829.39434,156,23
10071,0,2369.897213,109,37
10072,0,4198.597107,99,72
10073,0,3473.842073,155,41
10074,0,2168.463118,113,29
10075,0,1162.636734,60,29
10076,0,3064.522258,122,48
10077,0,2556.008696,99,38
10078,0,557.7968145,28,27
10079,0,734.7684946,44,37
10080,0,1816.491088,126,30
10081,0,853.4963307,82,23
10082,0,616.0406587,61,17
10083,0,920.790372,62,25
10084,0,2541.167717,120,32
10085,0,4613.304477,189,68
10086,0,5264.347446,186,55
10087,0,1253.082703,100,22
10088,0,1099.072539,45,40
10089,0,847.0559055,98,19
10090,0,2135.140919,89,42
10091,0,1928.627289,93,33
10092,0,25630.09158,296,145
10093,0,3185.490242,83,63
10094,0,14259.1011,168,114
10095,0,5579.648256,135,63
10096,0,2565.529324,118,32
10097,0,9285.412836,417,69
10098,0,2484.323965,106,42
10099,0,14394.38363,484,70
10100,0,2679.844069,95,45
10101,0,7009.691439,157,66
10102,0,12065.97395,328,60
10103,0,6081.732594,259,36
10104,0,1617.207535,95,26
10105,0,2410.040662,105,37
10106,0,1317.565359,70,29
10107,0,1749.107441,79,39
10108,0,2381.36677,115,36
10109,0,4260.940422,182,76
10110,0,1413.622899,78,28
10111,0,3849.470064,131,44
10112,0,1108.245944,85,33
10113,0,1475.271768,83,30
10114,0,653.7647484,32,31
10115,0,3802.158142,226,58
10116,0,1968.462718,157,26
10117,0,3367.748671,201,88
10118,0,3374.255161,219,39
10119,0,1714.69877,121,33
10120,0,734.0516473,80,20
10121,0,1417.923983,94,21
10122,0,711.1125333,55,20
10123,0,1711.831381,80,34
10124,0,3536.924637,132,47
10125,0,810.0374623,72,26
10126,0,493.1909505,29,23
10127,0,931.9015054,45,32
10128,0,802.8689892,57,24
10129,0,1215.773041,61,32
10130,0,490.3235612,48,18
10131,0,416.107463,51,12
10132,0,440.1890525,33,17
10133,0,237.4556721,31,13
10134,0,1339.787626,103,22
10135,0,1734.412071,119,28
10136,0,3013.984523,216,31
10137,0,329.3913398,53,10
10138,0,620.0729247,61,16
10139,0,537.9939075,49,16
10140,0,14171.80254,220,92
10141,0,9184.606183,241,142
10142,0,13213.51209,365,107
10143,0,19618.09479,491,119
10144,0,10046.50307,412,66
10145,0,10042.58281,306,68
10146,0,3854.039966,232,28
10147,0,7258.482259,384,51
10148,0,23642.33357,317,145
10149,0,56066.16787,696,242
10150,0,60218.04158,1391,162
10151,0,10775.64879,515,67
10152,0,8377.077686,427,63
10153,0,9861.130833,447,44
10154,0,3546.154046,217,26
10155,0,8707.454691,307,57
10156,0,2074.376909,120,45
10157,0,6601.715712,245,69
10158,0,6922.056855,282,91
10159,0,1756.275914,80,34
10160,0,18068.1925,215,126
10161,0,29968.97795,363,150
10162,0,49454.1035,621,222
10163,0,40506.35341,571,147
10164,0,27172.99341,413,139
10165,0,9177.885739,214,72
10166,0,29238.05722,384,141
10167,0,3633.519812,191,42
10168,0,5414.437352,159,72
10169,0,4583.635434,191,42
10170,0,3398.304288,152,38
10171,0,2215.506223,126,34
10172,0,4843.199651,280,87
10173,0,20976.74446,558,153
10174,0,3960.581398,232,27
10175,0,4165.599729,120,46
10176,0,435.484742,34,17
10177,0,1081.005746,61,42
10178,0,953.4069247,59,26
10179,0,697.1340108,43,25
10180,0,670.6106602,56,23
10181,0,480.6461226,45,17
10182,0,1315.773241,78,34
10183,0,1107.170673,40,39
10184,0,534.409671,43,21
10185,0,2259.502727,159,32
10186,0,1860.577198,60,44
10187,0,1532.821166,151,19
10188,0,4364.928085,271,42
10189,0,4260.76121,164,47
10190,0,1043.908898,84,31
10191,0,2260.690005,74,41
10192,0,761.6950718,52,21
10193,0,962.3003117,54,25
10194,0,655.0416327,35,23
10195,0,658.6706722,37,20
10196,0,2268.149697,89,33
10197,0,1079.034416,63,27
10198,0,1267.542858,61,38
10199,0,2842.747621,110,38
10200,0,1308.873585,53,41
10201,0,1326.413943,102,28
10202,0,1771.979351,129,38
10203,0,13860.10837,172,114
10204,0,28875.02462,418,97
10205,0,40871.04948,643,155
10206,0,34324.2622,486,217
10207,0,34439.58501,450,132
10208,0,5345.171981,161,69
10209,0,5647.59194,132,70
10210,0,22340.36726,456,77
10211,0,1104.840919,83,19
10212,0,18121.90004,195,111
10213,0,8107.543097,116,106
10214,0,1979.932275,77,38
10215,0,3235.848766,86,57
10216,0,4344.09471,78,70
10217,0,2004.305084,90,32
10218,0,924.7330322,73,19
10219,0,510.395286,46,21
10220,0,1121.149196,53,29
10221,0,3707.534297,151,49
10222,0,1757.261579,83,37
10223,0,4418.557224,97,60
10224,0,6294.367428,216,50
10225,0,2293.911398,95,38
10226,0,3245.974234,80,64
10227,0,5163.540793,141,84
10228,0,7316.322876,183,61
10229,0,42735.56934,662,129
10230,0,2390707.066,3254,1518
10231,0,8232.543347,181,97
10232,0,9069.098559,172,101
10233,0,6811.449555,95,94
10234,0,2029.709269,88,38
10235,0,2208.875386,85,43
10236,0,6398.399894,136,67
10237,0,13745.18878,186,106
10238,0,11399.21635,252,88
10239,0,126449.3456,1148,258
10240,0,31793.61197,726,129
10241,0,25693.24135,274,134
10242,0,1468025.578,3224,1491
10243,0,96226.71575,607,327
10244,0,4075.993815,74,70
10245,0,13575.29597,221,88
10246,0,5015.691035,98,75
10247,0,35539.94563,333,144
10248,0,59083.89953,490,277
10249,0,78315.56882,1265,213
10250,0,4973250.213,8569,3517
10251,0,5708.971991,140,69
10252,0,11784.96981,199,88
10253,0,1680.648523,67,37
10254,0,4350.815153,125,53
10255,0,40909.58003,484,179
10256,0,31787.69798,267,171
10257,0,2265.959002,85,42
10258,0,1260.381852,74,37
10259,0,67061.52395,481,266
10260,0,18756.48913,208,200
10261,0,22772.22296,322,100
10262,0,23558.51486,317,116
10263,0,6592.755121,201,53
10264,0,4526.21873,118,62
10265,0,34198.65711,361,177
10266,0,153372.2826,718,332
10267,0,92681.63698,587,254
10268,0,6769.166764,199,47
10269,0,55957.77321,376,220
10270,0,17847.81795,319,108
10271,0,15247.0063,206,101
10272,0,17656.28531,307,100
10273,0,35690.59557,369,148
10274,0,6411.303145,109,91
10275,0,7867.959284,198,71
10276,0,7681.466976,161,94
10277,0,3316.538891,120,46
10278,0,30635.14192,245,158
10279,0,3119.965917,115,49
10280,0,2668.553724,100,41
10281,0,10183.08488,184,73
10282,0,4102.42756,116,44
10283,0,21981.49558,234,139
10284,0,66206.58403,458,194
10285,0,19556.49073,169,149
10286,0,1457.260979,86,38
10287,0,5145.978034,128,58
10288,0,15109.79724,329,98
10289,0,11305.74618,170,107
10290,0,3962.261509,90,63
10291,0,7784.513777,105,97
10292,0,24438.61295,278,155
10293,0,6331.917906,243,51
10294,0,22506.48542,189,161
10295,0,5309.85045,146,57
10296,0,15334.51208,234,106
10297,0,40371.66452,315,201
10298,0,11491.25842,263,79
10299,0,22527.48681,215,131
10300,0,9835.649152,129,100
10301,0,18155.69827,226,123
10302,0,9230.663623,199,78
10303,0,2563.714805,88,50
10304,0,7240.157849,284,45
10305,0,5497.322823,159,48
10306,0,11709.25281,174,121
10307,0,42833.86703,462,142
10308,0,16359.88935,259,105
10309,0,3439.433402,76,60
10310,0,4436.299195,136,47
10311,0,2498.392094,70,54
10312,0,4445.170181,88,67
10313,0,15058.09463,191,111
10314,0,7103.240013,123,80
10315,0,3608.250944,87,72
10316,0,2300.721447,98,33
10317,0,2974.916344,168,30
10318,0,2856.994961,124,35
10319,0,4086.746525,117,53
10320,0,20318.32021,228,154
10321,0,33696.12474,457,150
10322,0,20383.10528,291,147
10323,0,163505.9722,560,512
10324,0,178816.4867,594,438
10325,0,20196.81459,282,118
10326,0,7595.982934,111,93
10327,0,3792.749521,103,55
10328,0,9027.975045,123,84
10329,0,4141.943768,145,52
10330,0,3022.228267,117,43
10331,0,2374.198297,120,30
10332,0,22394.39963,411,99
10333,0,115380.0695,631,359
10334,0,1285.767148,75,31
10335,0,4467.480009,75,73
10336,0,8071.480563,169,67
10337,0,1053.694414,52,29
10338,0,5748.18437,99,94
10339,0,6246.441336,130,72
10340,0,9508.719866,143,100
10341,0,4970.920863,118,62
10342,0,20709.18532,233,123
10343,0,4654.975031,99,60
10344,0,1030.855308,81,19
10345,0,1340.9382,67,29
10346,0,1272.25933,45,41
10347,0,1177.134178,44,37
10348,0,1206.008767,65,29
10349,0,2265.317045,93,38
10350,0,8330.332052,210,87
10351,0,4536.443947,294,55
10352,0,1616.951732,70,31
10353,0,3462.166942,160,40
10354,0,11914.30646,247,75
10355,0,4417.302767,113,53
10356,0,2568.984391,151,36
10357,0,3049.99266,68,59
10358,0,7966.198675,186,62
10359,0,34513.71368,358,157
10360,0,5132.069642,91,73
10361,0,2234.432088,85,39
10362,0,849.5976891,45,27
10363,0,1198.968435,74,26
10364,0,301.7556445,33,14
10365,0,1135.711347,53,27
10366,0,330.9771695,23,18
10367,0,2014.422643,54,49
10368,0,23998.81956,292,144
10369,0,2204.242268,61,48
10370,0,637.9419209,40,22
10371,0,1983.527812,85,37
10372,0,1691.162009,86,30
10373,0,106728.5002,503,313
10374,0,56389.67315,410,203
10375,0,144454.9481,634,448
10376,0,128187.8099,608,312
10377,0,1560.908488,95,25
10378,0,90515.05664,642,247
10379,0,552.4637609,47,28
10380,0,868.7063823,48,29
10381,0,615.1651113,47,20
10382,0,2029.885691,64,41
10383,0,2239.334162,81,39
10384,0,5055.698558,109,63
10385,0,445.6117106,33,19
10386,0,207.4327554,20,16
10387,0,684.8564852,49,21
10388,0,503.1126069,40,18
10389,0,23726.32818,234,136
10390,0,23412.99937,302,132
10391,0,15767.80587,253,123
10392,0,3366.221923,157,44
10393,0,3466.29625,82,58
10394,0,12674.54793,148,112
10395,0,8162.266547,114,106
10396,0,8644.925349,163,71
10397,0,556.0678811,43,20
10398,0,1010.641551,44,29
10399,0,94945.24371,980,201
10400,0,8743.662996,173,80
10401,0,17126.09006,237,123
10402,0,5103.399801,168,51
10403,0,1444.230613,95,22
10404,0,590.6959559,41,22
10405,0,1976.822527,109,26
10406,0,1970.362617,61,42
10407,0,3082.817409,105,36
10408,0,3051.59114,77,51
10409,0,3311.403845,148,35
10410,0,2069.42975,81,35
10411,0,2696.086218,132,34
10412,0,10040.33648,243,71
10413,0,2347.472291,100,49
10414,0,1385.929294,94,27
10415,0,447.554266,30,19
10416,0,3521.034925,153,37
10417,0,666.8018722,48,20
10418,0,4685.847264,108,59
10419,0,30541.73442,778,227
10420,0,428763.2777,1605,906
10421,0,356705.3779,1673,654
10422,0,45606.27024,530,140
10423,0,475890.5536,1767,743
10424,0,173177.0765,898,419
10425,0,240570.1759,810,534
10426,0,62675.25717,345,260
10427,0,72213.09369,662,174
10428,0,1369.552747,59,43
10429,0,5805.476801,189,46
10430,0,709.1563611,53,21
10431,0,1017.271883,62,22
10432,0,1603.836985,84,27
10433,0,496.1088314,55,17
10434,0,1246.317358,43,37
10435,0,13859.29678,274,95
10436,0,408111.8009,990,789
10437,0,75509.76227,797,241
10438,0,210035.7031,1258,407
10439,0,8290.775083,139,90
10440,0,2523.685864,90,40
10441,0,10489.70095,227,89
10442,0,20087.25357,285,98
10443,0,1705.832822,59,39
10444,0,6694.964644,166,65
10445,0,3483.83547,115,47
10446,0,19642.46501,321,106
10447,0,2064.919822,82,33
10448,0,2902.091769,121,37
10449,0,819.3656518,55,21
10450,0,2012.892873,50,49
10451,0,1866.357224,74,45
10452,0,1172.180677,50,35
10453,0,2247.534113,79,53
10454,0,1665.431067,65,34
10455,0,1932.119511,60,40
10456,0,4106.768787,101,61
10457,0,2009.40817,90,35
10458,0,2077.751506,79,44
10459,0,463.6837078,44,15
10460,0,2898.159149,73,51
10461,0,662.3755077,56,21
10462,0,2106.190632,68,43
10463,0,1922.861633,70,38
10464,0,1931.85655,82,41
10465,0,4554.347803,120,54
10466,0,1541.848588,62,42
10467,0,714.6012313,33,30
10468,0,2293.485405,60,51
10469,0,2299.249887,74,68
10470,0,547.7157507,32,29
10471,0,979.8508582,60,26
10472,0,425.4860959,35,16
10473,0,2931.465524,133,41
10474,0,1740.75652,54,47
10475,0,590.5191371,48,24
10476,0,1202.955455,60,26
10477,0,960.4019263,56,26
10478,0,781.6524767,47,23
10479,0,394.7641912,32,18
10480,0,902.3753214,49,23
10481,0,37358.3199,436,150
10482,0,15562.91382,227,96
10483,0,1128.987124,40,39
10484,0,528.6084143,31,24
10485,0,18543.18737,195,128
10486,0,3862.634965,105,55
10487,0,3789.468781,91,54
10488,0,1490.015319,86,24
10489,0,5217.169767,87,76
10490,0,25895.4216,296,139
10491,0,18575.96918,283,107
10492,0,86614.18315,675,318
10493,0,1471653.864,1597,1369
10494,0,11049.59746,302,217
10495,0,391.2814277,35,17
10496,0,1493.716144,89,31
10497,0,2618.362579,74,56
10498,0,409.3397566,30,20
10499,0,3337.285637,99,55
10500,0,1188.557107,49,30
10501,0,1345.38925,67,29
10502,0,919.4836754,56,23
10503,0,3014.450009,222,57
10504,0,5913.724067,255,52
10505,0,646.0106839,58,19
10506,0,3546.426003,125,44
10507,0,3187.25266,75,59
10508,0,589.9289594,42,19
10509,0,761.1419052,51,21
10510,0,7045.667826,150,66
10511,0,4740.79186,117,71
10512,0,1815.24646,68,36
10513,0,1079.898903,40,36
10514,0,209.2228481,26,10
10515,0,352.4567614,30,17
10516,0,1147.873226,64,31
10517,0,636.9587201,43,22
10518,0,6281.726092,139,89
10519,0,641.7699789,40,22
10520,0,1947.010359,105,36
10521,0,14925.20716,257,130
10522,0,2511.946795,136,32
10523,0,22105.25145,368,107
10524,0,21921.59314,388,90
10525,0,53467.28724,648,150
10526,0,9356.081813,122,97
10527,0,7728.56988,110,100
10528,0,9084.295883,139,86
10529,0,612.3870951,41,25
10530,0,6288.30652,152,82
10531,0,360.2264514,33,16
10532,0,334.9465808,28,16
10533,0,607.6095376,32,26
10534,0,1325.73103,64,29
10535,0,520.6193238,46,14
10536,0,991.9182956,64,26
10537,0,2762.697051,114,44
10538,0,655.9955637,39,25
10539,0,6152.170327,116,69
10540,0,2910.039649,137,36
10541,0,4091.137215,135,48
10542,0,1877.221496,86,34
10543,0,4764.525658,162,51
10544,0,7809.155403,180,78
10545,0,35398.59977,684,135
10546,0,5629.446743,147,66
10547,0,7793.205551,228,61
10548,0,17224.04879,171,157
10549,0,14105.40455,249,114
10550,0,22600.40362,230,137
10551,0,88770.78686,700,263
10552,0,1322.224867,69,26
10553,0,661.2916451,39,25
10554,0,2220.434548,67,41
10555,0,3343.017439,108,41
10556,0,2589.610914,103,35
10557,0,1810.599499,119,57
10558,0,2748.661411,131,31
10559,0,1305.737379,82,24
10560,0,2279.216028,87,41
10561,0,1313.981122,96,27
10562,0,1740.863697,95,30
10563,0,2777.503315,64,59
10564,0,1602.545768,99,34
10565,0,2945.167181,82,48
10566,0,1741.535741,106,44
10567,0,774.3967101,49,21
10568,0,759.8301487,41,26
10569,0,519.1542641,47,14
10570,0,2557.408789,69,53
10571,0,1017.307142,45,32
10572,0,838.2353234,39,28
10573,0,1131.185058,45,33
10574,0,678.4847799,34,27
10575,0,730.8482359,40,23
10576,0,1286.96494,75,26
10577,0,924.0609879,66,22
10578,0,665.8839482,38,24
10579,0,1052.309452,43,32
10580,0,1332.865569,42,40
10581,0,920.7679706,46,26
10582,0,1329.807767,64,29
10583,0,1144.295523,51,30
10584,0,4695.349892,158,43
10585,0,7591.413032,226,67
10586,0,2159.144103,92,36
10587,0,5231.551682,92,74
10588,0,2843.554074,124,35
10589,0,805.6467726,68,19
10590,0,748.3885935,40,30
10591,0,1582.261229,77,33
10592,0,804.0338662,53,19
10593,0,503.2268129,48,16
10594,0,905.6469726,72,19
10595,0,4200.0084,117,45
10596,0,390.3233613,45,14
10597,0,375.00075,48,17
10598,0,3608.318149,120,58
10599,0,3072.362776,142,46
10600,0,5063.809411,112,95
10601,0,2508.965591,165,25
10602,0,2116.133265,138,26
10603,0,1535.621351,162,19
10604,0,722.6716963,74,17
10605,0,1056.856952,121,18
10606,0,4141.495738,222,55
10607,0,19529.78816,170,158
10608,0,2243.508071,118,31
10609,0,27770.55285,351,122
10610,0,3301.928515,133,56
10611,0,330.9818448,24,19
10612,0,1196.238952,92,20
10613,0,450.8297547,50,13
10614,0,546.5960753,73,16
10615,0,319.3554774,34,14
10616,0,383.2668956,35,16
10617,0,1670.971084,142,43
10618,0,816.7355044,84,16
10619,0,478.6299895,39,18
10620,0,1996.67178,52,51
10621,0,300.3198211,25,16
10622,0,144.2095178,20,10
10623,0,185.0922161,25,11
10624,0,335.4621405,29,18
10625,0,798.7527175,90,16
10626,0,640.6822849,77,21
10627,0,384.7453932,46,14
10628,0,175.2915692,22,12
10629,0,148.409795,19,11
10630,0,2198.145077,100,32
10631,0,2501.685111,88,43
10632,0,512.9938575,56,14
10633,0,3083.003478,104,47
10634,0,158929.3501,652,397
10635,0,116734.2836,688,307
10636,0,21468.14329,232,128
10637,0,161908.5675,475,443
10638,0,2756.277914,88,42
10639,0,2938.715555,67,58
10640,0,693.9081979,57,19
10641,0,1007.88732,59,24
10642,0,16282.02181,338,73
10643,0,941.9373677,53,22
10644,0,66924.86503,424,261
10645,0,36709.75084,314,162
10646,0,26752.74168,359,111
10647,0,5308.971191,139,51
10648,0,966.5341911,109,14
10649,0,652.8238863,44,20
10650,0,583.1552882,49,19
10651,0,370.363644,36,16
10652,0,462.500925,40,19
10653,0,472.5815903,47,13
10654,0,503.0251996,47,18
10655,0,315.3232113,30,14
10656,0,251698.5321,1250,432
10657,0,151174.1375,659,340
10658,0,63492.39849,481,235
10659,0,7963.459179,177,72
10660,0,25318.15099,256,151
10661,0,83824.09238,513,265
10662,0,11160.41659,196,93
10663,0,12582.28323,390,100
10664,0,3495.168281,289,70
10665,0,3991.943468,243,26
10666,0,1035.082715,92,18
10667,0,960.0825653,102,20
10668,0,6756.868352,289,54
10669,0,2530.650223,159,28
10670,0,1140.324861,72,27
10671,0,442.5412077,64,12
10672,0,6275.819003,316,43
10673,0,3886.029277,167,37
10674,0,693.9081979,75,24
10675,0,2930.830234,111,37
10676,0,576.3452387,56,14
10677,0,9606.314016,222,74
10678,0,11490.83839,230,81
10679,0,675.4045766,47,20
10680,0,315.8608468,34,15
10681,0,236.3355981,27,17
10682,0,352.2632494,28,22
10683,0,1471.777137,89,27
10684,0,894.3790289,60,22
10685,0,1708.874385,51,49
10686,0,1204.841119,60,31
10687,0,817.743571,44,28
10688,0,415.9674538,30,20
10689,0,361.5038593,44,13
10690,0,1409.052997,71,29
10691,0,503.8932569,45,16
10692,0,306.2002092,41,11
10693,0,696.6859812,41,22
10694,0,2071.716733,147,38
10695,0,915.2404058,65,20
10696,0,2584.010544,126,31
10697,0,5596.449365,242,39
10698,0,10697.26602,279,70
10699,0,3296.780787,205,27
10700,0,3461.655669,116,41
10701,0,2091.760456,104,33
10702,0,242.2943914,28,12
10703,0,2016.133065,185,23
10704,0,1759.143303,114,23
10705,0,1063.084563,67,24
10706,0,502.2056436,43,19
10707,0,751.6144064,42,24
10708,0,612.9044516,61,17
10709,0,263.7998108,32,16
10710,0,329.7497634,34,17
10711,0,663.0837635,41,25
10712,0,369.5347892,29,19
10713,0,375.6279914,31,20
10714,0,427.5994215,28,18
10715,0,1379.931075,114,22
10716,0,795.364494,63,20
10717,0,918.5502243,84,26
10718,0,2983.675322,123,39
10719,0,50008.34374,357,227
10720,0,6181.015946,211,43
10721,0,1110.396486,121,24
10722,0,11603.24901,233,80
10723,0,1653.408325,69,37
10724,0,26250.94856,276,152
10725,0,2611.833181,199,28
10726,0,3889.25509,239,40
10727,0,6715.784041,386,47
10728,0,23351.65961,211,153
10729,0,620.1625306,44,19
10730,0,14965.35251,155,126
10731,0,5034.687488,221,71
10732,0,2570.166431,196,30
10733,0,4539.525208,201,46
10734,0,4423.395944,315,46
10735,0,29869.01135,584,105
10736,0,3010.75871,130,38
10737,0,2339.834429,110,36
10738,0,636.06198,48,15
10739,0,319.2210685,29,17
10740,0,217.0143229,22,18
10741,0,809.5334291,44,25
10742,0,2731.720293,77,56
10743,0,410.0870657,34,15
10744,0,9292.693317,116,98
10745,0,3731.52628,82,63
10746,0,318.3474109,37,21
10747,0,255.242446,34,13
10748,0,488.5090415,51,15
10749,0,769.9612173,74,19
10750,0,202.621373,42,10
10751,0,584.4769754,43,18
10752,0,437.9937075,33,18
10753,0,1589.967338,91,25
10754,0,11108.89319,650,118
10755,0,11208.57976,394,64
10756,0,3384.236159,244,52
10757,0,1694.111811,143,35
10758,0,10952.44126,240,73
10759,0,3503.232813,131,39
10760,0,3552.42646,209,40
10761,0,722.5820904,60,19
10762,0,1117.27374,90,26
10763,0,4796.156546,156,47
10764,0,1093.752187,74,22
10765,0,6182.068816,309,56
10766,0,3713.918718,217,38
10767,0,4252.42786,201,51
10768,0,4220.371344,223,42
10769,0,1279.034816,106,21
10770,0,2080.044483,143,30
10771,0,3421.781037,152,47
10772,0,2490.529175,90,37
10773,0,614.7189713,51,17
10774,0,644.5577407,70,20
10775,0,605.4447593,81,27
10776,0,791.9370677,55,22
10777,0,769.3563775,56,22
10778,0,1723.233733,86,30
10779,0,2497.764852,117,38
10780,0,474.7713349,45,17
10781,0,843.9084979,44,27
10782,0,492.1156796,37,18
10783,0,1524.375809,58,38
10784,0,1130.109787,56,29
10785,0,3924.380609,94,55
10786,0,2689.969538,111,34
10787,0,1778.498181,64,35
10788,0,2620.435348,72,48
10789,0,3584.953407,120,57
10790,0,4508.969592,165,42
10791,0,1929.036116,110,29
10792,0,1555.222645,102,29
10793,0,1188.958471,101,19
10794,0,907.5286968,75,17
10795,0,867.7436709,89,17
10796,0,3051.260583,152,50
10797,0,24614.38615,247,156
10798,0,16087.12895,439,86
10799,0,4569.363977,269,66
10800,0,5376.914876,306,96
10801,0,1593.305158,220,47
10802,0,1476.257433,97,34
10803,0,3267.255639,99,56
10804,0,2843.733286,93,48
10805,0,3656.279714,132,52
10806,0,8157.498394,191,65
10807,0,52274.4101,270,255
10808,0,28100.97466,349,136
10809,0,6549.66878,144,66
10810,0,77287.90099,380,251
10811,0,7834.917104,299,54
10812,0,7365.046092,168,63
10813,0,3569.765204,191,53
10814,0,3602.42656,95,49
10815,0,52215.42701,410,190
10816,0,37829.10792,348,176
10817,0,19495.20028,334,91
10818,0,13219.38128,267,85
10819,0,11104.05447,436,67
10820,0,4029.040316,152,52
10821,0,21112.83344,309,90
10822,0,2921.152796,138,38
10823,0,1981.410773,64,57
10824,0,3319.966317,137,43
10825,0,5902.43116,238,43
10826,0,18758.99809,565,80
10827,0,3756.167906,237,35
10828,0,605.3999563,46,26
10829,0,581.3183669,49,24
10830,0,1460.576398,109,26
10831,0,3858.654671,214,45
10832,0,2041.894765,126,26
10833,0,8821.702232,446,93
10834,0,15884.8884,621,135
10835,0,2798.392693,77,47
10836,0,7404.248679,322,49
10837,0,1890.124748,148,24
10838,0,1921.173197,109,24
10839,0,3663.313778,136,38
10840,0,802.9529948,63,28
10841,0,1089.131883,84,27
10842,0,723.9877831,73,23
10843,0,640.9623034,52,18
10844,0,1056.50973,90,21
10845,0,603.1598084,59,17
10846,0,1991.939468,91,35
10847,0,1514.720771,102,21
10848,0,3356.256712,74,59
10849,0,7202.881789,270,42
10850,0,2286.742925,127,24
10851,0,5817.932783,237,47
10852,0,4592.12388,251,39
10853,0,1989.25129,105,34
10854,0,563.9956513,34,24
10855,0,754.7898161,35,29
10856,0,10182.59205,300,88
10857,0,11765.81654,268,71
10858,0,3836.813229,140,43
10859,0,2990.597379,146,35
10860,0,539.8756317,61,12
10861,0,3702.42676,144,45
10862,0,2736.923037,124,33
10863,0,2707.173873,88,42
10864,0,3573.483849,100,50
10865,0,3251.260983,100,49
10866,0,2986.385901,79,54
10867,0,2980.651122,138,30
10868,0,1729.035716,93,28
10869,0,1743.372662,79,32
10870,0,1558.426056,104,22
10871,0,1600.204813,99,23
10872,0,1033.066582,72,23
10873,0,1677.42271,68,37
10874,0,4175.814803,176,46
10875,0,2743.016239,142,37
10876,0,3490.150349,175,34
10877,0,2130.380605,93,38
10878,0,20877.46111,522,115
10879,0,9425.688624,364,83
10880,0,1656.690592,78,30
10881,0,1621.560893,114,26
10882,0,2771.082717,127,28
10883,0,1126.752574,62,24
10884,0,2328.708727,107,32
10885,0,3331.336364,153,34
10886,0,1986.519435,100,31
10887,0,1665.407962,67,35
10888,0,730.6977433,71,17
10889,0,1250.096851,95,28
10890,0,4671.469333,119,61
10891,0,1738.26956,88,25
10892,0,1216.398362,83,25
10893,0,1969.344915,55,51
10894,0,6817.243404,142,65
10895,0,2586.586741,164,29
10896,0,3038.32865,77,53
10897,0,3782.167503,81,60
10898,0,1355.616059,47,36
10899,0,1416.377428,75,30
10900,0,499.7524986,47,15
10901,0,1938.118516,73,35
10902,0,2173.74772,58,49
10903,0,2541.438572,69,49
10904,0,1483.253966,57,35
10905,0,3679.510716,78,64
10906,0,1017.460177,44,30
10907,0,923.2605389,54,23
10908,0,2969.630572,169,43
10909,0,1801.633129,75,39
10910,0,744.099073,38,24
10911,0,536.3134077,37,21
10912,0,270.6287938,29,14
10913,0,3889.378141,91,65
10914,0,598.5059863,34,29
10915,0,2123.915591,71,40
10916,0,1402.585768,108,22
10917,0,2018.786714,100,35
10918,0,1857.059987,107,29
10919,0,567.669917,47,20
10920,0,1082.905505,62,25
10921,0,692.7056241,59,18
10922,0,1015.898857,53,24
10923,0,1911.055636,133,25
10924,0,419.9950704,27,22
10925,0,795.1672468,51,22
10926,0,13129.13958,210,84
10927,0,1860.052517,94,34
10928,0,3702.410075,112,47
10929,0,953.2834207,47,27
10930,0,730.2098308,46,23
10931,0,12202.49618,298,62
10932,0,4365.32051,208,37
10933,0,1590.204384,76,37
10934,0,1738.00934,80,33
10935,0,1443.570417,95,21
10936,0,1905.981346,133,29
10937,0,1487.547596,83,24
10938,0,2158.785071,75,42
10939,0,1469.852636,57,44
10940,0,802.6485716,41,25
10941,0,3758.097154,149,33
10942,0,2968.589692,116,36
10943,0,5831.660176,229,58
10944,0,4974.365406,177,50
10945,0,957.0891381,61,27
10946,0,2090.490239,85,41
10947,0,907.9474837,54,23
10948,0,2783.040912,123,39
10949,0,1088.395805,84,20
10950,0,758.8814789,57,21
10951,0,674.1848853,50,17
10952,0,481.2549605,45,17
10953,0,5425.574634,108,63
10954,0,9349.790702,184,77
10955,0,6727.940781,119,75
10956,0,2909.996649,99,44
10957,0,1196.094211,87,21
10958,0,1899.343401,128,24
10959,0,11878.20691,175,100
10960,0,6184.456113,233,77
10961,0,24679.33922,338,126
10962,0,1974.946255,84,36
10963,0,19283.72044,218,144
10964,0,21185.20354,313,112
10965,0,5334.280621,113,64
10966,0,26022.35974,234,156
10967,0,2701.018948,200,23
10968,0,22489.70939,265,205
10969,0,10584.39957,406,70
10970,0,5491.192205,147,55
10971,0,2945.658372,105,38
10972,0,6197.294333,147,63
10973,0,2561.938226,96,35
10974,0,1116.925184,90,35
10975,0,6050.368032,106,71
10976,0,5684.478747,224,47
10977,0,19365.7424,235,101
10978,0,32418.64649,245,179
10979,0,1108.366371,62,23
10980,0,1219.630948,101,30
10981,0,4735.163664,232,77
10982,0,6606.690921,167,62
10983,0,4877.810559,152,50
10984,0,3518.385654,132,43
10985,0,838.7637399,54,24
10986,0,2499.173592,99,37
10987,0,1173.983942,83,25
10988,0,3815.804429,107,47
10989,0,2506.305937,152,24
10990,0,1576.248185,88,22
10991,0,1369.410188,60,32
10992,0,8231.439049,163,69
10993,0,1705.343624,103,28
10994,0,952.168021,60,23
10995,0,6988.984598,209,49
10996,0,1726.027424,104,22
10997,0,795.9696715,53,20
10998,0,453.2605074,40,20
10999,0,1285.961754,113,19
11000,0,2974.900986,124,40
11001,0,1168.278066,59,29
11002,0,1037.756158,77,21
11003,0,927.7397403,62,24
11004,0,1170.774387,68,25
11005,0,1170.41777,72,20
11006,0,1078.410523,45,33
11007,0,860.1607741,51,24
11008,0,7609.498589,347,69
11009,0,830.9181607,45,29
11010,0,7832.740979,115,82
11011,0,9321.974558,241,89
11012,0,5893.456448,193,60
11013,0,1265.991189,116,19
11014,0,1145.097946,51,31
11015,0,1104.086964,74,21
11016,0,4509.068336,139,46
11017,0,1893.459216,113,25
11018,0,3193.863969,142,35
11019,0,955.7341934,57,20
11020,0,2447.107476,116,31
11021,0,9525.246383,162,113
11022,0,2166.806328,132,26
11023,0,3361.47407,149,41
11024,0,4237.326002,224,35
11025,0,2033.431482,183,71
11026,0,2706.011589,123,35
11027,0,1250.300031,106,31
11028,0,571.3008126,55,17
11029,0,441.4921386,40,13
11030,0,425.8009802,48,14
11031,0,1032.763516,88,23
11032,0,466.4553451,61,15
11033,0,936.4768626,79,18
11034,0,469.308283,46,19
11035,0,5822.667926,211,53
11036,0,8788.475172,307,60
11037,0,1370.123422,116,20
11038,0,3350.686398,176,34
11039,0,1006.908767,116,18
11040,0,2006.328572,114,35
11041,0,3002.003896,101,47
11042,0,576.3826083,63,12
11043,0,6196.581099,219,52
11044,0,1501.358565,69,36
11045,0,6335.661821,112,76
11046,0,4738.194911,167,44
11047,0,705.6563564,87,13
11048,0,6581.727714,232,47
11049,0,4787.229781,196,42
11050,0,4064.010025,91,58
11051,0,78837.37244,428,225
11052,0,2225.291555,145,35
11053,0,2813.709995,113,45
11054,0,5670.927292,122,61
11055,0,1567.511062,100,25
11056,0,976.0613759,93,19
11057,0,584.8522676,49,20
11058,0,4768.685684,163,47
11059,0,9197.158525,323,112
11060,0,2517.717689,212,51
11061,0,5102.479418,184,45
11062,0,12576.46346,217,80
11063,0,59886.7325,544,179
11064,0,2713.143934,170,24
11065,0,18787.30925,258,96
11066,0,1081.263461,57,27
11067,0,10667.84801,349,58
11068,0,1338.741105,73,24
11069,0,2536.975019,101,34
11070,0,2442.114834,95,41
11071,0,2417.864862,139,27
11072,0,3211.694831,120,39
11073,0,785.6772446,36,29
11074,0,365.5648081,34,17
11075,0,6599.306064,428,39
11076,0,840.065377,59,21
11077,0,800.0318837,55,24
11078,0,945.4922261,60,25
11079,0,1085.848697,92,24
11080,0,29180.11028,376,226
11081,0,10427.20981,234,64
11082,0,14709.35814,270,95
11083,0,7687.706697,140,88
11084,0,2192.750865,58,47
11085,0,17734.67807,184,123
11086,0,3249.890283,82,53
11087,0,2197.216752,65,45
11088,0,5600.223186,127,62
11089,0,2834.14405,133,35
11090,0,7386.358962,153,64
11091,0,457.912986,41,15
11092,0,1319.370763,64,29
11093,0,1564.655658,113,20
11094,0,4695.733227,152,72
11095,0,5638.321371,175,67
11096,0,18010.09272,195,120
11097,0,6584.051156,88,87
11098,0,11038.18376,137,110
11099,0,7169.137217,183,72
11100,0,4737.144156,147,47
11101,0,2780.258573,114,34
11102,0,65462.18524,584,183
11103,0,2259.693281,101,42
11104,0,5654.548834,157,54
11105,0,1475.179391,104,36
11106,0,1684.871888,90,30
11107,0,1816.296295,105,29
11108,0,8779.95686,255,55
11109,0,13007.53358,231,88
11110,0,8447.82154,158,78
11111,0,5976.969379,263,51
11112,0,1498.641488,98,32
11113,0,2990.684261,132,34
11114,0,1000.071913,68,31
11115,0,2435.659014,110,28
11116,0,970.9275884,65,24
11117,0,753.7198874,90,51
11118,0,6626.84626,99,92
11119,0,4058.027829,177,47
11120,0,698.9261291,49,18
11121,0,2579.490294,67,66
11122,0,1447.135511,59,33
11123,0,965.503723,76,18
11124,0,890.7275879,53,28
11125,0,347.6429444,33,16
11126,0,314.7407729,26,18
11127,0,1720.164731,116,26
11128,0,2259.077099,104,34
11129,0,476.591455,29,23
11130,0,723.4277462,51,21
11131,0,4251.240581,99,60
11132,0,2483.063882,63,48
11133,0,3095.4643,93,48
11134,0,3072.362776,68,58
11135,0,6517.952346,156,71
11136,0,772.2909711,69,20
11137,0,2816.134665,83,48
11138,0,1712.705038,80,31
11139,0,1762.503525,70,35
11140,0,1125.405477,63,27
11141,0,5244.746153,219,49
11142,0,4415.331411,172,78
11143,0,9526.788767,138,87
11144,0,4445.615948,82,75
11145,0,1846.82829,65,42
11146,0,2001.81852,57,49
11147,0,3617.928383,74,62
11148,0,1307.686307,47,35
11149,0,14395.01087,197,112
11150,0,5469.903413,95,75
11151,0,11527.2632,346,90
11152,0,10839.28047,274,93
11153,0,4612.195604,127,50
11154,0,1667.745271,53,50
11155,0,2524.019385,105,38
11156,0,533.3343999,56,17
11157,0,1667.745271,78,37
11158,0,1732.234444,73,35
11159,0,2274.198097,97,42
11160,0,400.0008,37,17
11161,0,716.4888882,36,28
11162,0,1056.632938,69,27
11163,0,5345.171981,98,86
11164,0,520.4311484,40,18
11165,0,1212.905652,61,29
11166,0,825.4496795,46,25
11167,0,12464.74267,214,142
11168,0,12832.08212,162,114
11169,0,1593.954801,47,46
11170,0,5902.229546,116,84
11171,0,1256.252513,67,29
11172,0,3591.405032,120,52
11173,0,39785.02581,311,210
11174,0,5783.882535,142,96
11175,0,9816.507088,132,99
11176,0,7778.868604,128,80
11177,0,1323.300138,57,30
11178,0,3094.629845,90,51
11179,0,8217.220736,118,85
11180,0,6754.852219,106,80
11181,0,1948.03257,80,39
11182,0,1694.671848,89,30
11183,0,1390.683785,59,39
11184,0,3246.959899,74,70
11185,0,1657.350985,68,33
11186,0,1405.737578,53,36
11187,0,1608.246944,68,33
11188,0,1370.253636,72,30
11189,0,1486.024477,79,33
11190,0,1077.42151,52,28
11191,0,3125.812703,66,57
11192,0,1660.487192,74,31
11193,0,468.7509375,47,14
11194,0,415.1034943,48,15
11195,0,2452.401858,110,34
11196,0,1772.937014,89,33
11197,0,913.4202857,50,26
11198,0,870.8574764,77,16
11199,0,860.7768112,51,22
11200,0,828.2946673,44,30
11201,0,630.6464226,47,20
11202,0,475.8074032,41,18
11203,0,1657.261379,71,34
11204,0,1112.098998,41,37
11205,0,1731.634288,91,37
11206,0,5439.078979,130,64
11207,0,25378.63499,407,117
11208,0,2295.591509,93,40
11209,0,1365.930151,66,28
11210,0,755.4898622,59,21
11211,0,637.2996617,36,23
11212,0,1632.866169,50,48
11213,0,3686.700922,121,52
11214,0,10276.23023,141,108
11215,0,1456.051299,61,32
11216,0,1820.164931,67,36
11217,0,573.7914702,44,17
11218,0,391.3314278,29,19
11219,0,1232.260529,92,19
11220,0,665.3239113,39,22
11221,0,264.3374462,29,12
11222,0,1277.42191,66,25
11223,0,1095.969934,42,32
11224,0,7214.530558,185,64
11225,0,9590.341761,185,83
11226,0,1347.58334,49,38
11227,0,963.7116048,47,28
11228,0,3090.328761,69,62
11229,0,13205.67157,180,103
11230,0,2297.58524,68,46
11231,0,2625.811703,71,45
11232,0,3653.270449,135,42
11233,0,1480.737728,52,35
11234,0,3285.176821,66,62
11235,0,954.3029839,58,26
11236,0,452.2298471,44,15
11237,0,968.7239357,57,26
11238,0,709.3218151,57,17
11239,0,1296.485568,51,33
11240,0,989.5853126,54,30
11241,0,1020.364944,40,34
11242,0,752.4208597,50,23
11243,0,380.0410827,32,17
11244,0,1336.897835,124,23
11245,0,2896.421563,72,53
11246,0,8664.891882,191,66
11247,0,43500.44542,498,260
11248,0,795.7005161,48,22
11249,0,384.5885828,46,13
11250,0,13052.35585,179,109
11251,0,9641.596344,319,63
11252,0,15217.23474,416,69
11253,0,6967.039024,163,74
11254,0,2940.866097,103,40
11255,0,160588.3698,1147,273
11256,0,1154.437793,71,24
11257,0,1536.293395,87,38
11258,0,924.8002367,66,30
11259,0,1078.429576,52,27
11260,0,407.6621056,40,14
11261,0,473.5896569,43,15
11262,0,2001.81852,79,37
11263,0,2863.312178,70,55
11264,0,2255.649673,104,33
11265,0,1606.656439,88,24
11266,0,1412.906052,68,32
11267,0,1435.934772,91,24
11268,0,2263.669402,84,43
11269,0,2396.958199,81,38
11270,0,924.0609879,61,27
11271,0,1012.546828,60,23
11272,0,719.0874597,56,17
11273,0,2244.807357,131,29
11274,0,2981.009546,132,39
11275,0,1634.187856,89,28
11276,0,2152.222046,79,39
11277,0,856.2965155,51,23
11278,0,1976.37044,138,33
11279,0,2858.787079,158,28
11280,0,6016.141065,152,75
11281,0,55639.27679,713,185
11282,0,3350.902759,71,64
11283,0,1764.878082,76,35
11284,0,5029.759164,306,36
11285,0,970.9696839,60,25
11286,0,693.1913505,46,23
11287,0,1532.261129,87,26
11288,0,1192.833927,60,29
11289,0,1200219.257,2406,1004
11290,0,6342.351394,137,69
11291,0,834.2758621,59,21
11292,0,686.7184577,37,26
11293,0,1378.430176,65,30
11294,0,1265.778741,75,22
11295,0,889.4171014,81,15
11296,0,113509.4116,536,367
11297,0,22601.41169,182,164
11298,0,5202.74338,124,64
11299,0,1283.044681,62,29
11300,0,4849.360057,149,44
11301,0,123251.5746,424,360
11302,0,24500.49703,299,116
11303,0,167647.6247,647,384
11304,0,21972.49018,282,144
11305,0,12003.83225,249,74
11306,0,12239.04778,152,106
11307,0,25747.69934,432,96
11308,0,10005.57142,347,64
11309,0,27942.4842,357,100
11310,0,76920.71849,484,311
11311,0,11371.59532,214,81
11312,0,8477.43631,173,68
11313,0,51472.14596,271,266
11314,0,20020.82857,338,144
11315,0,5460.584398,151,49
11316,0,29850.95576,251,183
11317,0,11116.86811,243,69
11318,0,76084.32236,397,340
11319,0,18899.56791,371,100
11320,0,27116.90011,363,150
11321,0,9126.541551,186,83
11322,0,18601.82932,241,119
11323,0,12810.77831,208,132
11324,0,4584.596983,122,67
11325,0,4895.350293,80,76
11326,0,7919.440585,151,103
11327,0,8325.59243,143,84
11328,0,2193.552774,75,42
11329,0,916.1308646,52,28
11330,0,2387.101548,78,39
11331,0,1903.229613,54,46
11332,0,1155.647473,45,33
11333,0,6710.844648,203,67
11334,0,3067.748071,120,41
11335,0,1203.94506,72,25
11336,0,1025.45008,70,23
11337,0,672.7612022,48,17
11338,0,1872.405179,70,39
11339,0,1560.576598,53,39
11340,0,1308.604768,53,34
11341,0,5590.288958,243,46
11342,0,2407.038864,70,49
11343,0,3244.294123,99,43
11344,0,1816.759906,76,37
11345,0,2393.03794,67,53
11346,0,3956.101102,88,55
11347,0,1880.044083,63,40
11348,0,2817.545958,136,42
11349,0,2579.530249,117,39
11350,0,977.2644993,63,25
11351,0,1131.274664,44,32
11352,0,895.4991028,48,23
11353,0,842.8556283,41,29
11354,0,749.3294556,59,18
11355,0,10669.51208,176,113
11356,0,3349.200247,129,40
11357,0,2656.456926,76,47
11358,0,2265.349513,95,40
11359,0,5036.412403,114,67
11360,0,7983.886936,116,91
11361,0,2568.329509,86,43
11362,0,4905.92379,201,65
11363,0,5342.192584,116,57
11364,0,10397.64624,132,98
11365,0,1695.231885,68,36
11366,0,6340.738488,127,69
11367,0,2397.173598,61,52
11368,0,1496.9788,94,24
11369,0,1283.044681,50,36
11370,0,2979.39664,122,41
11371,0,2109.659237,70,41
11372,0,4690.30956,106,71
11373,0,3749.111441,82,65
11374,0,1798.211482,83,29
11375,0,1064.518258,42,32
11376,0,5430.255448,151,58
11377,0,2087.100948,62,46
11378,0,2846.008606,112,38
11379,0,6577.074086,129,72
11380,0,4711.590964,121,48
11381,0,2080.537315,87,32
11382,0,2811.385551,86,46
11383,0,9087.159751,138,88
11384,0,85737.73868,440,267
11385,0,117901.7815,630,305
11386,0,30779.63145,393,155
11387,0,46777.08728,468,173
11388,0,6347.458932,162,65
11389,0,3781.36957,145,41
11390,0,9914.894382,252,93
11391,0,12239.09258,131,128
11392,0,5067.035224,90,77
11393,0,12521.10689,210,94
11394,0,3364.881282,129,38
11395,0,9857.367385,159,86
11396,0,7678.509981,148,80
11397,0,3649.828088,73,61
11398,0,7431.556082,122,85
11399,0,3383.160888,148,30
11400,0,5742.663815,191,44
11401,0,76755.35064,425,265
11402,0,87235.29992,500,334
11403,0,1837.705288,68,35
11404,0,2064.273814,100,31
11405,0,2250.542136,92,33
11406,0,2666.672,65,60
11407,0,1015.772641,48,30
11408,0,1378.497381,53,34
11409,0,1111.090932,45,33
11410,0,1020.252937,44,33
11411,0,4586.389101,81,76
11412,0,1743.731086,64,35
11413,0,1293.550974,48,38
11414,0,1402.153342,61,31
11415,0,604.7503134,36,23
11416,0,1997.383027,89,32
11417,0,2589.722921,109,45
11418,0,1834.882702,78,32
11419,0,1772.987417,68,37
11420,0,4010.76071,100,65
11421,0,1984.591783,57,53
11422,0,2764.163234,110,36
11423,0,4335.492542,131,60
11424,0,2137.638684,94,41
11425,0,1068.348911,44,31
11426,0,904.8405193,41,29
11427,0,48421.3558,320,229
11428,0,5688.855464,98,82
11429,0,4883.522312,138,46
11430,0,33414.60536,283,147
11431,0,113388.4105,673,280
11432,0,8731.352157,130,98
11433,0,644.3561274,45,20
11434,0,779.2354295,45,25
11435,0,13691.78366,148,130
11436,0,3677.42671,114,46
11437,0,3334.773695,87,52
11438,0,1263.443387,66,27
11439,0,797.985467,52,23
11440,0,805.0419327,38,29
11441,0,3846.333858,104,59
11442,0,4882.962275,128,69
11443,0,3411.146782,96,51
11444,0,1330.075709,44,43
11445,0,7800.194812,272,75
11446,0,6320.577157,391,51
11447,0,13995.32369,262,86
11448,0,4290.342866,126,51
11449,0,3136.206989,133,33
11450,0,97726.3902,706,322
11451,0,14942.38584,155,140
11452,0,1585.666254,84,29
11453,0,5057.268179,129,59
11454,0,1688.511441,62,35
11455,0,45486.76765,331,214
11456,0,6983.526512,107,106
11457,0,2051.258583,82,38
11458,0,899.2849527,51,28
11459,0,534.409671,42,19
11460,0,6701.021466,126,81
11461,0,45370.34164,267,234
11462,0,6107.185069,111,79
11463,0,75040.61145,978,277
11464,0,162955.713,1469,397
11465,0,6603.239013,168,66
11466,0,2061.899285,70,39
11467,0,3617.211536,111,41
11468,0,3112.506225,86,47
11469,0,1053.832753,38,33
11470,0,2255.044833,56,54
11471,0,806.2516125,47,22
11472,0,2549.732218,69,48
11473,0,662.9045516,45,20
11474,0,959.276112,46,29
11475,0,6192.593563,121,75
11476,0,6279.774594,127,67
11477,0,75718.4647,760,249
11478,0,153018.8967,730,463
11479,0,6666.841289,197,55
11480,0,614.9205846,29,28
11481,0,323.3877435,21,20
11482,0,470.1622306,36,16
11483,0,1679.438843,52,42
11484,0,1779.035816,66,42
11485,0,2937.707488,91,42
11486,0,824.1055909,55,20
11487,0,5450.0109,175,64
11488,0,6080.657323,131,58
11489,0,23882.30583,561,81
11490,0,44607.03732,401,180
11491,0,90370.1613,471,296
11492,0,33170.46957,275,186
11493,0,6113.721905,102,86
11494,0,8292.758521,145,84
11495,0,20696.72598,409,91
11496,0,22438.75455,257,144
11497,0,12775.56376,257,102
11498,0,36021.93584,283,191
11499,0,3620.078925,86,54
11500,0,13243.75409,170,151
11501,0,4447.320723,258,38
11502,0,13435.15232,156,115
11503,0,3769.183166,184,34
11504,0,2418.64283,104,36
11505,0,22325.49268,235,124
11506,0,3894.497036,142,41
11507,0,27527.81076,277,163
11508,0,5060.154649,128,53
11509,0,186471.8512,609,489
11510,0,12678.86016,174,98
11511,0,8272.241026,178,72
11512,0,3489.364413,122,42
11513,0,9616.598833,158,84
11514,0,2512.450848,80,49
11515,0,9685.070915,117,112
11516,0,7205.839196,126,71
11517,0,1715.191755,65,37
11518,0,4473.057392,109,55
11519,0,3084.298253,103,43
11520,0,3885.343912,93,57
11521,0,4349.601235,86,66
11522,0,8426.342709,146,99
11523,0,15680.9958,167,137
11524,0,3258.76554,103,49
11525,0,4992.78757,85,84
11526,0,33283.42948,281,179
11527,0,16028.04105,227,118
11528,0,14878.79759,163,126
11529,0,33896.97382,292,190
11530,0,7944.958942,132,83
11531,0,4301.815975,126,55
11532,0,12566.09353,174,102
11533,0,13434.44154,219,103
11534,0,3852.670456,79,64
11535,0,2181.082764,82,43
11536,0,1181.784603,44,38
11537,0,3556.251977,116,48
11538,0,7413.911185,155,77
11539,0,3404.245698,81,56
11540,0,17685.23547,308,117
11541,0,1154.782826,69,25
11542,0,890.0009754,57,23
11543,0,1557.85952,68,30
11544,0,2567.429777,93,40
11545,0,2086.051603,98,34
11546,0,858.7519463,64,23
11547,0,972.0594947,63,21
11548,0,1261.17265,63,27
11549,0,619.9711968,47,18
11550,0,257.3870417,29,14
11551,0,296.2694215,30,12
11552,0,792.4372127,45,23
11553,0,619.9711968,40,22
11554,0,1442.16655,77,27
11555,0,881.4134559,58,20
11556,0,1065.329498,99,15
11557,0,73172.345,540,283
11558,0,24232.07159,220,165
11559,0,2293.821865,190,36
11560,0,8582.987161,268,79
11561,0,1917.640804,107,35
11562,0,3071.230919,172,37
11563,0,2404.50545,246,40
11564,0,332.2892948,46,10
11565,0,4915.639266,202,47
11566,0,1643.078724,125,29
11567,0,2294.776034,184,37
11568,0,3300.947065,103,47
11569,0,1921.696022,81,33
11570,0,2643.047657,146,36
11571,0,1078.449319,64,28
11572,0,676.6846066,43,22
11573,0,7713.500815,266,70
11574,0,4562.596799,288,50
11575,0,2692.425894,75,74
11576,0,942.7188032,81,16
11577,0,2954.58378,182,24
11578,0,11896.57696,142,130
11579,0,2104.896437,76,39
11580,0,1243.997611,53,33
11581,0,10931.91228,197,83
11582,0,11185.72118,167,90
11583,0,8033.147373,337,67
11584,0,2875.954305,162,38
11585,0,7952.997191,227,105
11586,0,859.2290307,42,27
11587,0,1907.860574,100,35
11588,0,1651.427701,166,29
11589,0,1416.463627,95,24
11590,0,1801.232207,92,27
11591,0,2674.058144,165,43
11592,0,674.3588201,57,16
11593,0,1184.123517,71,28
11594,0,3091.507007,106,36
11595,0,1068.490182,58,26
11596,0,2439.809696,127,30
11597,0,2955.060864,106,41
11598,0,3989.856959,174,33
11599,0,3427.612977,165,42
11600,0,3361.775328,212,35
11601,0,2975.336952,175,26
11602,0,2625.156991,151,28
11603,0,4034.941436,153,63
11604,0,1725.614328,165,20
11605,0,2985.594267,133,38
11606,0,981.1240986,40,31
