OID_,OBJECTID,area_m2,length_m,width_m
0,1,971012.71,2444.00,687.00
1,2,6510.39,240.00,68.00
2,3,46399.06,666.00,228.00
3,4,34457.25,626.00,136.00
4,5,4571.30,133.00,52.00
5,6,7865.02,193.00,87.00
6,7,8120.53,147.00,72.00
7,8,10539.20,523.00,100.00
8,9,27730.06,341.00,159.00
9,10,10620.54,355.00,81.00
10,11,12172.64,322.00,100.00
11,12,4707.18,233.00,55.00
12,13,11830.22,279.00,127.00
13,14,6642.04,114.00,95.00
14,15,1886.20,125.00,43.00
15,16,4961.93,161.00,67.00
16,17,4301.09,173.00,45.00
17,18,5439.08,252.00,70.00
18,19,2188.63,116.00,30.00
19,20,11079.77,430.00,93.00
20,21,27594.14,422.00,127.00
21,22,5015.69,163.00,55.00
22,23,19969.33,327.00,131.00
23,24,13085.14,140.00,136.00
24,25,8401.72,224.00,76.00
25,26,32415.79,389.00,123.00
26,27,6982.71,280.00,51.00
27,28,8758.90,169.00,76.00
28,29,23958.78,237.00,156.00
29,30,17828.98,394.00,123.00
30,31,5464.47,209.00,43.00
31,32,52442.56,1115.00,204.00
32,33,22513.72,545.00,101.00
33,34,21694.45,481.00,94.00
34,35,37138.93,292.00,205.00
35,36,9595.63,125.00,108.00
36,37,6691.64,138.00,65.00
37,38,13020.01,176.00,120.00
38,39,12560.79,275.00,77.00
39,40,5336.36,111.00,64.00
40,41,35353.91,370.00,193.00
41,42,9950.74,308.00,73.00
42,43,5363.32,187.00,54.00
43,44,22809.93,196.00,182.00
44,45,23640.75,314.00,130.00
45,46,39388.37,427.00,144.00
46,47,32069.07,479.00,142.00
47,48,5044.92,174.00,67.00
48,49,22338.42,358.00,106.00
49,50,28267.45,373.00,115.00
50,51,35217.63,508.00,140.00
51,52,27778.23,526.00,107.00
52,53,27775.47,336.00,155.00
53,54,4946.34,97.00,64.00
54,55,5688.30,196.00,56.00
55,56,4400.87,121.00,51.00
56,57,1163.13,39.00,37.00
57,58,6407.16,142.00,89.00
58,59,4717.43,134.00,50.00
59,60,2158.22,71.00,40.00
60,61,7849.99,217.00,59.00
61,62,7152.91,117.00,111.00
62,63,13748.23,189.00,96.00
63,64,36615.55,306.00,216.00
64,65,4146.18,121.00,48.00
65,66,3635.12,78.00,59.00
66,67,28428.53,319.00,120.00
67,68,5956.38,138.00,84.00
68,69,2701.22,112.00,33.00
69,70,6887.17,116.00,80.00
70,71,3408.00,87.00,53.00
71,72,45790.27,647.00,183.00
72,73,28314.64,361.00,193.00
73,74,39379.19,575.00,173.00
74,75,21524.16,443.00,99.00
75,76,27917.26,450.00,134.00
76,77,68954.78,348.00,343.00
77,78,5330.99,239.00,50.00
78,79,20473.06,322.00,114.00
79,80,2389.33,97.00,32.00
80,81,17783.32,283.00,91.00
81,82,6731.63,116.00,80.00
82,83,8349.58,149.00,80.00
83,84,24594.96,442.00,101.00
84,85,12286.85,375.00,62.00
85,86,53430.65,479.00,228.00
86,87,13688.54,540.00,89.00
87,88,8621.74,347.00,90.00
88,89,12537.67,284.00,105.00
89,90,7823.53,141.00,70.00
90,91,3579.66,137.00,58.00
91,92,1289.67,65.00,32.00
92,93,23495.97,442.00,128.00
93,94,5744.25,106.00,82.00
94,95,9437.78,163.00,92.00
95,96,8083.60,144.00,68.00
96,97,22381.34,229.00,151.00
97,98,10291.69,132.00,116.00
98,99,12728.35,183.00,124.00
99,100,4917.41,205.00,40.00
100,101,28701.99,386.00,204.00
101,102,4252.30,180.00,54.00
102,103,6632.37,145.00,64.00
103,104,6866.10,113.00,74.00
104,105,35620.08,467.00,128.00
105,106,12868.88,329.00,94.00
106,107,5386.26,143.00,55.00
107,108,3997.07,94.00,54.00
108,109,3799.61,129.00,51.00
109,110,16303.55,197.00,139.00
110,111,2358.45,90.00,40.00
111,112,3306.63,102.00,50.00
112,113,2408.94,91.00,38.00
113,114,5316.58,104.00,72.00
114,115,4155.02,135.00,50.00
115,116,11736.85,343.00,96.00
116,117,1686.52,66.00,33.00
117,118,1931.40,74.00,35.00
118,119,3860.76,119.00,49.00
119,120,2703.42,79.00,47.00
120,121,2968.35,128.00,38.00
121,122,3249.74,104.00,49.00
122,123,7635.98,247.00,66.00
123,124,2395.70,90.00,44.00
124,125,3549.52,150.00,35.00
125,126,3791.79,153.00,37.00
126,127,2657.85,136.00,35.00
127,128,120186.57,813.00,332.00
128,129,10511.67,155.00,87.00
129,130,5689.46,132.00,52.00
130,131,2336.66,72.00,43.00
131,132,4691.79,181.00,50.00
132,133,5192.39,164.00,49.00
133,134,25423.80,554.00,162.00
134,135,11209.70,207.00,110.00
135,136,16338.08,158.00,140.00
136,137,29485.57,324.00,137.00
137,138,4530.90,103.00,72.00
138,139,10939.36,351.00,77.00
139,140,6296.95,191.00,50.00
140,141,8125.05,239.00,65.00
141,142,40208.41,547.00,191.00
142,143,28335.79,747.00,138.00
143,144,30895.32,380.00,150.00
144,145,8338.89,328.00,40.00
145,146,7507.94,495.00,53.00
146,147,12878.08,386.00,66.00
147,148,18975.53,345.00,93.00
148,149,15276.94,270.00,121.00
149,150,4870.25,101.00,69.00
150,151,3585.09,78.00,61.00
151,152,9196.31,398.00,128.00
152,153,71861.37,763.00,201.00
153,154,6349.72,103.00,79.00
154,155,62943.53,570.00,257.00
155,156,2303.35,69.00,51.00
156,157,653.82,40.00,23.00
157,158,904.40,41.00,30.00
158,159,4944.30,145.00,61.00
159,160,12880.67,367.00,113.00
160,161,2114.66,113.00,35.00
161,162,6472.50,208.00,57.00
162,163,3701.01,200.00,52.00
163,164,17894.53,302.00,175.00
164,165,6415.42,173.00,64.00
165,166,1786.64,80.00,41.00
166,167,3514.54,145.00,45.00
167,168,2584.98,58.00,57.00
168,169,11684.87,260.00,85.00
169,170,1586.94,68.00,35.00
170,171,2204.19,76.00,43.00
171,172,14290.40,302.00,109.00
172,173,3458.62,103.00,53.00
173,174,3100.20,160.00,37.00
174,175,5855.37,174.00,71.00
175,176,1759.24,67.00,33.00
176,177,863.58,57.00,24.00
177,178,698.90,41.00,22.00
178,179,3936.75,157.00,47.00
179,180,5790.29,256.00,47.00
180,181,2766.40,116.00,31.00
181,182,3385.08,150.00,39.00
182,183,2273.11,113.00,37.00
183,184,2059.90,82.00,36.00
184,185,6192.88,196.00,77.00
185,186,1812.06,75.00,35.00
186,187,1206.37,66.00,31.00
187,188,1607.01,84.00,43.00
188,189,960.92,68.00,21.00
189,190,2323.69,67.00,62.00
190,191,2832.81,124.00,35.00
191,192,1537.37,74.00,32.00
192,193,2981.11,100.00,41.00
193,194,1116.60,83.00,22.00
194,195,1400.10,82.00,22.00
195,196,3380.80,100.00,49.00
196,197,1273.63,64.00,30.00
197,198,2366.08,97.00,47.00
198,199,1890.30,99.00,31.00
199,200,3287.03,100.00,60.00
200,201,2026.08,112.00,32.00
201,202,5408.67,117.00,77.00
202,203,2279.63,73.00,49.00
203,204,1784.56,60.00,37.00
204,205,4353.16,152.00,55.00
205,206,1112.05,71.00,23.00
206,207,1467.60,69.00,32.00
207,208,22625.99,308.00,164.00
208,209,15345.17,388.00,96.00
209,210,30419.44,577.00,136.00
210,211,3763.97,102.00,55.00
211,212,1677.19,57.00,42.00
212,213,5780.40,108.00,76.00
213,214,3770.38,92.00,51.00
214,215,6565.67,119.00,85.00
215,216,2120.83,88.00,35.00
216,217,1456.63,49.00,37.00
217,218,1603.06,73.00,29.00
218,219,2382.74,78.00,45.00
219,220,1840.81,68.00,36.00
220,221,17267.54,448.00,136.00
221,222,36125.24,413.00,219.00
222,223,10593.81,230.00,68.00
223,224,7007.80,263.00,71.00
224,225,4711.56,122.00,52.00
225,226,23763.60,468.00,145.00
226,227,7336.86,175.00,76.00
227,228,10519.09,142.00,98.00
228,229,29691.04,384.00,169.00
229,230,19263.13,240.00,129.00
230,231,5596.44,179.00,55.00
231,232,76543.29,693.00,239.00
232,233,42791.21,432.00,249.00
233,234,4186.13,116.00,73.00
234,235,14217.58,194.00,124.00
235,236,4236.64,138.00,56.00
236,237,19580.66,416.00,184.00
237,238,16297.12,235.00,118.00
238,239,4837.00,221.00,79.00
239,240,7112.09,214.00,65.00
240,241,8407.96,241.00,65.00
241,242,10600.14,142.00,121.00
242,243,71725.80,935.00,182.00
243,244,4789.28,125.00,59.00
244,245,4845.90,134.00,59.00
245,246,2213.19,103.00,32.00
246,247,21793.74,363.00,108.00
247,248,4914.88,108.00,81.00
248,249,2281.70,81.00,41.00
249,250,14918.44,334.00,96.00
250,251,13412.49,240.00,96.00
251,252,12943.43,258.00,97.00
252,253,15198.01,454.00,73.00
253,254,7353.35,160.00,95.00
254,255,12967.41,229.00,98.00
255,256,51970.15,390.00,214.00
256,257,19305.25,318.00,117.00
257,258,19859.89,368.00,122.00
258,259,15407.06,308.00,128.00
259,260,6344.00,189.00,63.00
260,261,22292.39,527.00,140.00
261,262,4753.63,154.00,46.00
262,263,17844.62,477.00,103.00
263,264,12749.89,238.00,99.00
264,265,3744.36,143.00,35.00
265,266,8018.18,164.00,63.00
266,267,16610.47,335.00,124.00
267,268,3697.79,151.00,51.00
268,269,3141.84,120.00,43.00
269,270,2716.31,109.00,38.00
270,271,4005.58,150.00,58.00
271,272,6087.40,137.00,64.00
272,273,4984.49,121.00,57.00
273,274,3401.76,124.00,56.00
274,275,3233.34,104.00,48.00
275,276,12805.50,229.00,94.00
276,277,8537.74,182.00,63.00
277,278,9954.42,206.00,83.00
278,279,26330.01,296.00,137.00
279,280,46861.37,507.00,160.00
280,281,12650.95,243.00,99.00
281,282,12110.46,153.00,129.00
282,283,18762.50,454.00,143.00
283,284,3759.05,119.00,52.00
284,285,10459.99,258.00,82.00
285,286,5119.23,131.00,59.00
286,287,20950.20,542.00,120.00
287,288,106180.85,617.00,317.00
288,289,15319.92,439.00,69.00
289,290,17141.14,208.00,144.00
290,291,24708.25,314.00,168.00
291,292,122387.83,511.00,347.00
292,293,5291.11,150.00,59.00
293,294,2573.25,75.00,46.00
294,295,9066.24,131.00,103.00
295,296,13328.28,201.00,108.00
296,297,7292.58,181.00,63.00
297,298,3515.00,108.00,50.00
298,299,1631.37,65.00,30.00
299,300,9229.66,330.00,76.00
300,301,8165.44,290.00,74.00
301,302,1982.35,100.00,31.00
302,303,11012.22,134.00,121.00
303,304,5665.72,148.00,84.00
304,305,2936.95,110.00,40.00
305,306,2441.18,109.00,33.00
306,307,6834.96,147.00,70.00
307,308,2495.44,72.00,49.00
308,309,3183.87,95.00,67.00
309,310,2113.49,111.00,31.00
310,311,2668.19,125.00,32.00
311,312,6082.98,196.00,53.00
312,313,19358.12,219.00,160.00
313,314,11315.10,187.00,96.00
314,315,23041.07,198.00,183.00
315,316,16382.72,472.00,127.00
316,317,2378.70,78.00,46.00
317,318,4162.44,128.00,47.00
318,319,4906.21,126.00,61.00
319,320,1721.43,98.00,32.00
320,321,795.20,34.00,32.00
321,322,4290.47,120.00,58.00
322,323,2119.51,95.00,42.00
323,324,3598.74,80.00,65.00
324,325,4064.13,171.00,48.00
325,326,27767.31,375.00,214.00
326,327,28421.77,359.00,149.00
327,328,28366.11,300.00,146.00
328,329,24135.93,557.00,102.00
329,330,2660.05,83.00,42.00
330,331,1925.13,61.00,52.00
331,332,9098.22,196.00,127.00
332,333,2423.19,148.00,33.00
333,334,5216.01,294.00,38.00
334,335,3779.43,97.00,53.00
335,336,83.43,39.00,4.00
336,337,27086.01,680.00,158.00
337,338,41659.15,684.00,132.00
338,339,5063.53,108.00,70.00
339,340,12443.88,320.00,152.00
340,341,8214.41,246.00,66.00
341,342,11298.74,415.00,69.00
342,343,49627.35,524.00,174.00
343,344,9362.25,182.00,103.00
344,345,6298.10,297.00,64.00
345,346,2736.48,105.00,42.00
346,347,19783.08,400.00,114.00
347,348,5917.98,149.00,67.00
348,349,21755.42,420.00,127.00
349,350,2827.34,140.00,40.00
350,351,4256.49,321.00,46.00
351,352,15046.04,215.00,142.00
352,353,14752.41,329.00,130.00
353,354,5717.57,114.00,70.00
354,355,4453.20,136.00,53.00
355,356,6604.30,119.00,102.00
356,357,8625.17,183.00,75.00
357,358,2209.32,127.00,29.00
358,359,8557.35,152.00,84.00
359,360,2390.42,122.00,33.00
360,361,2442.50,116.00,37.00
361,362,26109.44,583.00,96.00
362,363,5843.18,136.00,69.00
363,364,7304.65,139.00,68.00
364,365,1711.93,58.00,37.00
365,366,1310.81,60.00,29.00
366,367,2601.95,70.00,52.00
367,368,2966.99,114.00,41.00
368,369,3190.21,182.00,41.00
369,370,41129.04,586.00,189.00
370,371,7249.87,184.00,60.00
371,372,1892.46,60.00,39.00
372,373,3822.72,134.00,54.00
373,374,3986.33,145.00,44.00
374,375,2863.36,67.00,52.00
375,376,14594.57,267.00,117.00
376,377,2872.21,87.00,45.00
377,378,25481.00,546.00,112.00
378,379,3518.16,81.00,57.00
379,380,2315.68,83.00,33.00
380,381,4769.27,182.00,44.00
381,382,3198.41,78.00,68.00
382,383,23151.78,493.00,104.00
383,384,4271.10,130.00,48.00
384,385,5101.10,172.00,42.00
385,386,2715.19,79.00,43.00
386,387,4032.50,173.00,41.00
387,388,2440.60,97.00,35.00
388,389,4549.72,98.00,59.00
389,390,5877.40,323.00,48.00
390,391,12030.37,158.00,95.00
391,392,3344.50,126.00,43.00
392,393,4509.35,151.00,66.00
393,394,8265.57,241.00,56.00
394,395,3286.35,102.00,43.00
395,396,4180.40,171.00,44.00
396,397,6253.03,118.00,69.00
397,398,2000.31,79.00,37.00
398,399,14786.88,257.00,99.00
399,400,9425.90,189.00,68.00
400,401,5312.23,169.00,66.00
401,402,3991.55,142.00,53.00
402,403,11279.05,219.00,95.00
403,404,1985.18,55.00,43.00
404,405,1743.95,57.00,38.00
405,406,1970.78,66.00,33.00
406,407,5582.08,150.00,74.00
407,408,2063.55,68.00,37.00
408,409,4148.05,89.00,68.00
409,410,2699.23,135.00,45.00
410,411,2910.87,108.00,40.00
411,412,4388.25,123.00,56.00
412,413,4030.14,108.00,51.00
413,414,1975.34,67.00,38.00
414,415,6983.80,141.00,70.00
415,416,2936.64,71.00,59.00
416,417,2025.63,68.00,41.00
417,418,6677.76,268.00,50.00
418,419,5410.45,142.00,81.00
419,420,3208.96,91.00,52.00
420,421,11223.46,186.00,99.00
421,422,6128.72,117.00,82.00
422,423,3596.02,151.00,39.00
423,424,5223.33,217.00,49.00
424,425,2204.00,68.00,40.00
425,426,9520.63,236.00,68.00
426,427,11806.37,252.00,74.00
427,428,8626.78,254.00,76.00
428,429,12677.40,312.00,89.00
429,430,52486.28,633.00,166.00
430,431,6306.67,108.00,75.00
431,432,1771.63,54.00,43.00
432,433,43912.62,401.00,173.00
433,434,5854.16,156.00,59.00
434,435,3795.24,102.00,50.00
435,436,4322.71,170.00,59.00
436,437,1010.98,44.00,30.00
437,438,1540.76,48.00,40.00
438,439,3826.32,76.00,66.00
439,440,2253.64,55.00,52.00
440,441,1951.38,79.00,34.00
441,442,822.36,36.00,28.00
442,443,12711.94,270.00,78.00
443,444,5483.76,252.00,79.00
444,445,6956.26,225.00,49.00
445,446,2941.38,136.00,39.00
446,447,32814.43,563.00,146.00
447,448,14227.97,255.00,124.00
448,449,5672.26,198.00,58.00
449,450,1785.46,63.00,37.00
450,451,12095.18,290.00,77.00
451,452,2123.80,59.00,47.00
452,453,4359.23,110.00,53.00
453,454,7715.08,121.00,89.00
454,455,14972.43,305.00,105.00
455,456,7754.29,288.00,66.00
456,457,7030.58,113.00,82.00
457,458,12784.07,375.00,80.00
458,459,50992.21,400.00,178.00
459,460,5518.59,136.00,57.00
460,461,15367.30,224.00,121.00
461,462,12095.77,249.00,74.00
462,463,3449.76,117.00,41.00
463,464,2084.69,57.00,45.00
464,465,2633.81,85.00,42.00
465,466,4897.52,162.00,88.00
466,467,3384.21,158.00,41.00
467,468,7956.52,216.00,66.00
468,469,10555.86,119.00,116.00
469,470,2271.02,97.00,32.00
470,471,1062.92,52.00,28.00
471,472,1599.98,50.00,40.00
472,473,4609.34,84.00,66.00
473,474,1711.47,54.00,40.00
474,475,1356.95,95.00,23.00
475,476,11040.42,144.00,131.00
476,477,41634.27,380.00,187.00
477,478,13837.08,159.00,125.00
478,479,8759.10,150.00,91.00
479,480,4881.72,133.00,56.00
480,481,6443.88,226.00,46.00
481,482,17419.84,245.00,111.00
482,483,1832.52,67.00,42.00
483,484,39694.97,558.00,155.00
484,485,5368.05,159.00,49.00
485,486,3402.36,90.00,84.00
486,487,1952.90,57.00,48.00
487,488,9236.38,122.00,111.00
488,489,4021.04,122.00,70.00
489,490,3504.06,141.00,35.00
490,491,20762.70,473.00,104.00
491,492,14252.94,339.00,86.00
492,493,6253.03,140.00,60.00
493,494,31367.58,471.00,154.00
494,495,9068.58,151.00,81.00
495,496,30765.63,388.00,177.00
496,497,25049.67,298.00,145.00
497,498,2060.10,94.00,36.00
498,499,6991.79,172.00,53.00
499,500,6473.13,102.00,101.00
500,501,40923.33,230.00,228.00
501,502,4214.75,79.00,68.00
502,503,8620.82,253.00,76.00
503,504,12065.72,234.00,122.00
504,505,10562.55,351.00,84.00
505,506,414846.17,1738.00,517.00
506,507,10059.33,290.00,89.00
507,508,10163.69,227.00,65.00
508,509,3478.60,74.00,57.00
509,510,2465.22,70.00,46.00
510,511,8299.13,196.00,65.00
511,512,2858.48,78.00,53.00
512,513,11628.58,198.00,88.00
513,514,6236.69,133.00,67.00
514,515,3825.42,103.00,67.00
515,516,4680.55,206.00,62.00
516,517,3383.45,143.00,49.00
517,518,3490.04,79.00,60.00
518,519,5002.45,156.00,54.00
519,520,6291.03,140.00,72.00
520,521,6583.37,234.00,68.00
521,522,8850.80,160.00,80.00
522,523,4662.35,123.00,55.00
523,524,4967.53,132.00,53.00
524,525,3223.64,96.00,42.00
525,526,3331.60,90.00,47.00
526,527,4427.02,172.00,55.00
527,528,3302.82,95.00,55.00
528,529,2456.97,132.00,43.00
529,530,1583.99,51.00,37.00
530,531,2398.92,74.00,50.00
531,532,6690.93,124.00,72.00
532,533,4250.96,98.00,66.00
533,534,1866.61,53.00,45.00
534,535,4053.05,96.00,55.00
535,536,18219.17,246.00,118.00
536,537,2002.36,78.00,33.00
537,538,1461.43,66.00,29.00
538,539,34634.28,364.00,152.00
539,540,6578.10,230.00,56.00
540,541,32564.24,425.00,195.00
541,542,22059.72,398.00,137.00
542,543,15812.79,426.00,61.00
543,544,8117.39,147.00,85.00
544,545,7140.34,154.00,64.00
545,546,6700.24,170.00,61.00
546,547,3333.63,73.00,61.00
547,548,11607.34,206.00,82.00
548,549,2248.17,109.00,35.00
549,550,10629.83,267.00,70.00
550,551,2182.74,78.00,38.00
551,552,1199.69,48.00,32.00
552,553,4170.09,167.00,37.00
553,554,2804.83,80.00,45.00
554,555,5502.57,181.00,51.00
555,556,1092.28,40.00,35.00
556,557,4440.94,128.00,53.00
557,558,3329.81,104.00,45.00
558,559,3390.45,75.00,58.00
559,560,2101.20,87.00,40.00
560,561,2244.71,73.00,42.00
561,562,3696.00,82.00,61.00
562,563,666.68,43.00,22.00
563,564,4155.79,107.00,52.00
564,565,4417.52,93.00,60.00
565,566,3001.23,91.00,48.00
566,567,6595.81,146.00,81.00
567,568,3395.87,139.00,50.00
568,569,3678.01,93.00,49.00
569,570,6787.48,140.00,70.00
570,571,5999.68,138.00,65.00
571,572,2287.82,92.00,37.00
572,573,2734.18,94.00,45.00
573,574,1175.42,65.00,25.00
574,575,1067.97,48.00,28.00
575,576,3815.23,117.00,47.00
576,577,2549.89,73.00,52.00
577,578,1286.94,58.00,29.00
578,579,1547.76,54.00,38.00
579,580,2406.48,74.00,45.00
580,581,4205.29,102.00,67.00
581,582,8402.73,254.00,74.00
582,583,3932.26,142.00,52.00
583,584,3028.83,82.00,48.00
584,585,8734.85,229.00,65.00
585,586,5414.05,172.00,66.00
586,587,6895.37,169.00,53.00
587,588,4457.29,99.00,57.00
588,589,5290.29,177.00,54.00
589,590,1519.79,53.00,36.00
590,591,5082.79,126.00,52.00
591,592,3795.78,86.00,52.00
592,593,8071.24,153.00,82.00
593,594,6303.29,191.00,59.00
594,595,3028.62,75.00,52.00
595,596,1693.60,55.00,39.00
596,597,1136.12,43.00,33.00
597,598,3879.85,148.00,53.00
598,599,4413.18,137.00,42.00
599,600,1695.74,65.00,41.00
600,601,1007.64,68.00,23.00
601,602,9482.86,142.00,119.00
602,603,1102.19,42.00,33.00
603,604,6489.32,130.00,75.00
604,605,7202.79,109.00,90.00
605,606,14899.94,462.00,79.00
606,607,6243.85,209.00,54.00
607,608,4558.77,175.00,44.00
608,609,4028.63,126.00,41.00
609,610,7695.37,218.00,66.00
610,611,2676.73,114.00,36.00
611,612,4349.24,178.00,41.00
612,613,3885.62,112.00,44.00
613,614,35068.72,375.00,170.00
614,615,2483.21,118.00,30.00
615,616,2035.19,65.00,41.00
616,617,3273.88,115.00,40.00
617,618,2466.76,93.00,36.00
618,619,5877.56,196.00,100.00
619,620,3361.96,87.00,53.00
620,621,9169.32,270.00,51.00
621,622,4665.88,156.00,44.00
622,623,3904.11,130.00,41.00
623,624,5349.12,115.00,62.00
624,625,3366.18,72.00,64.00
625,626,6869.66,182.00,86.00
626,627,3525.05,101.00,55.00
627,628,3292.42,94.00,58.00
628,629,5955.12,187.00,56.00
629,630,6987.28,143.00,69.00
630,631,7691.82,199.00,57.00
631,632,16654.72,399.00,108.00
632,633,7097.59,169.00,66.00
633,634,4872.75,143.00,62.00
634,635,3452.99,126.00,42.00
635,636,5384.67,174.00,70.00
636,637,5697.38,167.00,54.00
637,638,8779.58,204.00,64.00
638,639,3343.14,99.00,57.00
639,640,7689.06,134.00,76.00
640,641,4796.60,168.00,54.00
641,642,11452.28,135.00,131.00
642,643,3226.54,89.00,46.00
643,644,3466.70,69.00,68.00
644,645,10199.70,221.00,71.00
645,646,4483.49,121.00,77.00
646,647,2590.30,90.00,46.00
647,648,411.71,32.00,17.00
648,649,1702.85,61.00,37.00
649,650,7026.21,119.00,76.00
650,651,3883.88,97.00,52.00
651,652,2784.86,78.00,44.00
652,653,1579.22,52.00,38.00
653,654,3433.68,127.00,37.00
654,655,20318.58,324.00,125.00
655,656,2035.31,68.00,38.00
656,657,1983.11,58.00,41.00
657,658,14403.32,244.00,104.00
658,659,2486.59,90.00,37.00
659,660,1496.15,65.00,30.00
660,661,2118.93,85.00,32.00
661,662,1985.53,56.00,44.00
662,663,2407.80,90.00,37.00
663,664,2314.04,73.00,41.00
664,665,1186.66,46.00,33.00
665,666,1462.35,52.00,36.00
666,667,1335.17,59.00,37.00
667,668,1613.46,58.00,35.00
668,669,2541.55,82.00,40.00
669,670,4354.65,130.00,68.00
670,671,1292.44,42.00,40.00
671,672,4817.08,146.00,44.00
672,673,3585.93,145.00,41.00
673,674,3165.80,75.00,58.00
674,675,1262.88,48.00,34.00
675,676,1101.02,47.00,29.00
676,677,2658.55,101.00,36.00
677,678,1655.50,106.00,25.00
678,679,867.35,49.00,24.00
679,680,4084.37,123.00,48.00
680,681,1462.27,57.00,32.00
681,682,2170.87,93.00,40.00
682,683,2436.32,98.00,44.00
683,684,2018.68,101.00,40.00
684,685,776.36,36.00,27.00
685,686,2200.98,76.00,36.00
686,687,4929.98,170.00,74.00
687,688,2669.17,127.00,49.00
688,689,5226.65,119.00,62.00
689,690,3109.04,88.00,45.00
690,691,2456.18,65.00,47.00
691,692,1500.13,53.00,37.00
692,693,3265.22,114.00,46.00
693,694,2577.40,74.00,44.00
694,695,3521.54,162.00,35.00
695,696,3564.04,115.00,75.00
696,697,1801.01,81.00,34.00
697,698,1727.37,104.00,32.00
698,699,1336.70,45.00,37.00
699,700,1251.26,43.00,34.00
700,701,5187.49,172.00,65.00
701,702,1804.74,65.00,38.00
702,703,4103.15,157.00,39.00
703,704,1837.21,57.00,42.00
704,705,1789.41,66.00,34.00
705,706,2040.33,71.00,36.00
706,707,7314.59,212.00,62.00
707,708,4307.43,200.00,38.00
708,709,1372.13,74.00,26.00
709,710,943.95,57.00,24.00
710,711,903.91,54.00,19.00
711,712,1602.43,56.00,52.00
712,713,5456.13,106.00,79.00
713,714,2913.39,111.00,38.00
714,715,1484.67,66.00,30.00
715,716,1962.45,98.00,31.00
716,717,2823.13,88.00,46.00
717,718,3208.79,82.00,60.00
718,719,3865.63,132.00,54.00
719,720,2651.28,84.00,45.00
720,721,3702.16,89.00,55.00
721,722,7657.37,204.00,68.00
722,723,10898.93,419.00,86.00
723,724,10539.38,322.00,72.00
724,725,5921.88,224.00,55.00
725,726,14305.20,486.00,75.00
726,727,2360.91,98.00,37.00
727,728,2207.99,110.00,41.00
728,729,6380.21,200.00,52.00
729,730,8322.67,319.00,50.00
730,731,10694.23,333.00,85.00
731,732,1843.33,116.00,26.00
732,733,7492.18,316.00,72.00
733,734,3044.47,168.00,29.00
734,735,6671.58,156.00,68.00
735,736,11984.67,212.00,103.00
736,737,3222.52,123.00,39.00
737,738,3816.23,87.00,56.00
738,739,1846.84,58.00,54.00
739,740,2121.55,72.00,47.00
740,741,3056.55,145.00,43.00
741,742,1656.78,71.00,36.00
742,743,4281.85,134.00,45.00
743,744,1189.38,69.00,24.00
744,745,7609.44,170.00,92.00
745,746,15230.80,219.00,100.00
746,747,3262.21,78.00,57.00
747,748,6723.92,197.00,68.00
748,749,44019.11,736.00,114.00
749,750,23804.47,525.00,112.00
750,751,4871.52,146.00,56.00
751,752,4567.17,182.00,44.00
752,753,7839.62,224.00,72.00
753,754,3173.03,143.00,45.00
754,755,1755.58,67.00,40.00
755,756,3815.93,98.00,54.00
756,757,6674.49,254.00,67.00
757,758,14408.41,294.00,103.00
758,759,3078.84,91.00,49.00
759,760,2511.01,65.00,48.00
760,761,6618.43,152.00,86.00
761,762,1472.29,76.00,30.00
762,763,2908.52,97.00,49.00
763,764,2200.85,69.00,43.00
764,765,1283.83,47.00,36.00
765,766,2746.15,128.00,39.00
766,767,5334.63,99.00,78.00
767,768,4045.77,100.00,58.00
768,769,1398.12,59.00,32.00
769,770,2210.44,126.00,29.00
770,771,1591.65,59.00,33.00
771,772,2982.59,105.00,41.00
772,773,10374.74,235.00,89.00
773,774,3028.03,110.00,42.00
774,775,6214.70,183.00,59.00
775,776,3840.67,116.00,53.00
776,777,1942.64,64.00,39.00
777,778,976.14,43.00,30.00
778,779,2867.73,111.00,38.00
779,780,3887.53,115.00,44.00
780,781,1004.12,53.00,33.00
781,782,8563.44,174.00,91.00
782,783,7067.39,174.00,81.00
783,784,2295.31,76.00,42.00
784,785,6144.95,137.00,60.00
785,786,1516.15,53.00,37.00
786,787,1387.73,48.00,38.00
787,788,1643.80,77.00,36.00
788,789,6369.69,173.00,73.00
789,790,2433.78,59.00,52.00
790,791,7271.81,206.00,60.00
791,792,7154.10,217.00,79.00
792,793,3825.48,87.00,60.00
793,794,3900.09,163.00,47.00
794,795,1381.24,53.00,35.00
795,796,7361.40,170.00,64.00
796,797,2481.58,62.00,48.00
797,798,6176.15,163.00,96.00
798,799,1172.57,46.00,32.00
799,800,1666.97,88.00,31.00
800,801,1352.67,103.00,28.00
801,802,13944.31,422.00,104.00
802,803,2235.45,69.00,47.00
803,804,15649.49,475.00,92.00
804,805,12426.74,324.00,74.00
805,806,1215.82,75.00,28.00
806,807,5147.76,200.00,78.00
807,808,4944.64,101.00,74.00
808,809,4420.12,104.00,57.00
809,810,4727.93,160.00,47.00
810,811,4035.27,157.00,45.00
811,812,3613.68,121.00,46.00
812,813,5684.63,173.00,62.00
813,814,3892.99,172.00,52.00
814,815,13505.34,291.00,128.00
815,816,4724.80,168.00,64.00
816,817,15997.00,421.00,91.00
817,818,6996.86,280.00,58.00
818,819,2355.78,73.00,47.00
819,820,1251.87,50.00,30.00
820,821,8182.97,162.00,95.00
821,822,816.50,44.00,24.00
822,823,1013.02,47.00,27.00
823,824,2606.35,65.00,51.00
824,825,12279.22,306.00,80.00
825,826,15898.73,471.00,165.00
826,827,2321.79,77.00,38.00
827,828,1761.91,75.00,31.00
828,829,1704.74,56.00,39.00
829,830,4028.99,125.00,52.00
830,831,2400.65,111.00,36.00
831,832,2453.13,125.00,33.00
832,833,6039.43,234.00,54.00
833,834,4005.06,189.00,44.00
834,835,3837.19,100.00,69.00
835,836,4133.42,113.00,51.00
836,837,5601.18,241.00,83.00
837,838,7690.87,246.00,74.00
838,839,6525.78,259.00,77.00
839,840,2618.00,64.00,64.00
840,841,10856.94,195.00,78.00
841,842,6796.74,188.00,57.00
842,843,4914.21,144.00,49.00
843,844,42032.66,459.00,146.00
844,845,3155.44,78.00,52.00
845,846,4891.94,102.00,72.00
846,847,2627.82,63.00,53.00
847,848,7320.63,177.00,73.00
848,849,5201.35,179.00,57.00
849,850,5562.35,189.00,49.00
850,851,3962.36,144.00,61.00
851,852,4099.17,149.00,56.00
852,853,6690.95,179.00,63.00
853,854,5862.11,221.00,56.00
854,855,9672.83,263.00,84.00
855,856,3472.82,146.00,48.00
856,857,4758.23,183.00,72.00
857,858,4316.96,200.00,44.00
858,859,6485.17,180.00,50.00
859,860,4365.01,170.00,46.00
860,861,5704.94,142.00,77.00
861,862,5888.76,141.00,57.00
862,863,12283.21,249.00,87.00
863,864,5413.03,175.00,50.00
864,865,1744.77,76.00,34.00
865,866,13801.59,205.00,113.00
866,867,10708.34,301.00,59.00
867,868,8181.89,161.00,78.00
868,869,2394.28,85.00,34.00
869,870,9174.86,277.00,60.00
870,871,4276.52,182.00,35.00
871,872,3545.01,147.00,34.00
872,873,170.49,47.00,6.00
873,874,1920.82,88.00,35.00
874,875,4398.88,166.00,73.00
875,876,3262.66,212.00,34.00
876,877,4135.84,157.00,52.00
877,878,4057.58,144.00,46.00
878,879,4680.26,141.00,44.00
879,880,2464.53,88.00,43.00
880,881,1039.97,58.00,28.00
881,882,3161.55,146.00,41.00
882,883,3602.86,145.00,32.00
883,884,5398.98,278.00,58.00
884,885,4301.84,232.00,43.00
885,886,7947.95,328.00,62.00
886,887,9082.32,383.00,72.00
887,888,9787.81,241.00,96.00
888,889,3451.28,176.00,39.00
889,890,4110.60,101.00,62.00
890,891,1621.34,83.00,31.00
891,892,1349.12,51.00,32.00
892,893,1727.61,57.00,39.00
893,894,3108.90,89.00,47.00
894,895,1355.34,55.00,30.00
895,896,3434.35,83.00,56.00
896,897,3480.70,87.00,54.00
897,898,6524.57,195.00,50.00
898,899,14858.58,356.00,103.00
899,900,3072.98,147.00,33.00
900,901,2338.94,77.00,41.00
901,902,1963.03,75.00,39.00
902,903,4508.40,228.00,63.00
903,904,1008.43,39.00,35.00
904,905,799.80,32.00,32.00
905,906,3090.39,114.00,35.00
906,907,39100.44,460.00,184.00
907,908,3761.80,166.00,58.00
908,909,1106.04,39.00,37.00
909,910,4678.82,246.00,51.00
910,911,4454.24,221.00,40.00
911,912,2839.17,86.00,48.00
912,913,2466.29,125.00,32.00
913,914,2424.65,73.00,46.00
914,915,2332.16,95.00,37.00
915,916,6095.94,141.00,76.00
916,917,4283.14,127.00,60.00
917,918,2398.49,82.00,41.00
918,919,2631.01,104.00,34.00
919,920,5726.26,155.00,59.00
920,921,4757.43,117.00,56.00
921,922,18261.84,408.00,120.00
922,923,4110.14,81.00,69.00
923,924,6914.00,131.00,85.00
924,925,5335.09,108.00,69.00
925,926,1776.09,55.00,45.00
926,927,2583.48,79.00,42.00
927,928,1444.88,59.00,29.00
928,929,8087.15,148.00,82.00
929,930,4551.27,128.00,58.00
930,931,7827.27,192.00,113.00
931,932,5770.66,158.00,119.00
932,933,26006.64,578.00,120.00
933,934,2420.10,125.00,30.00
934,935,2909.81,126.00,40.00
935,936,15166.08,395.00,96.00
936,937,7605.89,138.00,83.00
937,938,1909.90,95.00,32.00
938,939,37533.31,532.00,124.00
939,940,2583.77,103.00,41.00
940,941,6019.32,174.00,51.00
941,942,7582.66,228.00,67.00
942,943,8149.83,171.00,78.00
943,944,5211.84,143.00,69.00
944,945,4064.32,118.00,56.00
945,946,2889.28,86.00,48.00
946,947,3317.94,116.00,41.00
947,948,6578.44,213.00,56.00
948,949,14239.15,345.00,113.00
949,950,5990.04,215.00,87.00
950,951,1896.13,100.00,32.00
951,952,6094.47,158.00,90.00
952,953,4563.74,150.00,49.00
953,954,17411.40,346.00,104.00
954,955,5287.20,132.00,69.00
955,956,5388.86,204.00,48.00
956,957,8645.84,278.00,76.00
957,958,4399.59,112.00,51.00
958,959,4076.01,131.00,69.00
959,960,5992.31,135.00,73.00
960,961,3907.06,113.00,42.00
961,962,5424.44,222.00,81.00
962,963,6964.36,214.00,64.00
963,964,2747.34,145.00,38.00
964,965,1434.87,57.00,33.00
965,966,3851.85,113.00,44.00
966,967,3953.00,141.00,47.00
967,968,7144.40,229.00,86.00
968,969,7492.72,179.00,72.00
969,970,4884.05,102.00,64.00
970,971,4479.84,108.00,53.00
971,972,7828.21,191.00,77.00
972,973,8100.73,226.00,59.00
973,974,7079.06,213.00,62.00
974,975,3951.43,121.00,66.00
975,976,2183.63,74.00,39.00
976,977,503.49,29.00,23.00
977,978,5088.49,122.00,57.00
978,979,55579.17,855.00,141.00
979,980,4877.01,114.00,56.00
980,981,5044.21,154.00,65.00
981,982,5114.98,153.00,46.00
982,983,2926.41,84.00,44.00
983,984,1059.93,53.00,24.00
984,985,5347.95,118.00,60.00
985,986,21492.92,355.00,123.00
986,987,1987.95,85.00,38.00
987,988,3118.35,103.00,52.00
988,989,5624.94,164.00,82.00
989,990,19851.43,478.00,95.00
990,991,18925.43,319.00,137.00
991,992,4296.53,94.00,67.00
992,993,8816.79,202.00,63.00
993,994,4901.93,138.00,46.00
994,995,2652.97,84.00,43.00
995,996,4244.79,170.00,46.00
996,997,4508.76,119.00,53.00
997,998,12874.65,259.00,102.00
998,999,19579.58,357.00,127.00
999,1000,13300.02,427.00,128.00
1000,1001,4964.49,164.00,58.00
1001,1002,5256.21,177.00,67.00
1002,1003,4502.72,198.00,43.00
1003,1004,3430.26,175.00,35.00
1004,1005,9237.50,183.00,69.00
1005,1006,1799.70,104.00,27.00
1006,1007,2045.74,65.00,43.00
1007,1008,3018.12,137.00,50.00
1008,1009,5077.92,230.00,61.00
1009,1010,2749.72,96.00,35.00
1010,1011,8264.36,169.00,70.00
1011,1012,4830.40,157.00,69.00
1012,1013,2327.33,97.00,43.00
1013,1014,2628.98,92.00,37.00
1014,1015,3677.65,158.00,39.00
1015,1016,2070.54,59.00,50.00
1016,1017,3108.91,82.00,49.00
1017,1018,2613.44,96.00,45.00
1018,1019,2835.59,146.00,38.00
1019,1020,4025.45,118.00,49.00
1020,1021,2636.64,111.00,41.00
1021,1022,2159.49,124.00,28.00
1022,1023,2381.44,90.00,34.00
1023,1024,6226.65,151.00,54.00
1024,1025,1113.73,48.00,29.00
1025,1026,1538.06,55.00,35.00
1026,1027,740.42,41.00,25.00
1027,1028,2443.70,65.00,50.00
1028,1029,1949.84,100.00,28.00
1029,1030,1951.78,64.00,39.00
1030,1031,3885.83,122.00,60.00
1031,1032,11329.55,183.00,92.00
1032,1033,3354.11,139.00,38.00
1033,1034,3689.98,127.00,56.00
1034,1035,10792.67,138.00,115.00
1035,1036,7322.84,129.00,103.00
1036,1037,32696.72,491.00,182.00
1037,1038,7979.55,157.00,86.00
1038,1039,7095.78,156.00,73.00
1039,1040,9078.34,169.00,83.00
1040,1041,9455.92,199.00,80.00
1041,1042,17657.52,283.00,101.00
1042,1043,23723.52,353.00,111.00
1043,1044,5627.39,178.00,67.00
1044,1045,5875.30,211.00,52.00
1045,1046,3521.45,95.00,50.00
1046,1047,9871.58,153.00,107.00
1047,1048,11666.24,219.00,87.00
1048,1049,7665.58,255.00,65.00
1049,1050,8503.08,116.00,94.00
1050,1051,7651.41,153.00,68.00
1051,1052,3149.96,115.00,47.00
1052,1053,11172.72,158.00,103.00
1053,1054,30088.75,378.00,148.00
1054,1055,3749.21,95.00,58.00
1055,1056,8983.39,186.00,85.00
1056,1057,5304.17,109.00,67.00
1057,1058,1829.19,53.00,41.00
1058,1059,4178.60,188.00,50.00
1059,1060,4501.43,182.00,49.00
1060,1061,2476.91,98.00,40.00
1061,1062,4847.21,155.00,52.00
1062,1063,4837.22,184.00,47.00
1063,1064,6444.66,165.00,60.00
1064,1065,6284.75,270.00,48.00
1065,1066,40712.24,474.00,212.00
1066,1067,33006.01,629.00,187.00
1067,1068,4792.62,135.00,60.00
1068,1069,1850.39,92.00,30.00
1069,1070,20518.30,392.00,147.00
1070,1071,2956.32,153.00,34.00
1071,1072,9351.84,229.00,71.00
1072,1073,23550.29,381.00,101.00
1073,1074,9945.05,314.00,64.00
1074,1075,3093.05,108.00,41.00
1075,1076,1662.28,110.00,28.00
1076,1077,1558.50,65.00,36.00
1077,1078,1543.81,98.00,25.00
1078,1079,9255.70,312.00,54.00
1079,1080,1134.45,80.00,24.00
1080,1081,1123.56,53.00,27.00
1081,1082,524.83,46.00,20.00
1082,1083,1747.88,79.00,32.00
1083,1084,15853.16,341.00,114.00
1084,1085,1583.46,46.00,43.00
1085,1086,1635.17,57.00,36.00
1086,1087,11244.32,324.00,66.00
1087,1088,1913.79,74.00,39.00
1088,1089,6502.58,159.00,70.00
1089,1090,14722.20,231.00,105.00
1090,1091,5804.68,99.00,92.00
1091,1092,1914.89,67.00,54.00
1092,1093,10283.36,210.00,77.00
1093,1094,13171.66,159.00,108.00
1094,1095,6911.49,242.00,44.00
1095,1096,2639.53,111.00,43.00
1096,1097,2966.53,103.00,47.00
1097,1098,1957.91,79.00,37.00
1098,1099,2895.33,83.00,64.00
1099,1100,1798.92,75.00,33.00
1100,1101,7204.02,244.00,60.00
1101,1102,7442.96,146.00,87.00
1102,1103,4126.32,103.00,63.00
1103,1104,3930.05,104.00,59.00
1104,1105,4571.79,143.00,45.00
1105,1106,5481.02,170.00,70.00
1106,1107,3508.02,176.00,34.00
1107,1108,2778.97,101.00,49.00
1108,1109,681.00,32.00,27.00
1109,1110,3286.43,102.00,41.00
1110,1111,2986.58,72.00,49.00
1111,1112,8583.49,307.00,86.00
1112,1113,9955.03,273.00,105.00
1113,1114,8545.91,222.00,70.00
1114,1115,1836.44,72.00,35.00
1115,1116,2134.35,55.00,49.00
1116,1117,1306.78,46.00,37.00
1117,1118,595.63,43.00,19.00
1118,1119,3292.82,102.00,41.00
1119,1120,2784.37,76.00,47.00
1120,1121,1290.95,76.00,28.00
1121,1122,1140.79,42.00,34.00
1122,1123,5627.61,171.00,46.00
1123,1124,69934.33,542.00,237.00
1124,1125,9030.48,212.00,79.00
1125,1126,15957.42,331.00,84.00
1126,1127,6572.20,123.00,94.00
1127,1128,35613.72,376.00,151.00
1128,1129,11801.16,263.00,110.00
1129,1130,26254.40,351.00,157.00
1130,1131,13168.44,228.00,80.00
1131,1132,2194.65,71.00,40.00
1132,1133,4512.99,91.00,69.00
1133,1134,2890.45,131.00,44.00
1134,1135,1167.79,80.00,26.00
1135,1136,1610.25,108.00,25.00
1136,1137,503.79,61.00,20.00
1137,1138,2523.95,98.00,39.00
1138,1139,3307.39,76.00,53.00
1139,1140,11513.53,203.00,90.00
1140,1141,1227.49,107.00,25.00
1141,1142,7379.75,127.00,89.00
1142,1143,4297.88,116.00,48.00
1143,1144,2838.55,82.00,44.00
1144,1145,4069.14,177.00,41.00
1145,1146,1320.67,86.00,28.00
1146,1147,1386.34,67.00,29.00
1147,1148,1335.82,58.00,30.00
1148,1149,3836.67,95.00,55.00
1149,1150,3082.44,92.00,47.00
1150,1151,3242.49,122.00,38.00
1151,1152,3046.83,96.00,50.00
1152,1153,1752.94,67.00,37.00
1153,1154,5461.53,103.00,86.00
1154,1155,9377.42,194.00,69.00
1155,1156,8221.77,140.00,75.00
1156,1157,7436.54,185.00,79.00
1157,1158,1538.87,56.00,37.00
1158,1159,2906.16,158.00,37.00
1159,1160,7401.24,148.00,87.00
1160,1161,24485.97,311.00,134.00
1161,1162,6004.20,149.00,57.00
1162,1163,17525.16,239.00,105.00
1163,1164,5576.27,161.00,65.00
1164,1165,2346.30,112.00,39.00
1165,1166,2616.34,101.00,47.00
1166,1167,2599.96,88.00,41.00
1167,1168,10190.00,247.00,76.00
1168,1169,1053.99,57.00,28.00
1169,1170,8087.11,183.00,75.00
1170,1171,1646.42,65.00,33.00
1171,1172,2058.06,71.00,36.00
1172,1173,1245.72,49.00,34.00
1173,1174,1667.24,69.00,34.00
1174,1175,2018.09,52.00,48.00
1175,1176,2231.82,83.00,39.00
1176,1177,2514.84,71.00,54.00
1177,1178,5106.08,105.00,71.00
1178,1179,2356.80,75.00,42.00
1179,1180,10695.98,179.00,105.00
1180,1181,4844.43,180.00,59.00
1181,1182,1379.00,56.00,31.00
1182,1183,956.06,41.00,30.00
1183,1184,2877.64,78.00,53.00
1184,1185,3749.87,93.00,54.00
1185,1186,3749.62,82.00,62.00
1186,1187,991.39,61.00,27.00
1187,1188,2299.92,135.00,37.00
1188,1189,3364.72,81.00,59.00
1189,1190,2354.46,70.00,45.00
1190,1191,5931.11,195.00,53.00
1191,1192,6277.56,184.00,54.00
1192,1193,1976.72,76.00,35.00
1193,1194,1397.60,55.00,34.00
1194,1195,8977.81,179.00,78.00
1195,1196,6198.70,118.00,74.00
1196,1197,29983.92,342.00,139.00
1197,1198,5204.63,114.00,65.00
1198,1199,9520.03,224.00,88.00
1199,1200,2784.58,90.00,43.00
1200,1201,11076.14,198.00,97.00
1201,1202,4073.32,90.00,64.00
1202,1203,9242.07,195.00,87.00
1203,1204,2957.17,90.00,46.00
1204,1205,2359.99,90.00,46.00
1205,1206,12234.10,215.00,106.00
1206,1207,2421.37,76.00,43.00
1207,1208,1092.88,62.00,26.00
1208,1209,4567.01,96.00,73.00
1209,1210,1179.87,49.00,32.00
1210,1211,1293.20,52.00,32.00
1211,1212,1657.42,67.00,34.00
1212,1213,1308.68,58.00,29.00
1213,1214,4299.07,167.00,49.00
1214,1215,1037.34,58.00,24.00
1215,1216,860.34,44.00,24.00
1216,1217,1173.00,57.00,28.00
1217,1218,447.80,35.00,19.00
1218,1219,1478.14,63.00,32.00
1219,1220,1210.96,52.00,31.00
1220,1221,797.27,43.00,24.00
1221,1222,768.11,42.00,24.00
1222,1223,777.88,37.00,27.00
1223,1224,1349.65,54.00,32.00
1224,1225,3200.64,178.00,37.00
1225,1226,913.96,39.00,30.00
1226,1227,11049.68,139.00,100.00
1227,1228,3075.07,90.00,46.00
1228,1229,1824.65,78.00,37.00
1229,1230,1263.66,60.00,29.00
1230,1231,921.45,44.00,27.00
1231,1232,1372.57,46.00,38.00
1232,1233,1202.58,52.00,31.00
1233,1234,1494.70,54.00,34.00
1234,1235,1218.98,60.00,26.00
1235,1236,2552.07,92.00,47.00
1236,1237,6061.66,209.00,77.00
1237,1238,10700.81,273.00,82.00
1238,1239,7421.47,142.00,77.00
1239,1240,3652.56,100.00,68.00
1240,1241,7576.68,154.00,85.00
1241,1242,996.11,47.00,28.00
1242,1243,1951.92,60.00,40.00
1243,1244,4507.41,122.00,50.00
1244,1245,3832.39,121.00,61.00
1245,1246,6665.01,180.00,59.00
1246,1247,3519.68,139.00,39.00
1247,1248,5732.18,118.00,65.00
1248,1249,7426.25,131.00,76.00
1249,1250,2797.03,74.00,49.00
1250,1251,6825.58,126.00,90.00
1251,1252,1462.17,55.00,34.00
1252,1253,7904.04,124.00,90.00
1253,1254,2775.65,79.00,51.00
1254,1255,21335.57,270.00,137.00
1255,1256,6611.32,202.00,74.00
1256,1257,2709.88,106.00,40.00
1257,1258,6224.45,122.00,66.00
1258,1259,5832.50,102.00,82.00
1259,1260,2848.67,75.00,55.00
1260,1261,1838.40,74.00,33.00
1261,1262,4627.32,230.00,45.00
1262,1263,4930.98,223.00,52.00
1263,1264,4097.16,190.00,59.00
1264,1265,2223.71,97.00,42.00
1265,1266,6038.19,191.00,49.00
1266,1267,10373.45,197.00,102.00
1267,1268,16115.41,557.00,83.00
1268,1269,21518.15,559.00,148.00
1269,1270,5945.31,165.00,54.00
1270,1271,1287.24,57.00,40.00
1271,1272,12670.08,181.00,135.00
1272,1273,4096.91,100.00,56.00
1273,1274,8475.46,196.00,67.00
1274,1275,14665.05,328.00,96.00
1275,1276,3126.17,136.00,48.00
1276,1277,2221.24,90.00,40.00
1277,1278,4471.77,89.00,68.00
1278,1279,8640.02,152.00,86.00
1279,1280,1749.76,81.00,32.00
1280,1281,5659.89,112.00,63.00
1281,1282,1166.00,61.00,28.00
1282,1283,1216.81,60.00,27.00
1283,1284,812.15,41.00,28.00
1284,1285,1519.00,68.00,31.00
1285,1286,2609.33,84.00,48.00
1286,1287,4507.03,109.00,58.00
1287,1288,2235.09,59.00,52.00
1288,1289,1188.17,44.00,36.00
1289,1290,3001.58,95.00,54.00
1290,1291,866.26,52.00,22.00
1291,1292,2522.06,70.00,49.00
1292,1293,1095.31,48.00,30.00
1293,1294,1270.22,73.00,30.00
1294,1295,11877.92,199.00,79.00
1295,1296,5019.86,168.00,70.00
1296,1297,2324.89,64.00,50.00
1297,1298,1689.25,55.00,43.00
1298,1299,3129.81,84.00,62.00
1299,1300,1149.62,66.00,25.00
1300,1301,808.37,32.00,32.00
1301,1302,28493.66,257.00,208.00
1302,1303,1519.13,58.00,40.00
1303,1304,1251.98,49.00,45.00
1304,1305,8251.71,173.00,71.00
1305,1306,2490.77,122.00,59.00
1306,1307,21014.45,293.00,106.00
1307,1308,15337.44,255.00,106.00
1308,1309,12543.27,418.00,71.00
1309,1310,3293.13,96.00,55.00
1310,1311,4091.37,127.00,56.00
1311,1312,5654.10,148.00,67.00
1312,1313,4290.78,148.00,47.00
1313,1314,7530.32,177.00,92.00
1314,1315,2991.45,147.00,37.00
1315,1316,1915.65,89.00,34.00
1316,1317,1367.04,78.00,23.00
1317,1318,1106.36,44.00,31.00
1318,1319,1369.38,89.00,33.00
1319,1320,1244.41,61.00,29.00
1320,1321,25151.30,336.00,125.00
1321,1322,2591.93,67.00,55.00
1322,1323,4214.42,158.00,36.00
1323,1324,6954.91,133.00,65.00
1324,1325,13142.42,194.00,107.00
1325,1326,12865.05,210.00,87.00
1326,1327,5427.96,141.00,53.00
1327,1328,2057.76,70.00,40.00
1328,1329,3504.10,172.00,53.00
1329,1330,2381.98,90.00,43.00
1330,1331,2402.59,59.00,59.00
1331,1332,2066.41,57.00,56.00
1332,1333,5768.02,134.00,56.00
1333,1334,4693.01,100.00,82.00
1334,1335,3605.17,89.00,69.00
1335,1336,1720.31,58.00,43.00
1336,1337,2111.90,84.00,38.00
1337,1338,1961.56,58.00,51.00
1338,1339,8973.00,194.00,68.00
1339,1340,8396.69,216.00,58.00
1340,1341,2060.74,58.00,48.00
1341,1342,5314.94,177.00,45.00
1342,1343,5878.48,205.00,43.00
1343,1344,7466.49,140.00,75.00
1344,1345,10467.32,224.00,90.00
1345,1346,7500.04,133.00,92.00
1346,1347,2804.43,101.00,54.00
1347,1348,3353.06,132.00,47.00
1348,1349,1135.52,51.00,30.00
1349,1350,6138.58,205.00,79.00
1350,1351,5116.57,152.00,69.00
1351,1352,3581.89,142.00,42.00
1352,1353,11263.41,194.00,111.00
1353,1354,2483.65,75.00,49.00
1354,1355,1142.91,59.00,24.00
1355,1356,15806.31,227.00,99.00
1356,1357,4144.73,96.00,77.00
1357,1358,6728.45,240.00,50.00
1358,1359,2505.18,104.00,39.00
1359,1360,7101.96,214.00,59.00
1360,1361,6872.05,233.00,68.00
1361,1362,2319.99,80.00,61.00
1362,1363,1291.39,63.00,38.00
1363,1364,797.13,43.00,28.00
1364,1365,2199.44,79.00,38.00
1365,1366,6364.20,154.00,84.00
1366,1367,3019.47,91.00,55.00
1367,1368,3632.59,94.00,66.00
1368,1369,3550.44,197.00,51.00
1369,1370,2897.43,84.00,56.00
1370,1371,3866.70,170.00,48.00
1371,1372,5012.50,102.00,59.00
1372,1373,44916.14,452.00,170.00
1373,1374,4168.50,144.00,43.00
1374,1375,1931.74,91.00,34.00
1375,1376,2579.04,98.00,42.00
1376,1377,77438.03,545.00,244.00
1377,1378,2326.29,97.00,44.00
1378,1379,1722.74,63.00,37.00
1379,1380,1532.61,68.00,37.00
1380,1381,3945.54,153.00,46.00
1381,1382,4720.53,110.00,84.00
1382,1383,12410.24,175.00,96.00
1383,1384,14411.25,144.00,129.00
1384,1385,3732.08,116.00,41.00
1385,1386,2543.12,123.00,29.00
1386,1387,3623.27,136.00,42.00
1387,1388,4877.38,110.00,91.00
1388,1389,2743.05,74.00,47.00
1389,1390,2467.70,80.00,40.00
1390,1391,1559.96,93.00,22.00
1391,1392,1840.33,90.00,25.00
1392,1393,4699.91,117.00,71.00
1393,1394,1732.18,54.00,43.00
1394,1395,2498.13,98.00,45.00
1395,1396,3999.74,156.00,55.00
1396,1397,2327.99,74.00,51.00
1397,1398,2374.52,90.00,41.00
1398,1399,1775.36,63.00,40.00
1399,1400,1070.24,51.00,27.00
1400,1401,4825.05,205.00,35.00
1401,1402,3216.28,228.00,24.00
1402,1403,1390.22,52.00,36.00
1403,1404,3141.98,105.00,54.00
1404,1405,3710.56,124.00,55.00
1405,1406,3839.48,98.00,83.00
1406,1407,3474.67,140.00,42.00
1407,1408,1770.24,58.00,48.00
1408,1409,4111.67,80.00,67.00
1409,1410,588.46,30.00,25.00
1410,1411,1331.24,51.00,32.00
1411,1412,1067.01,51.00,28.00
1412,1413,1351.63,56.00,36.00
1413,1414,1912.76,72.00,36.00
1414,1415,3202.53,134.00,43.00
1415,1416,2926.25,88.00,55.00
1416,1417,2871.28,92.00,51.00
1417,1418,2896.44,65.00,61.00
1418,1419,2042.62,52.00,51.00
1419,1420,1014.46,45.00,30.00
1420,1421,9101.05,120.00,105.00
1421,1422,9607.30,328.00,76.00
1422,1423,8032.35,214.00,81.00
1423,1424,13065.55,356.00,74.00
1424,1425,16004.53,226.00,122.00
1425,1426,8019.16,157.00,74.00
1426,1427,6467.18,130.00,77.00
1427,1428,7522.12,198.00,64.00
1428,1429,10695.34,250.00,70.00
1429,1430,9809.16,304.00,48.00
1430,1431,2768.21,93.00,42.00
1431,1432,7563.60,165.00,77.00
1432,1433,10632.03,177.00,141.00
1433,1434,71395.16,474.00,273.00
1434,1435,4113.58,130.00,48.00
1435,1436,2132.38,79.00,37.00
1436,1437,6293.18,107.00,97.00
1437,1438,4863.03,118.00,74.00
1438,1439,6680.64,156.00,62.00
1439,1440,15173.89,256.00,109.00
1440,1441,3164.88,119.00,49.00
1441,1442,6008.17,191.00,73.00
1442,1443,2749.04,150.00,29.00
1443,1444,2150.86,87.00,36.00
1444,1445,5135.56,130.00,54.00
1445,1446,2425.67,73.00,54.00
1446,1447,2380.16,92.00,36.00
1447,1448,3496.24,130.00,38.00
1448,1449,1172.58,56.00,29.00
1449,1450,2734.32,78.00,41.00
1450,1451,5615.32,123.00,57.00
1451,1452,6327.91,183.00,65.00
1452,1453,28033.01,347.00,119.00
1453,1454,6413.11,225.00,52.00
1454,1455,3069.24,142.00,42.00
1455,1456,7266.30,287.00,52.00
1456,1457,23533.63,359.00,104.00
1457,1458,10831.52,218.00,68.00
1458,1459,11565.20,364.00,70.00
1459,1460,12373.83,261.00,69.00
1460,1461,28056.43,418.00,124.00
1461,1462,18763.37,325.00,97.00
1462,1463,8747.59,193.00,74.00
1463,1464,6151.88,205.00,99.00
1464,1465,10906.67,170.00,90.00
1465,1466,2110.42,140.00,35.00
1466,1467,1478.64,74.00,27.00
1467,1468,1895.87,85.00,31.00
1468,1469,2353.21,101.00,33.00
1469,1470,4311.57,77.00,76.00
1470,1471,2235.80,68.00,53.00
1471,1472,2771.87,88.00,40.00
1472,1473,1391.01,64.00,30.00
1473,1474,3791.60,113.00,59.00
1474,1475,712.47,41.00,27.00
1475,1476,773.05,40.00,24.00
1476,1477,704.97,32.00,27.00
1477,1478,1221.52,49.00,32.00
1478,1479,1111.58,55.00,28.00
1479,1480,2181.65,82.00,34.00
1480,1481,3351.31,92.00,57.00
1481,1482,5308.60,231.00,36.00
1482,1483,2862.62,150.00,28.00
1483,1484,4067.30,109.00,59.00
1484,1485,2680.75,79.00,48.00
1485,1486,1219.71,63.00,29.00
1486,1487,2358.78,71.00,46.00
1487,1488,1453.68,44.00,41.00
1488,1489,1255.61,54.00,28.00
1489,1490,3074.71,84.00,53.00
1490,1491,1182.19,46.00,34.00
1491,1492,8095.47,145.00,90.00
1492,1493,3139.52,85.00,59.00
1493,1494,4667.89,88.00,64.00
1494,1495,4413.02,121.00,61.00
1495,1496,2196.09,77.00,42.00
1496,1497,760.89,37.00,25.00
1497,1498,776.10,39.00,26.00
1498,1499,6447.25,160.00,79.00
1499,1500,1598.18,47.00,43.00
1500,1501,5116.75,111.00,60.00
1501,1502,4658.34,83.00,78.00
1502,1503,3680.57,77.00,75.00
1503,1504,3710.98,87.00,52.00
1504,1505,3089.45,83.00,49.00
1505,1506,3173.43,88.00,49.00
1506,1507,2541.01,62.00,57.00
1507,1508,3869.93,85.00,67.00
1508,1509,1800.23,62.00,36.00
1509,1510,2257.74,75.00,46.00
1510,1511,7009.68,209.00,76.00
1511,1512,6680.49,193.00,47.00
1512,1513,9597.41,218.00,113.00
1513,1514,1233.22,63.00,27.00
1514,1515,2594.17,71.00,56.00
1515,1516,1959.78,56.00,45.00
1516,1517,2193.65,73.00,43.00
1517,1518,2042.70,68.00,44.00
1518,1519,1654.77,50.00,41.00
1519,1520,3418.20,123.00,39.00
1520,1521,3350.38,108.00,59.00
1521,1522,8997.71,112.00,110.00
1522,1523,4120.52,74.00,71.00
1523,1524,4594.22,103.00,67.00
1524,1525,3452.46,93.00,56.00
1525,1526,2440.34,84.00,40.00
1526,1527,4971.36,109.00,61.00
1527,1528,3939.24,90.00,61.00
1528,1529,6195.60,98.00,86.00
1529,1530,3643.65,86.00,67.00
1530,1531,3261.81,78.00,59.00
1531,1532,2365.34,56.00,54.00
1532,1533,12483.48,256.00,120.00
1533,1534,1881.66,73.00,37.00
1534,1535,32227.77,218.00,194.00
1535,1536,3824.21,87.00,64.00
1536,1537,1230.42,45.00,37.00
1537,1538,3576.40,180.00,49.00
1538,1539,1731.97,58.00,38.00
1539,1540,8600.22,136.00,85.00
1540,1541,1483.54,47.00,41.00
1541,1542,1107.76,69.00,23.00
1542,1543,2119.98,58.00,50.00
1543,1544,21831.10,286.00,132.00
1544,1545,5484.02,175.00,52.00
1545,1546,7205.39,194.00,67.00
1546,1547,3841.27,107.00,59.00
1547,1548,3922.95,94.00,74.00
1548,1549,1526.04,51.00,38.00
1549,1550,1026.56,51.00,26.00
1550,1551,6059.33,164.00,56.00
1551,1552,2190.38,68.00,47.00
1552,1553,11809.00,133.00,123.00
1553,1554,8691.29,142.00,86.00
1554,1555,7614.44,191.00,60.00
1555,1556,2971.78,75.00,52.00
1556,1557,2429.16,86.00,44.00
1557,1558,8343.53,155.00,76.00
1558,1559,4794.61,167.00,45.00
1559,1560,1587.38,79.00,28.00
1560,1561,11570.87,313.00,84.00
1561,1562,5317.73,95.00,73.00
1562,1563,5305.48,105.00,62.00
1563,1564,1509.89,62.00,34.00
1564,1565,4583.37,147.00,49.00
1565,1566,2894.22,84.00,51.00
1566,1567,1167.54,46.00,32.00
1567,1568,1991.16,81.00,29.00
1568,1569,1622.18,51.00,40.00
1569,1570,7459.96,210.00,68.00
1570,1571,1925.59,63.00,52.00
1571,1572,1562.48,54.00,35.00
1572,1573,5546.11,138.00,56.00
1573,1574,4916.78,95.00,72.00
1574,1575,4904.49,138.00,54.00
1575,1576,47196.47,392.00,204.00
1576,1577,4950.55,189.00,42.00
1577,1578,3200.36,131.00,40.00
1578,1579,5885.31,103.00,85.00
1579,1580,1233.67,69.00,28.00
1580,1581,866.83,46.00,26.00
1581,1582,4922.35,150.00,54.00
1582,1583,3458.62,203.00,48.00
1583,1584,8937.21,210.00,64.00
1584,1585,9063.83,193.00,99.00
1585,1586,1460.51,58.00,35.00
1586,1587,989.59,50.00,25.00
1587,1588,867.17,42.00,25.00
1588,1589,2359.26,75.00,40.00
1589,1590,4002.44,83.00,72.00
1590,1591,3274.39,97.00,48.00
1591,1592,3769.00,89.00,54.00
1592,1593,3097.60,83.00,50.00
1593,1594,2822.23,69.00,49.00
1594,1595,1905.93,75.00,34.00
1595,1596,1230.55,66.00,26.00
1596,1597,2497.53,84.00,37.00
1597,1598,4330.03,131.00,50.00
1598,1599,2385.08,79.00,40.00
1599,1600,3141.44,103.00,43.00
1600,1601,3520.32,98.00,49.00
1601,1602,4102.19,135.00,45.00
1602,1603,3355.70,105.00,47.00
1603,1604,2460.82,72.00,46.00
1604,1605,1305.35,60.00,29.00
1605,1606,2169.43,95.00,35.00
1606,1607,1779.19,86.00,27.00
1607,1608,3349.39,91.00,55.00
1608,1609,2688.10,93.00,38.00
1609,1610,1964.21,65.00,48.00
1610,1611,2788.19,78.00,55.00
1611,1612,2827.02,74.00,52.00
1612,1613,1558.52,78.00,27.00
1613,1614,1369.08,55.00,32.00
1614,1615,986.41,47.00,26.00
1615,1616,1018.56,52.00,25.00
1616,1617,2551.84,96.00,36.00
1617,1618,4416.34,127.00,49.00
1618,1619,2682.09,80.00,44.00
1619,1620,1955.78,53.00,48.00
1620,1621,4246.53,104.00,53.00
1621,1622,4550.12,87.00,66.00
1622,1623,1524.86,113.00,24.00
1623,1624,4111.91,126.00,55.00
1624,1625,1486.80,61.00,44.00
1625,1626,2823.63,83.00,59.00
1626,1627,4653.06,147.00,50.00
1627,1628,907.89,50.00,22.00
1628,1629,2275.90,62.00,53.00
1629,1630,1445.79,60.00,35.00
1630,1631,1759.15,73.00,35.00
1631,1632,1404.86,75.00,27.00
1632,1633,1194.63,65.00,36.00
1633,1634,885.61,45.00,27.00
1634,1635,657.05,41.00,23.00
1635,1636,2482.76,68.00,50.00
1636,1637,2101.33,131.00,32.00
1637,1638,8328.73,158.00,71.00
1638,1639,1464.22,60.00,33.00
1639,1640,4660.78,87.00,79.00
1640,1641,1833.46,103.00,36.00
1641,1642,1434.43,62.00,34.00
1642,1643,1908.23,83.00,34.00
1643,1644,2498.36,99.00,46.00
1644,1645,2164.59,80.00,44.00
1645,1646,1645.77,78.00,32.00
1646,1647,7013.89,119.00,98.00
1647,1648,2653.20,95.00,50.00
1648,1649,2501.89,67.00,58.00
1649,1650,1426.03,64.00,31.00
1650,1651,5122.35,130.00,56.00
1651,1652,2245.25,95.00,35.00
1652,1653,3004.91,77.00,67.00
1653,1654,4868.86,129.00,58.00
1654,1655,4922.41,116.00,69.00
1655,1656,1632.61,57.00,40.00
1656,1657,3125.89,91.00,48.00
1657,1658,3700.20,138.00,51.00
1658,1659,1471.86,89.00,32.00
1659,1660,4485.15,204.00,34.00
1660,1661,11840.75,270.00,84.00
1661,1662,2260.13,100.00,32.00
1662,1663,6942.87,189.00,69.00
1663,1664,12564.75,198.00,91.00
1664,1665,2707.61,100.00,36.00
1665,1666,1139.50,65.00,24.00
1666,1667,2686.66,60.00,59.00
1667,1668,9497.52,192.00,88.00
1668,1669,6806.14,205.00,63.00
1669,1670,1359.47,76.00,35.00
1670,1671,2077.53,100.00,43.00
1671,1672,2792.64,123.00,37.00
1672,1673,3824.76,134.00,46.00
1673,1674,9692.43,173.00,84.00
1674,1675,2364.96,113.00,38.00
1675,1676,8626.04,275.00,60.00
1676,1677,4162.12,121.00,60.00
1677,1678,1092.20,70.00,22.00
1678,1679,5706.71,161.00,59.00
1679,1680,5735.97,155.00,55.00
1680,1681,3443.95,89.00,54.00
1681,1682,12646.06,342.00,73.00
1682,1683,2778.65,85.00,48.00
1683,1684,4081.71,133.00,44.00
1684,1685,2490.53,131.00,30.00
1685,1686,4809.56,222.00,42.00
1686,1687,2003.89,79.00,37.00
1687,1688,6814.56,168.00,64.00
1688,1689,6662.40,218.00,52.00
1689,1690,5875.29,123.00,66.00
1690,1691,7158.48,137.00,83.00
1691,1692,4983.82,189.00,58.00
1692,1693,3859.70,171.00,45.00
1693,1694,3572.35,152.00,44.00
1694,1695,2644.91,90.00,42.00
1695,1696,2088.45,132.00,32.00
1696,1697,11139.02,554.00,63.00
1697,1698,2718.33,78.00,68.00
1698,1699,3960.36,109.00,69.00
1699,1700,8342.45,172.00,67.00
1700,1701,7640.80,231.00,90.00
1701,1702,6256.54,242.00,80.00
1702,1703,4890.39,144.00,63.00
1703,1704,2006.35,56.00,50.00
1704,1705,2586.16,78.00,47.00
1705,1706,1370.07,79.00,24.00
1706,1707,1892.36,94.00,33.00
1707,1708,1637.01,89.00,26.00
1708,1709,5591.14,114.00,90.00
1709,1710,1858.85,74.00,43.00
1710,1711,919.33,44.00,31.00
1711,1712,1359.37,69.00,26.00
1712,1713,4022.88,121.00,48.00
1713,1714,2387.06,77.00,42.00
1714,1715,802.92,32.00,32.00
1715,1716,4238.62,166.00,42.00
1716,1717,1860.64,73.00,46.00
1717,1718,22177.90,330.00,131.00
1718,1719,3625.34,115.00,64.00
1719,1720,2291.38,75.00,40.00
1720,1721,1771.43,77.00,39.00
1721,1722,3993.71,89.00,73.00
1722,1723,3247.77,91.00,48.00
1723,1724,9154.26,167.00,91.00
1724,1725,5891.18,131.00,60.00
1725,1726,1751.28,89.00,33.00
1726,1727,12131.74,313.00,109.00
1727,1728,17493.84,219.00,120.00
1728,1729,689.54,50.00,21.00
1729,1730,1108.14,79.00,22.00
1730,1731,1205.44,64.00,30.00
1731,1732,5006.13,191.00,39.00
1732,1733,1916.49,88.00,33.00
1733,1734,5860.66,296.00,30.00
1734,1735,4389.17,143.00,43.00
1735,1736,3021.04,111.00,40.00
1736,1737,3995.48,133.00,42.00
1737,1738,4014.28,111.00,52.00
1738,1739,6031.98,174.00,69.00
1739,1740,8744.44,109.00,100.00
1740,1741,2719.94,109.00,40.00
1741,1742,567.23,49.00,17.00
1742,1743,5207.05,111.00,78.00
1743,1744,5686.66,172.00,62.00
1744,1745,5953.06,180.00,62.00
1745,1746,7385.57,227.00,59.00
1746,1747,1619.10,76.00,30.00
1747,1748,2106.15,54.00,50.00
1748,1749,1454.75,62.00,31.00
1749,1750,3495.60,127.00,63.00
1750,1751,3340.65,129.00,37.00
1751,1752,2236.24,87.00,44.00
1752,1753,2159.45,58.00,53.00
1753,1754,1224.45,61.00,30.00
1754,1755,2487.17,93.00,35.00
1755,1756,4153.47,105.00,60.00
1756,1757,20970.03,202.00,131.00
1757,1758,1141.14,51.00,31.00
1758,1759,888.17,48.00,25.00
1759,1760,1882.93,56.00,43.00
1760,1761,2411.53,94.00,37.00
1761,1762,708.32,34.00,28.00
1762,1763,3516.65,70.00,63.00
1763,1764,2952.88,94.00,58.00
1764,1765,2349.65,105.00,34.00
1765,1766,1640.24,57.00,37.00
1766,1767,2822.17,88.00,52.00
1767,1768,5828.31,133.00,80.00
1768,1769,3101.71,129.00,33.00
1769,1770,3377.80,91.00,54.00
1770,1771,21988.50,327.00,108.00
1771,1772,33074.36,380.00,131.00
1772,1773,17753.55,251.00,97.00
1773,1774,1312.26,65.00,33.00
1774,1775,2245.66,72.00,43.00
1775,1776,4518.03,163.00,42.00
1776,1777,12656.15,256.00,71.00
1777,1778,4065.26,148.00,54.00
1778,1779,4738.82,146.00,53.00
1779,1780,4280.26,116.00,49.00
1780,1781,4229.27,145.00,43.00
1781,1782,11507.85,278.00,86.00
1782,1783,5743.26,165.00,57.00
1783,1784,5741.88,255.00,51.00
1784,1785,6501.71,194.00,63.00
1785,1786,9999.99,174.00,86.00
1786,1787,3821.28,113.00,45.00
1787,1788,1591.28,55.00,40.00
1788,1789,5053.58,142.00,46.00
1789,1790,4527.89,124.00,52.00
1790,1791,3266.53,99.00,49.00
1791,1792,12788.95,221.00,87.00
1792,1793,15206.33,287.00,93.00
1793,1794,14507.35,204.00,112.00
1794,1795,10843.90,203.00,85.00
1795,1796,2496.46,91.00,38.00
1796,1797,7011.67,243.00,42.00
1797,1798,11473.40,191.00,78.00
1798,1799,2590.61,158.00,26.00
1799,1800,1342.39,78.00,33.00
1800,1801,10311.51,185.00,83.00
1801,1802,9020.18,164.00,84.00
1802,1803,10219.94,197.00,76.00
1803,1804,1860.84,106.00,29.00
1804,1805,9525.97,182.00,68.00
1805,1806,1417.96,86.00,30.00
1806,1807,766.39,45.00,21.00
1807,1808,1400.55,61.00,37.00
1808,1809,1186.43,49.00,29.00
1809,1810,732.02,46.00,20.00
1810,1811,1461.54,58.00,31.00
1811,1812,3332.40,118.00,37.00
1812,1813,1968.19,85.00,31.00
1813,1814,880.27,71.00,17.00
1814,1815,2653.65,90.00,47.00
1815,1816,4587.71,108.00,58.00
1816,1817,3141.60,124.00,33.00
1817,1818,3520.69,153.00,42.00
1818,1819,1837.63,95.00,28.00
1819,1820,1688.27,101.00,22.00
1820,1821,2438.54,101.00,33.00
1821,1822,1611.54,71.00,32.00
1822,1823,2200.61,90.00,34.00
1823,1824,954.36,50.00,25.00
1824,1825,1469.23,72.00,31.00
1825,1826,1243.60,45.00,37.00
1826,1827,12310.72,204.00,91.00
1827,1828,2458.97,84.00,51.00
1828,1829,1265.05,65.00,27.00
1829,1830,1103.42,63.00,26.00
1830,1831,3637.54,145.00,45.00
1831,1832,1957.82,69.00,40.00
1832,1833,1018.23,57.00,28.00
1833,1834,1006.20,53.00,26.00
1834,1835,4009.59,111.00,47.00
1835,1836,2344.42,65.00,53.00
1836,1837,2600.44,87.00,38.00
1837,1838,3125.31,90.00,50.00
1838,1839,3049.21,72.00,71.00
1839,1840,2113.15,85.00,36.00
1840,1841,2248.44,68.00,48.00
1841,1842,7150.49,108.00,88.00
1842,1843,2707.68,107.00,33.00
1843,1844,3444.99,91.00,54.00
1844,1845,2354.46,79.00,42.00
1845,1846,2598.24,86.00,45.00
1846,1847,2258.36,77.00,40.00
1847,1848,3155.51,69.00,60.00
1848,1849,2000.32,81.00,36.00
1849,1850,1657.72,60.00,36.00
1850,1851,1437.70,53.00,37.00
1851,1852,3116.32,105.00,52.00
1852,1853,2518.91,91.00,39.00
1853,1854,2066.02,101.00,34.00
1854,1855,3440.85,90.00,52.00
1855,1856,1475.37,53.00,37.00
1856,1857,2305.62,94.00,35.00
1857,1858,1509.57,63.00,31.00
1858,1859,2403.35,112.00,38.00
1859,1860,1650.28,73.00,32.00
1860,1861,2213.97,67.00,43.00
1861,1862,2627.05,108.00,34.00
1862,1863,1120.79,62.00,27.00
1863,1864,2094.24,85.00,34.00
1864,1865,1560.06,73.00,26.00
1865,1866,1100.18,60.00,24.00
1866,1867,2113.08,84.00,43.00
1867,1868,3958.41,114.00,47.00
1868,1869,9980.10,310.00,75.00
1869,1870,1796.67,112.00,27.00
1870,1871,4609.02,92.00,78.00
1871,1872,5315.64,154.00,53.00
1872,1873,3924.08,132.00,52.00
1873,1874,1432.83,69.00,31.00
1874,1875,3885.98,130.00,51.00
1875,1876,1223.37,54.00,26.00
1876,1877,4268.84,134.00,49.00
1877,1878,1471.83,69.00,29.00
1878,1879,1790.10,81.00,37.00
1879,1880,1856.62,66.00,36.00
1880,1881,1477.32,43.00,43.00
1881,1882,2599.37,118.00,39.00
1882,1883,1394.67,68.00,31.00
1883,1884,1169.69,56.00,28.00
1884,1885,6520.39,105.00,80.00
1885,1886,5075.97,119.00,59.00
1886,1887,3470.16,175.00,40.00
1887,1888,4413.99,86.00,77.00
1888,1889,3527.24,101.00,53.00
1889,1890,958.36,36.00,32.00
1890,1891,1156.78,60.00,24.00
1891,1892,6022.07,135.00,70.00
1892,1893,4296.43,126.00,50.00
1893,1894,9694.19,148.00,97.00
1894,1895,1319.67,45.00,38.00
1895,1896,1911.38,85.00,37.00
1896,1897,1491.95,71.00,30.00
1897,1898,606.85,40.00,20.00
1898,1899,1897.41,90.00,37.00
1899,1900,1153.44,77.00,25.00
1900,1901,3330.92,83.00,65.00
1901,1902,8046.79,157.00,79.00
1902,1903,12692.75,211.00,105.00
1903,1904,4320.21,115.00,51.00
1904,1905,2656.57,128.00,37.00
1905,1906,2108.81,85.00,34.00
1906,1907,32622.21,383.00,148.00
1907,1908,3911.79,75.00,65.00
1908,1909,6021.80,151.00,71.00
1909,1910,1784.60,86.00,31.00
1910,1911,2161.14,87.00,33.00
1911,1912,3164.40,105.00,47.00
1912,1913,4647.86,115.00,67.00
1913,1914,3921.14,167.00,39.00
1914,1915,13332.36,205.00,84.00
1915,1916,2501.10,106.00,35.00
1916,1917,5135.47,206.00,46.00
1917,1918,9474.71,186.00,82.00
1918,1919,8118.21,204.00,76.00
1919,1920,9756.87,149.00,92.00
1920,1921,1929.02,63.00,42.00
1921,1922,1153.02,49.00,32.00
1922,1923,5643.66,117.00,74.00
1923,1924,4690.32,128.00,51.00
1924,1925,2965.16,86.00,49.00
1925,1926,2270.05,78.00,36.00
1926,1927,19566.37,198.00,157.00
1927,1928,11683.74,224.00,79.00
1928,1929,11082.19,334.00,52.00
1929,1930,20928.97,283.00,124.00
1930,1931,4572.15,97.00,62.00
1931,1932,621.32,56.00,20.00
1932,1933,4226.44,93.00,61.00
1933,1934,5945.33,181.00,62.00
1934,1935,1563.12,92.00,33.00
1935,1936,9388.03,183.00,67.00
1936,1937,8098.28,211.00,70.00
1937,1938,3405.76,125.00,43.00
1938,1939,2988.45,115.00,35.00
1939,1940,940.67,68.00,24.00
1940,1941,6576.28,114.00,95.00
1941,1942,5309.81,143.00,54.00
1942,1943,8913.87,202.00,60.00
1943,1944,5231.75,158.00,53.00
1944,1945,1502.13,74.00,31.00
1945,1946,2921.98,110.00,44.00
1946,1947,5895.13,147.00,70.00
1947,1948,6994.26,144.00,71.00
1948,1949,10126.76,177.00,92.00
1949,1950,3001.77,73.00,53.00
1950,1951,2366.92,85.00,35.00
1951,1952,746.70,46.00,21.00
1952,1953,1958.03,108.00,31.00
1953,1954,1781.51,77.00,32.00
1954,1955,4125.42,103.00,56.00
1955,1956,4103.90,99.00,66.00
1956,1957,6240.02,159.00,67.00
1957,1958,4569.48,143.00,54.00
1958,1959,1600.98,91.00,27.00
1959,1960,1477.27,49.00,44.00
1960,1961,2153.22,71.00,35.00
1961,1962,3662.24,121.00,40.00
1962,1963,7509.90,210.00,56.00
1963,1964,4102.57,170.00,45.00
1964,1965,2517.74,79.00,42.00
1965,1966,2533.76,89.00,38.00
1966,1967,4134.39,105.00,55.00
1967,1968,7212.62,136.00,83.00
1968,1969,5177.56,113.00,59.00
1969,1970,3688.50,78.00,65.00
1970,1971,6984.80,180.00,59.00
1971,1972,9150.19,203.00,62.00
1972,1973,12101.47,258.00,70.00
1973,1974,6070.20,139.00,67.00
1974,1975,4441.64,140.00,42.00
1975,1976,2812.55,116.00,35.00
1976,1977,6590.46,167.00,57.00
1977,1978,2884.11,101.00,38.00
1978,1979,2153.12,81.00,37.00
1979,1980,2342.74,82.00,42.00
1980,1981,3107.09,90.00,45.00
1981,1982,2413.95,96.00,36.00
1982,1983,2067.45,86.00,41.00
1983,1984,4613.23,193.00,43.00
1984,1985,10774.34,222.00,79.00
1985,1986,3327.71,89.00,57.00
1986,1987,15106.55,285.00,84.00
1987,1988,9874.83,204.00,75.00
1988,1989,14262.48,198.00,119.00
1989,1990,11134.15,229.00,82.00
1990,1991,3876.01,136.00,55.00
1991,1992,82801.63,464.00,296.00
1992,1993,34996.69,364.00,152.00
1993,1994,4006.13,105.00,53.00
1994,1995,3629.01,98.00,54.00
1995,1996,2872.19,69.00,63.00
1996,1997,14916.13,209.00,108.00
1997,1998,2829.43,64.00,57.00
1998,1999,808.19,42.00,23.00
1999,2000,2398.49,102.00,40.00
2000,2001,1121.51,55.00,26.00
2001,2002,4304.64,182.00,52.00
2002,2003,1373.74,50.00,37.00
2003,2004,5032.82,132.00,61.00
2004,2005,5255.08,151.00,51.00
2005,2006,2126.94,79.00,39.00
2006,2007,8432.22,165.00,73.00
2007,2008,11466.10,231.00,74.00
2008,2009,2601.40,83.00,40.00
2009,2010,4037.44,112.00,52.00
2010,2011,1321.08,52.00,39.00
2011,2012,1707.84,98.00,25.00
2012,2013,2496.69,214.00,45.00
2013,2014,1563.49,99.00,26.00
2014,2015,1592.63,80.00,35.00
2015,2016,7492.12,182.00,56.00
2016,2017,2373.97,97.00,42.00
2017,2018,19844.65,360.00,137.00
2018,2019,8072.26,255.00,69.00
2019,2020,2436.79,92.00,33.00
2020,2021,9735.60,218.00,84.00
2021,2022,4004.39,133.00,44.00
2022,2023,4862.86,145.00,48.00
2023,2024,3163.12,91.00,53.00
2024,2025,4871.56,230.00,65.00
2025,2026,4650.19,145.00,48.00
2026,2027,3542.80,119.00,46.00
2027,2028,3220.40,93.00,54.00
2028,2029,5728.11,121.00,71.00
2029,2030,7655.05,190.00,89.00
2030,2031,3708.23,129.00,47.00
2031,2032,2350.78,86.00,38.00
2032,2033,8784.81,173.00,83.00
2033,2034,1923.02,81.00,35.00
2034,2035,5914.18,154.00,60.00
2035,2036,2878.01,98.00,44.00
2036,2037,12620.32,219.00,90.00
2037,2038,19763.07,375.00,92.00
2038,2039,3162.06,108.00,53.00
2039,2040,4597.70,173.00,48.00
2040,2041,3256.14,131.00,34.00
2041,2042,6251.30,129.00,71.00
2042,2043,2472.07,77.00,46.00
2043,2044,9548.34,191.00,76.00
2044,2045,2426.32,86.00,41.00
2045,2046,6478.87,122.00,83.00
2046,2047,2284.15,85.00,42.00
2047,2048,895.67,65.00,21.00
2048,2049,10267.58,206.00,103.00
2049,2050,4353.72,143.00,49.00
2050,2051,2378.45,81.00,40.00
2051,2052,7285.95,182.00,62.00
2052,2053,6963.75,154.00,88.00
2053,2054,5596.66,97.00,79.00
2054,2055,2800.89,81.00,48.00
2055,2056,2599.16,72.00,50.00
2056,2057,4830.92,149.00,60.00
2057,2058,5074.06,115.00,58.00
2058,2059,1200.45,70.00,28.00
2059,2060,5718.36,210.00,55.00
2060,2061,4374.43,211.00,46.00
2061,2062,3167.50,88.00,52.00
2062,2063,3254.76,146.00,36.00
2063,2064,2763.59,98.00,45.00
2064,2065,641.01,43.00,24.00
2065,2066,7329.32,145.00,85.00
2066,2067,4260.42,126.00,44.00
2067,2068,2149.33,97.00,33.00
2068,2069,2292.53,81.00,39.00
2069,2070,1333.65,56.00,32.00
2070,2071,4002.87,120.00,53.00
2071,2072,13153.77,375.00,77.00
2072,2073,3572.69,101.00,48.00
2073,2074,5382.42,247.00,39.00
2074,2075,2202.80,86.00,43.00
2075,2076,20962.42,296.00,105.00
2076,2077,6315.47,132.00,69.00
2077,2078,3696.15,118.00,49.00
2078,2079,2978.26,156.00,36.00
2079,2080,3183.35,133.00,40.00
2080,2081,2750.44,83.00,46.00
2081,2082,2267.44,98.00,39.00
2082,2083,3229.96,187.00,41.00
2083,2084,833.60,51.00,24.00
2084,2085,1050.81,53.00,29.00
2085,2086,6093.33,208.00,49.00
2086,2087,5648.65,204.00,60.00
2087,2088,6368.88,215.00,60.00
2088,2089,3332.80,115.00,38.00
2089,2090,3611.90,112.00,53.00
2090,2091,3629.04,123.00,41.00
2091,2092,6474.30,243.00,63.00
2092,2093,4244.03,149.00,41.00
2093,2094,1921.12,81.00,38.00
2094,2095,746.70,43.00,25.00
2095,2096,8530.94,225.00,72.00
2096,2097,3117.68,84.00,48.00
2097,2098,2605.91,98.00,35.00
2098,2099,4087.11,147.00,43.00
2099,2100,758.15,47.00,22.00
2100,2101,4949.44,199.00,45.00
2101,2102,5947.07,189.00,58.00
2102,2103,3807.22,91.00,58.00
2103,2104,4385.01,158.00,43.00
2104,2105,14950.92,291.00,71.00
2105,2106,11860.87,286.00,61.00
2106,2107,6447.75,223.00,55.00
2107,2108,2499.71,105.00,36.00
2108,2109,1446.40,83.00,25.00
2109,2110,2890.46,112.00,33.00
2110,2111,1970.97,64.00,40.00
2111,2112,4909.22,177.00,46.00
2112,2113,13846.66,273.00,77.00
2113,2114,9198.46,345.00,58.00
2114,2115,1414.21,78.00,29.00
2115,2116,8158.14,167.00,69.00
2116,2117,8887.18,175.00,78.00
2117,2118,3156.50,125.00,48.00
2118,2119,15480.73,216.00,102.00
2119,2120,6117.79,172.00,64.00
2120,2121,6579.50,181.00,63.00
2121,2122,3481.74,114.00,41.00
2122,2123,8948.79,180.00,87.00
2123,2124,1966.64,109.00,30.00
2124,2125,1176.71,64.00,25.00
2125,2126,1672.26,94.00,34.00
2126,2127,5859.16,160.00,50.00
2127,2128,2698.72,110.00,34.00
2128,2129,811.49,72.00,18.00
2129,2130,8923.79,158.00,90.00
2130,2131,5540.90,198.00,45.00
2131,2132,1588.65,80.00,37.00
2132,2133,4036.71,159.00,55.00
2133,2134,1153.49,64.00,27.00
2134,2135,12267.65,232.00,95.00
2135,2136,49909.74,407.00,232.00
2136,2137,6197.72,188.00,47.00
2137,2138,3332.35,125.00,39.00
2138,2139,6657.11,121.00,80.00
2139,2140,4219.97,144.00,40.00
2140,2141,2383.58,83.00,40.00
2141,2142,6670.30,166.00,54.00
2142,2143,1923.59,89.00,39.00
2143,2144,4650.61,206.00,63.00
2144,2145,4352.74,231.00,39.00
2145,2146,27582.84,375.00,114.00
2146,2147,2412.53,89.00,34.00
2147,2148,3281.11,106.00,43.00
2148,2149,5713.74,214.00,53.00
2149,2150,5500.75,222.00,41.00
2150,2151,2616.01,133.00,37.00
2151,2152,3058.91,139.00,33.00
2152,2153,6784.77,210.00,72.00
2153,2154,11704.02,194.00,104.00
2154,2155,2665.52,74.00,65.00
2155,2156,9518.11,199.00,80.00
2156,2157,4840.37,127.00,56.00
2157,2158,2557.75,68.00,55.00
2158,2159,10599.20,211.00,81.00
2159,2160,4911.01,134.00,52.00
2160,2161,22227.62,306.00,115.00
2161,2162,8221.36,200.00,58.00
2162,2163,13027.83,264.00,77.00
2163,2164,23526.17,325.00,117.00
2164,2165,4544.41,152.00,57.00
2165,2166,4159.57,129.00,46.00
2166,2167,3908.70,117.00,51.00
2167,2168,31074.31,394.00,116.00
2168,2169,7368.90,193.00,57.00
2169,2170,12987.20,299.00,85.00
2170,2171,26339.71,351.00,129.00
2171,2172,7279.71,194.00,53.00
2172,2173,12243.85,198.00,96.00
2173,2174,6408.18,163.00,49.00
2174,2175,18903.15,403.00,70.00
2175,2176,2558.83,84.00,44.00
2176,2177,2420.35,100.00,39.00
2177,2178,5411.53,122.00,78.00
2178,2179,4108.39,123.00,47.00
2179,2180,9832.60,229.00,60.00
2180,2181,10812.39,270.00,87.00
2181,2182,5648.08,154.00,57.00
2182,2183,11413.29,225.00,69.00
2183,2184,25903.63,361.00,129.00
2184,2185,29757.59,407.00,110.00
2185,2186,13740.63,267.00,76.00
2186,2187,34723.66,449.00,149.00
2187,2188,2100.64,92.00,41.00
2188,2189,5416.11,126.00,74.00
2189,2190,2971.84,81.00,56.00
2190,2191,3665.85,90.00,67.00
2191,2192,2550.92,141.00,32.00
2192,2193,5299.19,160.00,65.00
2193,2194,7272.49,162.00,70.00
2194,2195,7054.34,142.00,64.00
2195,2196,4473.98,129.00,51.00
2196,2197,2201.08,81.00,37.00
2197,2198,1604.48,79.00,31.00
2198,2199,4945.81,97.00,71.00
2199,2200,18089.90,286.00,131.00
2200,2201,2582.34,115.00,33.00
2201,2202,3213.54,94.00,49.00
2202,2203,2999.42,79.00,50.00
2203,2204,1820.69,78.00,30.00
2204,2205,2012.23,60.00,41.00
2205,2206,4902.72,224.00,41.00
2206,2207,3168.90,130.00,35.00
2207,2208,5133.65,155.00,64.00
2208,2209,3379.54,100.00,51.00
2209,2210,4916.16,161.00,58.00
2210,2211,4365.72,160.00,44.00
2211,2212,5113.77,163.00,48.00
2212,2213,36732.64,452.00,111.00
2213,2214,12997.58,153.00,139.00
2214,2215,5431.53,145.00,53.00
2215,2216,2909.21,107.00,39.00
2216,2217,1811.35,62.00,37.00
2217,2218,10382.11,292.00,100.00
2218,2219,7820.19,150.00,79.00
2219,2220,1238.91,53.00,28.00
2220,2221,7215.51,109.00,84.00
2221,2222,3994.19,133.00,43.00
2222,2223,9507.70,136.00,97.00
2223,2224,6020.11,171.00,56.00
2224,2225,776.43,44.00,24.00
2225,2226,1360.94,52.00,33.00
2226,2227,1075.24,52.00,26.00
2227,2228,1018.99,44.00,29.00
2228,2229,1460.35,79.00,28.00
2229,2230,1265.28,57.00,27.00
2230,2231,1591.87,91.00,28.00
2231,2232,2124.45,96.00,33.00
2232,2233,1358.69,50.00,36.00
2233,2234,844.22,54.00,21.00
2234,2235,1262.14,54.00,29.00
2235,2236,2506.03,136.00,28.00
2236,2237,2282.10,82.00,45.00
2237,2238,1930.50,65.00,39.00
2238,2239,1385.92,56.00,32.00
2239,2240,869.09,38.00,28.00
2240,2241,2732.55,79.00,50.00
2241,2242,2179.57,87.00,38.00
2242,2243,1528.33,81.00,31.00
2243,2244,2682.98,111.00,34.00
2244,2245,4905.48,183.00,50.00
2245,2246,4396.67,152.00,57.00
2246,2247,1825.13,88.00,38.00
2247,2248,1501.02,75.00,25.00
2248,2249,1391.57,59.00,30.00
2249,2250,8710.81,213.00,65.00
2250,2251,3873.78,156.00,37.00
2251,2252,9147.40,264.00,57.00
2252,2253,6530.23,217.00,48.00
2253,2254,4334.88,130.00,56.00
2254,2255,4101.10,165.00,47.00
2255,2256,4703.17,187.00,44.00
2256,2257,3485.52,142.00,37.00
2257,2258,1902.06,100.00,28.00
2258,2259,3932.69,126.00,52.00
2259,2260,4621.71,104.00,57.00
2260,2261,5351.12,126.00,53.00
2261,2262,4091.73,124.00,46.00
2262,2263,11774.12,236.00,77.00
2263,2264,9761.85,219.00,64.00
2264,2265,4064.40,165.00,40.00
2265,2266,2575.33,127.00,37.00
2266,2267,3091.89,122.00,39.00
2267,2268,10795.94,257.00,61.00
2268,2269,4859.11,167.00,60.00
2269,2270,24730.31,376.00,108.00
2270,2271,5274.74,191.00,45.00
2271,2272,7738.87,217.00,61.00
2272,2273,1838.34,85.00,38.00
2273,2274,3904.85,193.00,36.00
2274,2275,4305.76,127.00,48.00
2275,2276,5630.20,88.00,88.00
2276,2277,3080.49,107.00,38.00
2277,2278,3107.28,147.00,40.00
2278,2279,4524.96,186.00,44.00
2279,2280,11050.35,217.00,77.00
2280,2281,8579.14,155.00,88.00
2281,2282,3305.80,109.00,39.00
2282,2283,3439.40,129.00,59.00
2283,2284,12386.37,396.00,66.00
2284,2285,5483.56,198.00,58.00
2285,2286,2425.19,100.00,42.00
2286,2287,5329.28,136.00,68.00
2287,2288,2771.76,138.00,37.00
2288,2289,1033.87,48.00,26.00
2289,2290,2746.68,97.00,49.00
2290,2291,4829.21,134.00,53.00
2291,2292,1799.86,84.00,36.00
2292,2293,3465.79,141.00,42.00
2293,2294,3584.61,111.00,40.00
2294,2295,3215.16,110.00,42.00
2295,2296,4171.89,162.00,53.00
2296,2297,810.16,38.00,26.00
2297,2298,4535.01,133.00,58.00
2298,2299,4410.88,120.00,50.00
2299,2300,3634.29,138.00,42.00
2300,2301,2212.48,78.00,37.00
2301,2302,2318.24,71.00,42.00
2302,2303,3315.68,127.00,40.00
2303,2304,7614.17,155.00,74.00
2304,2305,1542.09,93.00,27.00
2305,2306,855.75,55.00,21.00
2306,2307,4450.11,160.00,40.00
2307,2308,4716.51,106.00,62.00
2308,2309,3049.56,80.00,55.00
2309,2310,2853.34,82.00,51.00
2310,2311,3280.40,92.00,50.00
2311,2312,2257.00,76.00,43.00
2312,2313,16467.80,217.00,107.00
2313,2314,13580.27,338.00,65.00
2314,2315,1576.80,54.00,51.00
2315,2316,3370.96,138.00,39.00
2316,2317,1331.05,62.00,28.00
2317,2318,37501.01,334.00,195.00
2318,2319,4243.71,87.00,64.00
2319,2320,1590.09,64.00,31.00
2320,2321,1988.03,73.00,43.00
2321,2322,2198.28,87.00,45.00
2322,2323,3745.30,124.00,42.00
2323,2324,7690.90,139.00,81.00
2324,2325,1756.23,55.00,49.00
2325,2326,3401.54,102.00,45.00
2326,2327,3092.75,70.00,57.00
2327,2328,9303.39,171.00,74.00
2328,2329,16593.42,202.00,116.00
2329,2330,2514.05,95.00,36.00
2330,2331,2105.63,79.00,37.00
2331,2332,1487.75,46.00,39.00
2332,2333,1690.25,63.00,36.00
2333,2334,1708.41,105.00,26.00
2334,2335,1455.07,57.00,35.00
2335,2336,1782.78,78.00,40.00
2336,2337,728.54,52.00,19.00
2337,2338,3416.68,116.00,43.00
2338,2339,1009.07,51.00,24.00
2339,2340,2144.96,76.00,39.00
2340,2341,780.14,52.00,24.00
2341,2342,2386.31,78.00,42.00
2342,2343,1510.30,61.00,34.00
2343,2344,1152.42,39.00,38.00
2344,2345,871.32,44.00,25.00
2345,2346,4379.65,124.00,45.00
2346,2347,1940.92,65.00,41.00
2347,2348,2081.81,90.00,42.00
2348,2349,1154.88,56.00,34.00
2349,2350,1134.00,55.00,28.00
2350,2351,1614.81,98.00,29.00
2351,2352,1206.50,44.00,34.00
2352,2353,741.26,33.00,32.00
2353,2354,1440.82,60.00,34.00
2354,2355,2194.06,97.00,39.00
2355,2356,1067.84,68.00,23.00
2356,2357,910.10,52.00,23.00
2357,2358,1548.28,52.00,40.00
2358,2359,1643.95,68.00,31.00
2359,2360,1234.64,57.00,29.00
2360,2361,949.87,41.00,33.00
2361,2362,2946.00,74.00,51.00
2362,2363,803.23,33.00,31.00
2363,2364,1405.78,59.00,39.00
2364,2365,1446.43,68.00,30.00
2365,2366,2205.73,93.00,34.00
2366,2367,3654.89,117.00,45.00
2367,2368,1164.86,41.00,35.00
2368,2369,1198.99,76.00,25.00
2369,2370,1136.71,51.00,30.00
2370,2371,1355.23,64.00,30.00
2371,2372,727.29,46.00,23.00
2372,2373,1256.24,55.00,32.00
2373,2374,703.17,38.00,26.00
2374,2375,1143.61,63.00,24.00
2375,2376,2908.01,107.00,53.00
2376,2377,1458.52,63.00,32.00
2377,2378,1017.36,61.00,22.00
2378,2379,1187.83,52.00,31.00
2379,2380,1692.35,89.00,27.00
2380,2381,1324.19,60.00,29.00
2381,2382,1189.33,52.00,29.00
2382,2383,3526.79,107.00,43.00
2383,2384,2425.93,71.00,46.00
2384,2385,1693.76,58.00,41.00
2385,2386,2639.35,125.00,29.00
2386,2387,4639.51,126.00,50.00
2387,2388,1341.14,60.00,29.00
2388,2389,765.79,42.00,24.00
2389,2390,3033.47,97.00,60.00
2390,2391,12469.81,165.00,115.00
2391,2392,4222.31,106.00,52.00
2392,2393,2801.28,118.00,33.00
2393,2394,4000.44,187.00,42.00
2394,2395,2162.81,119.00,30.00
2395,2396,4217.84,154.00,51.00
2396,2397,3507.64,126.00,38.00
2397,2398,1243.91,55.00,30.00
2398,2399,1803.41,88.00,30.00
2399,2400,1827.26,74.00,32.00
2400,2401,1774.19,95.00,26.00
2401,2402,1465.64,70.00,28.00
2402,2403,2141.92,62.00,50.00
2403,2404,7395.05,156.00,70.00
2404,2405,1844.45,63.00,37.00
2405,2406,5212.62,200.00,45.00
2406,2407,5777.10,200.00,67.00
2407,2408,6505.79,211.00,60.00
2408,2409,1224.15,77.00,25.00
2409,2410,4727.91,119.00,53.00
2410,2411,6605.71,127.00,66.00
2411,2412,3851.93,115.00,42.00
2412,2413,653.75,34.00,24.00
2413,2414,2124.17,71.00,39.00
2414,2415,2583.14,113.00,40.00
2415,2416,1357.78,56.00,30.00
2416,2417,3868.53,151.00,41.00
2417,2418,3811.78,189.00,37.00
2418,2419,1061.20,48.00,28.00
2419,2420,4393.71,141.00,44.00
2420,2421,1616.88,57.00,36.00
2421,2422,2588.77,129.00,42.00
2422,2423,13012.63,307.00,113.00
2423,2424,2205.92,95.00,42.00
2424,2425,5191.57,97.00,75.00
2425,2426,11274.09,167.00,113.00
2426,2427,2558.22,134.00,37.00
2427,2428,4842.00,97.00,75.00
2428,2429,15543.85,247.00,150.00
2429,2430,4454.85,114.00,60.00
2430,2431,2392.92,121.00,40.00
2431,2432,1370.35,57.00,42.00
2432,2433,3058.07,148.00,33.00
2433,2434,3254.53,106.00,53.00
2434,2435,6587.68,168.00,68.00
2435,2436,3311.38,99.00,50.00
2436,2437,3242.66,136.00,54.00
2437,2438,2500.31,90.00,42.00
2438,2439,11495.72,296.00,111.00
2439,2440,1684.96,71.00,36.00
2440,2441,1485.98,44.00,41.00
2441,2442,814.52,40.00,26.00
2442,2443,4043.52,134.00,50.00
2443,2444,1464.06,75.00,33.00
2444,2445,4127.90,129.00,52.00
2445,2446,12614.25,341.00,90.00
2446,2447,4716.97,121.00,53.00
2447,2448,2563.87,69.00,63.00
2448,2449,1521.81,67.00,32.00
2449,2450,3517.06,88.00,57.00
2450,2451,3313.21,85.00,59.00
2451,2452,6822.04,232.00,66.00
2452,2453,7348.24,216.00,61.00
2453,2454,8660.10,239.00,67.00
2454,2455,8828.87,172.00,91.00
2455,2456,7603.43,128.00,82.00
2456,2457,3642.34,76.00,60.00
2457,2458,3544.38,100.00,43.00
2458,2459,2231.65,86.00,38.00
2459,2460,3200.69,69.00,66.00
2460,2461,2415.30,88.00,37.00
2461,2462,5056.16,121.00,56.00
2462,2463,2572.91,75.00,42.00
2463,2464,8228.67,161.00,79.00
2464,2465,2383.16,92.00,42.00
2465,2466,2307.47,107.00,30.00
2466,2467,1784.24,99.00,28.00
2467,2468,3083.53,138.00,38.00
2468,2469,1551.32,90.00,30.00
2469,2470,981.06,67.00,21.00
2470,2471,2480.74,92.00,37.00
2471,2472,16562.83,216.00,121.00
2472,2473,3128.90,189.00,39.00
2473,2474,3741.78,178.00,42.00
2474,2475,3415.61,124.00,47.00
2475,2476,6647.74,131.00,71.00
2476,2477,6564.40,306.00,54.00
2477,2478,1937.76,83.00,32.00
2478,2479,2099.95,112.00,35.00
2479,2480,2763.49,113.00,43.00
2480,2481,2306.95,99.00,33.00
2481,2482,5005.60,110.00,70.00
2482,2483,2482.98,144.00,37.00
2483,2484,3962.83,96.00,92.00
2484,2485,4532.16,90.00,79.00
2485,2486,1546.99,53.00,39.00
2486,2487,6121.29,167.00,101.00
2487,2488,1317.89,74.00,29.00
2488,2489,4117.14,139.00,52.00
2489,2490,1091.43,54.00,32.00
2490,2491,6652.69,223.00,70.00
2491,2492,4739.73,171.00,56.00
2492,2493,4993.67,143.00,76.00
2493,2494,1557.81,53.00,51.00
2494,2495,2632.80,89.00,45.00
2495,2496,1779.99,100.00,56.00
2496,2497,2012.31,55.00,48.00
2497,2498,1505.21,52.00,34.00
2498,2499,1680.87,92.00,30.00
2499,2500,1379.89,54.00,43.00
2500,2501,1670.79,68.00,36.00
2501,2502,1656.59,92.00,31.00
2502,2503,10029.35,247.00,66.00
2503,2504,5756.84,193.00,57.00
2504,2505,4316.79,123.00,79.00
2505,2506,1503.63,76.00,31.00
2506,2507,3879.45,122.00,77.00
2507,2508,1593.45,77.00,28.00
2508,2509,2663.30,100.00,44.00
2509,2510,2459.25,93.00,38.00
2510,2511,2195.89,89.00,38.00
2511,2512,1044.90,48.00,26.00
2512,2513,1315.28,64.00,32.00
2513,2514,1141.58,85.00,24.00
2514,2515,2509.98,91.00,39.00
2515,2516,5179.43,168.00,50.00
2516,2517,2199.77,109.00,28.00
2517,2518,1552.13,76.00,31.00
2518,2519,2517.51,121.00,33.00
2519,2520,5962.66,150.00,60.00
2520,2521,3283.11,100.00,57.00
2521,2522,1171.20,115.00,26.00
2522,2523,3672.45,109.00,45.00
2523,2524,1676.55,70.00,32.00
2524,2525,2019.45,53.00,46.00
2525,2526,3400.83,107.00,63.00
2526,2527,2970.45,93.00,37.00
2527,2528,3312.54,129.00,38.00
2528,2529,2867.36,93.00,44.00
2529,2530,2143.26,82.00,40.00
2530,2531,1519.32,60.00,33.00
2531,2532,1442.63,70.00,29.00
2532,2533,1642.59,80.00,35.00
2533,2534,4339.11,170.00,50.00
2534,2535,4271.27,119.00,48.00
2535,2536,1335.17,57.00,29.00
2536,2537,1013.86,63.00,24.00
2537,2538,1168.61,52.00,31.00
2538,2539,641.54,34.00,23.00
2539,2540,3290.08,83.00,53.00
2540,2541,5182.03,143.00,55.00
2541,2542,3380.26,106.00,49.00
2542,2543,814.22,47.00,23.00
2543,2544,684.49,31.00,27.00
2544,2545,5271.19,129.00,52.00
2545,2546,2265.27,88.00,34.00
2546,2547,1961.62,118.00,27.00
2547,2548,1727.26,46.00,46.00
2548,2549,3255.03,155.00,35.00
2549,2550,1243.51,49.00,33.00
2550,2551,4446.46,118.00,71.00
2551,2552,1171.32,44.00,34.00
2552,2553,1953.71,54.00,45.00
2553,2554,1828.85,85.00,33.00
2554,2555,3415.43,135.00,44.00
2555,2556,2684.29,97.00,43.00
2556,2557,1294.69,49.00,34.00
2557,2558,6079.79,125.00,64.00
2558,2559,16588.04,303.00,97.00
2559,2560,1067.89,58.00,27.00
2560,2561,646.41,31.00,25.00
2561,2562,4644.02,173.00,48.00
2562,2563,4177.99,197.00,44.00
2563,2564,2014.09,74.00,33.00
2564,2565,3083.30,90.00,67.00
2565,2566,3212.96,99.00,44.00
2566,2567,1708.40,90.00,38.00
2567,2568,1462.25,75.00,30.00
2568,2569,1336.59,62.00,30.00
2569,2570,3616.96,133.00,51.00
2570,2571,2700.25,71.00,53.00
2571,2572,6747.94,191.00,94.00
2572,2573,3069.03,148.00,39.00
2573,2574,1394.58,52.00,41.00
2574,2575,754.15,36.00,26.00
2575,2576,34937.56,385.00,174.00
2576,2577,2980.12,95.00,48.00
2577,2578,2333.00,57.00,55.00
2578,2579,2551.10,82.00,60.00
2579,2580,3696.84,103.00,72.00
2580,2581,4189.35,95.00,55.00
2581,2582,1198.43,51.00,32.00
2582,2583,1447.26,55.00,38.00
2583,2584,1619.32,72.00,30.00
2584,2585,2974.12,79.00,63.00
2585,2586,848.90,38.00,29.00
2586,2587,1498.77,53.00,36.00
2587,2588,1020.61,59.00,27.00
2588,2589,2943.09,87.00,53.00
2589,2590,604.50,40.00,20.00
2590,2591,1605.81,77.00,35.00
2591,2592,931.15,48.00,28.00
2592,2593,929.99,57.00,21.00
2593,2594,1153.74,58.00,29.00
2594,2595,14725.32,151.00,144.00
2595,2596,1424.30,63.00,31.00
2596,2597,2231.58,83.00,40.00
2597,2598,530.33,40.00,18.00
2598,2599,4212.81,92.00,79.00
2599,2600,992.36,55.00,32.00
2600,2601,773.23,37.00,28.00
2601,2602,5426.63,104.00,75.00
2602,2603,2319.96,72.00,48.00
2603,2604,8170.99,239.00,67.00
2604,2605,1965.60,75.00,37.00
2605,2606,1532.20,53.00,37.00
2606,2607,1119.94,49.00,30.00
2607,2608,1979.47,75.00,36.00
2608,2609,1912.66,71.00,35.00
2609,2610,2545.60,65.00,58.00
2610,2611,1020.28,45.00,35.00
2611,2612,1926.73,66.00,46.00
2612,2613,5026.08,88.00,86.00
2613,2614,2870.51,111.00,37.00
2614,2615,1744.33,94.00,28.00
2615,2616,801.93,45.00,25.00
2616,2617,522.53,43.00,18.00
2617,2618,1592.56,98.00,28.00
2618,2619,1040.06,65.00,28.00
2619,2620,3008.68,126.00,38.00
2620,2621,1544.26,91.00,30.00
2621,2622,1358.98,63.00,31.00
2622,2623,667.82,35.00,25.00
2623,2624,592.42,31.00,24.00
2624,2625,912.60,62.00,18.00
2625,2626,2709.44,97.00,42.00
2626,2627,3122.96,89.00,47.00
2627,2628,1051.48,68.00,28.00
2628,2629,1099.63,55.00,26.00
2629,2630,1067.32,44.00,39.00
2630,2631,1452.69,66.00,35.00
2631,2632,1724.17,76.00,32.00
2632,2633,3088.77,71.00,59.00
2633,2634,2131.44,81.00,44.00
2634,2635,1673.66,49.00,46.00
2635,2636,2263.19,86.00,38.00
2636,2637,2162.43,87.00,38.00
2637,2638,1169.50,65.00,27.00
2638,2639,2455.74,81.00,40.00
2639,2640,3107.37,163.00,45.00
2640,2641,1634.58,57.00,40.00
2641,2642,1164.41,57.00,33.00
2642,2643,1578.19,63.00,36.00
2643,2644,1508.55,59.00,32.00
2644,2645,16406.00,244.00,107.00
2645,2646,1248.24,48.00,32.00
2646,2647,1056.92,51.00,27.00
2647,2648,1460.23,73.00,28.00
2648,2649,1039.34,52.00,25.00
2649,2650,6149.10,229.00,51.00
2650,2651,1259.21,50.00,36.00
2651,2652,1430.56,65.00,32.00
2652,2653,1662.78,69.00,40.00
2653,2654,1353.09,71.00,28.00
2654,2655,1034.52,45.00,31.00
2655,2656,1415.14,54.00,34.00
2656,2657,1598.79,64.00,33.00
2657,2658,1381.12,70.00,27.00
2658,2659,2930.44,107.00,39.00
2659,2660,1554.08,67.00,30.00
2660,2661,1245.54,73.00,22.00
2661,2662,1696.71,91.00,27.00
2662,2663,494.00,42.00,19.00
2663,2664,951.37,56.00,29.00
2664,2665,715.47,46.00,22.00
2665,2666,1013.77,47.00,28.00
2666,2667,2512.10,88.00,50.00
2667,2668,1818.10,77.00,31.00
2668,2669,11266.24,168.00,105.00
2669,2670,2928.78,119.00,36.00
2670,2671,923.41,51.00,29.00
2671,2672,2092.60,58.00,49.00
2672,2673,2182.18,72.00,40.00
2673,2674,1164.67,60.00,26.00
2674,2675,1699.79,69.00,39.00
2675,2676,551.05,38.00,20.00
2676,2677,557.08,45.00,16.00
2677,2678,1240.15,53.00,29.00
2678,2679,2033.77,91.00,41.00
2679,2680,1303.13,48.00,36.00
2680,2681,1489.74,80.00,28.00
2681,2682,861.65,35.00,32.00
2682,2683,665.46,35.00,24.00
2683,2684,1109.01,41.00,32.00
2684,2685,1819.00,66.00,36.00
2685,2686,10761.75,161.00,95.00
2686,2687,1972.45,82.00,31.00
2687,2688,5986.80,111.00,73.00
2688,2689,1355.13,81.00,27.00
2689,2690,3658.53,83.00,67.00
2690,2691,7440.57,126.00,117.00
2691,2692,881.51,37.00,32.00
2692,2693,1017.67,50.00,26.00
2693,2694,1430.25,46.00,39.00
2694,2695,4145.23,111.00,59.00
2695,2696,3328.71,129.00,34.00
2696,2697,10149.70,158.00,136.00
2697,2698,5373.84,103.00,72.00
2698,2699,4357.64,95.00,61.00
2699,2700,2604.37,90.00,53.00
2700,2701,2223.84,68.00,43.00
2701,2702,1883.60,82.00,37.00
2702,2703,8184.67,174.00,80.00
2703,2704,4183.26,100.00,64.00
2704,2705,2268.70,72.00,41.00
2705,2706,1092.96,57.00,28.00
2706,2707,3633.69,139.00,39.00
2707,2708,1826.55,63.00,49.00
2708,2709,1140.10,57.00,29.00
2709,2710,6627.19,146.00,76.00
2710,2711,1324.52,60.00,30.00
2711,2712,1639.30,64.00,32.00
2712,2713,4512.92,140.00,52.00
2713,2714,4850.82,160.00,50.00
2714,2715,2358.34,71.00,47.00
2715,2716,943.40,51.00,28.00
2716,2717,6517.97,226.00,50.00
2717,2718,3130.45,97.00,46.00
2718,2719,3322.82,106.00,54.00
2719,2720,1971.30,72.00,36.00
2720,2721,4461.73,154.00,58.00
2721,2722,1154.97,88.00,23.00
2722,2723,4054.29,141.00,42.00
2723,2724,2634.44,124.00,34.00
2724,2725,3296.11,169.00,39.00
2725,2726,3369.14,81.00,62.00
2726,2727,1435.69,97.00,22.00
2727,2728,1296.79,79.00,30.00
2728,2729,910.38,70.00,23.00
2729,2730,2718.94,152.00,35.00
2730,2731,1339.63,60.00,26.00
2731,2732,1354.91,58.00,32.00
2732,2733,2738.89,107.00,34.00
2733,2734,3164.35,83.00,52.00
2734,2735,5123.82,170.00,53.00
2735,2736,4194.20,151.00,42.00
2736,2737,3202.41,109.00,40.00
2737,2738,2350.09,84.00,43.00
2738,2739,5178.27,108.00,63.00
2739,2740,2109.83,112.00,31.00
2740,2741,4513.28,162.00,42.00
2741,2742,2335.75,83.00,35.00
2742,2743,36798.58,644.00,119.00
2743,2744,1926.09,67.00,41.00
2744,2745,1810.03,61.00,36.00
2745,2746,1455.71,72.00,35.00
2746,2747,1336.43,53.00,31.00
2747,2748,1727.70,72.00,30.00
2748,2749,1836.51,110.00,26.00
2749,2750,1650.10,66.00,38.00
2750,2751,1086.73,52.00,30.00
2751,2752,753.87,37.00,24.00
2752,2753,952.87,35.00,34.00
2753,2754,1030.33,51.00,26.00
2754,2755,1004.32,94.00,31.00
2755,2756,999.36,53.00,25.00
2756,2757,1841.92,60.00,41.00
2757,2758,10899.86,188.00,85.00
2758,2759,3006.10,88.00,42.00
2759,2760,3465.62,75.00,55.00
2760,2761,3770.30,84.00,76.00
2761,2762,4949.42,155.00,77.00
2762,2763,2251.61,101.00,31.00
2763,2764,1686.23,97.00,24.00
2764,2765,1371.33,80.00,26.00
2765,2766,1863.17,82.00,33.00
2766,2767,2763.06,167.00,29.00
2767,2768,7239.86,214.00,58.00
2768,2769,13628.86,203.00,122.00
2769,2770,3797.14,95.00,57.00
2770,2771,1277.44,63.00,32.00
2771,2772,12317.58,245.00,80.00
2772,2773,9914.95,181.00,86.00
2773,2774,2385.96,73.00,45.00
2774,2775,14455.02,310.00,93.00
2775,2776,14123.83,257.00,105.00
2776,2777,3565.30,124.00,45.00
2777,2778,8898.37,211.00,82.00
2778,2779,2227.70,82.00,48.00
2779,2780,1296.19,56.00,32.00
2780,2781,2367.31,85.00,42.00
2781,2782,27966.40,241.00,203.00
2782,2783,5849.21,202.00,58.00
2783,2784,8406.32,236.00,60.00
2784,2785,7575.07,247.00,49.00
2785,2786,1815.25,72.00,33.00
2786,2787,1732.18,67.00,39.00
2787,2788,1017.56,52.00,28.00
2788,2789,2472.21,86.00,37.00
2789,2790,2892.00,102.00,39.00
2790,2791,1718.49,73.00,33.00
2791,2792,47780.08,467.00,164.00
2792,2793,11095.33,262.00,90.00
2793,2794,23928.33,263.00,166.00
2794,2795,2388.96,91.00,41.00
2795,2796,7165.62,101.00,98.00
2796,2797,5172.10,135.00,75.00
2797,2798,2462.35,79.00,53.00
2798,2799,1334.55,59.00,30.00
2799,2800,1813.39,63.00,36.00
2800,2801,5114.92,199.00,45.00
2801,2802,10009.49,195.00,88.00
2802,2803,1762.73,60.00,37.00
2803,2804,8049.48,117.00,91.00
2804,2805,1385.96,88.00,19.00
2805,2806,1185.25,69.00,24.00
2806,2807,1037.88,51.00,26.00
2807,2808,2813.25,112.00,41.00
2808,2809,2944.21,79.00,79.00
2809,2810,1293.56,55.00,31.00
2810,2811,1673.36,82.00,36.00
2811,2812,1124.81,64.00,23.00
2812,2813,1369.69,83.00,35.00
2813,2814,1869.91,69.00,37.00
2814,2815,844.45,46.00,25.00
2815,2816,1208.47,71.00,25.00
2816,2817,2362.14,113.00,47.00
2817,2818,1862.30,63.00,42.00
2818,2819,3245.84,75.00,61.00
2819,2820,1600.93,64.00,32.00
2820,2821,1944.36,51.00,50.00
2821,2822,1511.70,70.00,27.00
2822,2823,2923.31,112.00,45.00
2823,2824,2581.22,82.00,42.00
2824,2825,4170.07,84.00,61.00
2825,2826,1635.61,75.00,29.00
2826,2827,3024.11,92.00,41.00
2827,2828,1895.63,78.00,43.00
2828,2829,2629.70,81.00,43.00
2829,2830,1582.78,59.00,34.00
2830,2831,4368.29,97.00,55.00
2831,2832,3184.59,125.00,44.00
2832,2833,1577.45,50.00,39.00
2833,2834,1337.38,66.00,27.00
2834,2835,2822.28,71.00,51.00
2835,2836,1077.35,58.00,25.00
2836,2837,4127.82,91.00,65.00
2837,2838,1469.99,71.00,29.00
2838,2839,6689.63,171.00,64.00
2839,2840,2141.83,59.00,46.00
2840,2841,2014.50,77.00,34.00
2841,2842,2911.92,123.00,48.00
2842,2843,1759.46,62.00,36.00
2843,2844,1593.48,69.00,33.00
2844,2845,1359.90,64.00,28.00
2845,2846,1084.07,41.00,35.00
2846,2847,10642.57,173.00,92.00
2847,2848,2326.66,106.00,34.00
2848,2849,4891.55,132.00,50.00
2849,2850,2824.38,153.00,32.00
2850,2851,11217.27,242.00,79.00
2851,2852,4855.41,218.00,41.00
2852,2853,6926.76,166.00,54.00
2853,2854,4368.50,156.00,36.00
2854,2855,6446.02,239.00,64.00
2855,2856,11642.03,162.00,148.00
2856,2857,6100.87,123.00,84.00
2857,2858,4827.77,87.00,75.00
2858,2859,9554.68,222.00,73.00
2859,2860,8373.37,235.00,67.00
2860,2861,11102.03,203.00,91.00
2861,2862,7836.79,210.00,58.00
2862,2863,2621.49,130.00,32.00
2863,2864,2648.16,89.00,44.00
2864,2865,3428.16,120.00,45.00
2865,2866,3252.78,134.00,39.00
2866,2867,4692.43,116.00,58.00
2867,2868,3918.47,71.00,69.00
2868,2869,2387.32,73.00,51.00
2869,2870,7226.61,150.00,63.00
2870,2871,3048.24,79.00,49.00
2871,2872,3970.32,97.00,61.00
2872,2873,2935.13,98.00,45.00
2873,2874,3001.57,106.00,43.00
2874,2875,2930.37,94.00,44.00
2875,2876,2191.34,90.00,39.00
2876,2877,2231.57,62.00,50.00
2877,2878,3074.38,118.00,40.00
2878,2879,2294.90,72.00,52.00
2879,2880,6342.45,256.00,73.00
2880,2881,2914.33,90.00,43.00
2881,2882,2450.58,95.00,34.00
2882,2883,2290.47,86.00,38.00
2883,2884,1478.23,47.00,37.00
2884,2885,2882.47,86.00,43.00
2885,2886,2059.80,86.00,32.00
2886,2887,1717.06,73.00,29.00
2887,2888,2779.93,81.00,44.00
2888,2889,12137.88,203.00,89.00
2889,2890,6554.82,133.00,95.00
2890,2891,3740.36,95.00,48.00
2891,2892,23007.88,489.00,134.00
2892,2893,34230.55,613.00,142.00
2893,2894,4121.74,132.00,53.00
2894,2895,3890.78,120.00,50.00
2895,2896,4879.66,150.00,63.00
2896,2897,3286.07,79.00,60.00
2897,2898,11717.64,207.00,86.00
2898,2899,4434.57,95.00,60.00
2899,2900,5997.84,127.00,87.00
2900,2901,11855.16,359.00,103.00
2901,2902,18466.96,352.00,107.00
2902,2903,11973.15,360.00,67.00
2903,2904,2947.75,116.00,44.00
2904,2905,5494.52,256.00,54.00
2905,2906,5980.30,263.00,53.00
2906,2907,27486.02,420.00,120.00
2907,2908,16784.10,243.00,139.00
2908,2909,3388.41,122.00,42.00
2909,2910,5415.52,184.00,55.00
2910,2911,6263.52,148.00,73.00
2911,2912,18995.57,461.00,110.00
2912,2913,10946.47,209.00,106.00
2913,2914,2146.96,87.00,37.00
2914,2915,4822.87,139.00,56.00
2915,2916,12806.54,173.00,125.00
2916,2917,7569.79,302.00,60.00
2917,2918,8973.83,209.00,86.00
2918,2919,3815.33,141.00,52.00
2919,2920,6836.47,193.00,65.00
2920,2921,7506.67,188.00,76.00
2921,2922,4916.35,111.00,59.00
2922,2923,2649.33,71.00,45.00
2923,2924,6304.35,142.00,76.00
2924,2925,2212.59,114.00,33.00
2925,2926,954.18,59.00,22.00
2926,2927,825.94,83.00,18.00
2927,2928,2764.80,120.00,36.00
2928,2929,10891.86,302.00,81.00
2929,2930,22064.63,421.00,142.00
2930,2931,19311.32,473.00,147.00
2931,2932,5895.92,137.00,75.00
2932,2933,13496.82,263.00,108.00
2933,2934,17381.63,377.00,135.00
2934,2935,4707.04,121.00,60.00
2935,2936,4908.15,121.00,76.00
2936,2937,1463.73,85.00,24.00
2937,2938,2704.52,91.00,40.00
2938,2939,5498.92,126.00,75.00
2939,2940,1490.32,88.00,28.00
2940,2941,2437.20,66.00,49.00
2941,2942,4907.61,106.00,67.00
2942,2943,1922.74,72.00,38.00
2943,2944,2838.28,144.00,31.00
2944,2945,3263.82,178.00,30.00
2945,2946,7654.40,180.00,89.00
2946,2947,8779.02,183.00,80.00
2947,2948,10279.22,418.00,65.00
2948,2949,9931.12,273.00,104.00
2949,2950,9079.34,276.00,63.00
2950,2951,4280.77,179.00,53.00
2951,2952,2402.09,96.00,36.00
2952,2953,5825.83,177.00,60.00
2953,2954,5828.81,193.00,47.00
2954,2955,5680.21,238.00,42.00
2955,2956,4119.76,115.00,45.00
2956,2957,13226.12,363.00,63.00
2957,2958,21332.27,604.00,105.00
2958,2959,14741.03,480.00,83.00
2959,2960,12308.47,368.00,106.00
2960,2961,12253.70,370.00,81.00
2961,2962,11522.00,394.00,78.00
2962,2963,3753.21,217.00,37.00
2963,2964,3820.28,91.00,54.00
2964,2965,2629.23,83.00,43.00
2965,2966,6560.66,138.00,69.00
2966,2967,9801.84,256.00,77.00
2967,2968,6424.93,200.00,55.00
2968,2969,19939.96,225.00,139.00
2969,2970,14146.21,225.00,87.00
2970,2971,17180.46,312.00,79.00
2971,2972,5043.16,98.00,67.00
2972,2973,5826.04,156.00,54.00
2973,2974,1364.24,53.00,36.00
2974,2975,1483.80,56.00,38.00
2975,2976,2387.90,75.00,41.00
2976,2977,2701.54,90.00,43.00
2977,2978,5242.78,168.00,59.00
2978,2979,6371.06,141.00,63.00
2979,2980,3948.80,100.00,60.00
2980,2981,5653.01,184.00,52.00
2981,2982,2544.24,79.00,41.00
2982,2983,1824.79,79.00,34.00
2983,2984,12889.41,320.00,89.00
2984,2985,3540.68,118.00,55.00
2985,2986,3930.67,97.00,54.00
2986,2987,3705.80,79.00,55.00
2987,2988,2807.52,78.00,48.00
2988,2989,5748.98,120.00,63.00
2989,2990,2322.88,110.00,31.00
2990,2991,1640.30,64.00,36.00
2991,2992,5551.66,113.00,61.00
2992,2993,2669.22,87.00,44.00
2993,2994,2830.47,96.00,43.00
2994,2995,8123.73,246.00,67.00
2995,2996,10784.82,257.00,85.00
2996,2997,25463.83,212.00,163.00
2997,2998,23563.70,302.00,119.00
2998,2999,4633.46,119.00,62.00
2999,3000,1168.09,42.00,37.00
3000,3001,6220.30,159.00,63.00
3001,3002,2077.10,79.00,36.00
3002,3003,1623.82,85.00,29.00
3003,3004,7655.22,134.00,82.00
3004,3005,15472.86,251.00,87.00
3005,3006,1995.85,114.00,27.00
3006,3007,7263.06,114.00,87.00
3007,3008,9876.91,189.00,75.00
3008,3009,2883.35,108.00,41.00
3009,3010,10140.26,199.00,79.00
3010,3011,4518.32,100.00,66.00
3011,3012,12640.77,137.00,121.00
3012,3013,29588.69,284.00,133.00
3013,3014,5011.11,133.00,64.00
3014,3015,3902.92,124.00,55.00
3015,3016,9318.94,205.00,82.00
3016,3017,3528.31,88.00,55.00
3017,3018,7826.61,184.00,87.00
3018,3019,2506.40,68.00,52.00
3019,3020,2541.60,67.00,51.00
3020,3021,3205.64,100.00,53.00
3021,3022,12006.52,139.00,113.00
3022,3023,4032.96,90.00,60.00
3023,3024,2249.74,60.00,48.00
3024,3025,8398.20,175.00,70.00
3025,3026,4588.76,79.00,76.00
3026,3027,50825.05,359.00,188.00
3027,3028,3792.36,138.00,42.00
3028,3029,4090.40,83.00,72.00
3029,3030,4336.52,120.00,48.00
3030,3031,2708.09,109.00,40.00
3031,3032,2978.58,86.00,49.00
3032,3033,4488.19,166.00,38.00
3033,3034,6142.00,143.00,64.00
3034,3035,5636.59,157.00,68.00
3035,3036,4074.19,101.00,52.00
3036,3037,10858.40,189.00,80.00
3037,3038,2419.54,89.00,40.00
3038,3039,3030.04,106.00,46.00
3039,3040,2457.99,112.00,45.00
3040,3041,3602.24,122.00,45.00
3041,3042,4505.52,123.00,50.00
3042,3043,3096.00,111.00,45.00
3043,3044,1790.28,72.00,31.00
3044,3045,3595.44,140.00,39.00
3045,3046,7257.68,158.00,62.00
3046,3047,8598.44,209.00,59.00
3047,3048,4081.73,109.00,57.00
3048,3049,9586.81,188.00,72.00
3049,3050,4589.53,192.00,35.00
3050,3051,2821.65,152.00,44.00
3051,3052,5085.92,108.00,64.00
3052,3053,8824.71,187.00,72.00
3053,3054,2611.29,114.00,35.00
3054,3055,5942.65,165.00,48.00
3055,3056,14819.03,227.00,95.00
3056,3057,9342.47,196.00,65.00
3057,3058,3708.82,160.00,60.00
3058,3059,17526.10,288.00,106.00
3059,3060,5266.04,175.00,48.00
3060,3061,10279.91,176.00,91.00
3061,3062,10152.70,257.00,72.00
3062,3063,1099.33,48.00,34.00
3063,3064,1290.21,74.00,32.00
3064,3065,4557.14,123.00,54.00
3065,3066,3049.76,147.00,32.00
3066,3067,15955.76,435.00,61.00
3067,3068,4431.98,101.00,62.00
3068,3069,8438.12,131.00,95.00
3069,3070,6125.49,164.00,62.00
3070,3071,3818.96,166.00,53.00
3071,3072,4008.64,121.00,45.00
3072,3073,2424.02,98.00,37.00
3073,3074,9645.01,220.00,63.00
3074,3075,3544.57,127.00,45.00
3075,3076,2374.91,84.00,40.00
3076,3077,5273.79,205.00,47.00
3077,3078,4444.13,120.00,52.00
3078,3079,5920.55,114.00,77.00
3079,3080,2667.22,116.00,37.00
3080,3081,1609.88,69.00,38.00
3081,3082,1845.85,71.00,43.00
3082,3083,1439.88,67.00,31.00
3083,3084,1986.39,84.00,36.00
3084,3085,2119.92,68.00,44.00
3085,3086,2412.28,76.00,43.00
3086,3087,3636.09,117.00,52.00
3087,3088,1867.62,54.00,51.00
3088,3089,4048.42,89.00,66.00
3089,3090,3449.68,159.00,35.00
3090,3091,4057.72,134.00,49.00
3091,3092,3378.52,134.00,42.00
3092,3093,4474.37,136.00,57.00
3093,3094,7736.94,206.00,76.00
3094,3095,3708.84,103.00,48.00
3095,3096,2601.44,101.00,33.00
3096,3097,3409.51,127.00,41.00
3097,3098,13766.06,181.00,143.00
3098,3099,8050.61,182.00,82.00
3099,3100,3374.90,96.00,62.00
3100,3101,8609.54,131.00,97.00
3101,3102,27449.85,278.00,155.00
3102,3103,11923.36,244.00,77.00
3103,3104,22544.85,192.00,180.00
3104,3105,6807.12,154.00,77.00
3105,3106,12740.31,220.00,120.00
3106,3107,11073.86,228.00,90.00
3107,3108,1884.20,71.00,34.00
3108,3109,2732.46,104.00,36.00
3109,3110,4157.50,106.00,56.00
3110,3111,4415.48,89.00,71.00
3111,3112,15598.41,231.00,125.00
3112,3113,12960.33,143.00,139.00
3113,3114,2667.67,94.00,37.00
3114,3115,1734.52,71.00,44.00
3115,3116,2076.52,102.00,37.00
3116,3117,2231.31,102.00,36.00
3117,3118,2379.98,112.00,38.00
3118,3119,1524.51,72.00,30.00
3119,3120,11436.84,303.00,85.00
3120,3121,2355.75,69.00,58.00
3121,3122,3135.97,89.00,43.00
3122,3123,36065.98,355.00,140.00
3123,3124,5245.93,156.00,47.00
3124,3125,9626.08,167.00,86.00
3125,3126,4423.01,149.00,50.00
3126,3127,8547.70,252.00,56.00
3127,3128,7466.45,168.00,79.00
3128,3129,7469.82,130.00,75.00
3129,3130,9809.55,212.00,71.00
3130,3131,11595.90,184.00,92.00
3131,3132,8945.76,122.00,103.00
3132,3133,4049.74,100.00,66.00
3133,3134,15815.30,234.00,99.00
3134,3135,2893.32,130.00,33.00
3135,3136,15610.03,257.00,108.00
3136,3137,11208.77,193.00,83.00
3137,3138,9643.44,211.00,82.00
3138,3139,14337.22,175.00,121.00
3139,3140,9051.61,197.00,71.00
3140,3141,2362.52,79.00,40.00
3141,3142,3762.86,125.00,45.00
3142,3143,3221.35,146.00,34.00
3143,3144,2088.62,87.00,34.00
3144,3145,1463.69,65.00,30.00
3145,3146,7781.33,242.00,81.00
3146,3147,2401.16,97.00,34.00
3147,3148,2065.92,92.00,30.00
3148,3149,2121.37,85.00,42.00
3149,3150,1889.31,84.00,30.00
3150,3151,2804.81,129.00,40.00
3151,3152,3116.06,105.00,43.00
3152,3153,4687.86,157.00,58.00
3153,3154,1308.10,72.00,33.00
3154,3155,1316.15,84.00,25.00
3155,3156,1047.40,42.00,32.00
3156,3157,4240.35,128.00,45.00
3157,3158,16406.37,200.00,104.00
3158,3159,4574.51,126.00,58.00
3159,3160,9182.29,169.00,78.00
3160,3161,5520.33,117.00,67.00
3161,3162,15543.19,335.00,96.00
3162,3163,27794.17,377.00,123.00
3163,3164,9301.57,177.00,71.00
3164,3165,4162.41,159.00,47.00
3165,3166,3286.02,121.00,39.00
3166,3167,14830.30,244.00,105.00
3167,3168,1450.04,65.00,34.00
3168,3169,3087.84,116.00,43.00
3169,3170,3476.64,171.00,32.00
3170,3171,7582.88,190.00,60.00
3171,3172,10043.80,216.00,83.00
3172,3173,15220.18,227.00,113.00
3173,3174,2537.07,108.00,36.00
3174,3175,9718.86,224.00,85.00
3175,3176,2055.36,95.00,29.00
3176,3177,10837.87,265.00,123.00
3177,3178,4271.02,131.00,55.00
3178,3179,6005.80,196.00,59.00
3179,3180,16841.86,217.00,113.00
3180,3181,10337.98,137.00,95.00
3181,3182,3037.95,85.00,53.00
3182,3183,6010.36,136.00,67.00
3183,3184,8561.90,192.00,72.00
3184,3185,4281.05,113.00,57.00
3185,3186,3809.91,100.00,54.00
3186,3187,3780.20,163.00,33.00
3187,3188,6390.93,146.00,61.00
3188,3189,3755.53,118.00,52.00
3189,3190,11547.27,254.00,78.00
3190,3191,3266.20,107.00,54.00
3191,3192,4608.29,160.00,43.00
3192,3193,10511.94,253.00,83.00
3193,3194,28802.52,351.00,120.00
3194,3195,15746.01,255.00,116.00
3195,3196,15238.48,305.00,104.00
3196,3197,1882.59,79.00,39.00
3197,3198,4149.61,82.00,65.00
3198,3199,2168.37,70.00,43.00
3199,3200,7771.09,197.00,78.00
3200,3201,13132.76,250.00,88.00
3201,3202,5666.37,109.00,70.00
3202,3203,2788.12,114.00,37.00
3203,3204,7725.24,179.00,75.00
3204,3205,4632.51,97.00,66.00
3205,3206,1585.50,69.00,34.00
3206,3207,2426.25,68.00,54.00
3207,3208,4278.41,128.00,51.00
3208,3209,3708.84,91.00,54.00
3209,3210,2238.06,76.00,48.00
3210,3211,6884.62,202.00,57.00
3211,3212,4621.48,148.00,46.00
3212,3213,5439.76,174.00,46.00
3213,3214,1997.60,69.00,40.00
3214,3215,5022.13,112.00,59.00
3215,3216,5869.72,164.00,82.00
3216,3217,7598.22,204.00,75.00
3217,3218,13948.35,210.00,100.00
3218,3219,39415.02,302.00,218.00
3219,3220,7772.88,223.00,70.00
3220,3221,9535.69,217.00,80.00
3221,3222,1668.73,88.00,31.00
3222,3223,7341.76,245.00,53.00
3223,3224,3657.50,197.00,36.00
3224,3225,4754.84,159.00,48.00
3225,3226,5012.00,187.00,40.00
3226,3227,7061.82,204.00,60.00
3227,3228,6977.70,167.00,63.00
3228,3229,7582.89,171.00,64.00
3229,3230,31046.41,297.00,175.00
3230,3231,3757.59,154.00,31.00
3231,3232,3546.83,172.00,38.00
3232,3233,4565.45,133.00,50.00
3233,3234,8479.77,262.00,84.00
3234,3235,6058.28,119.00,74.00
3235,3236,3089.55,127.00,35.00
3236,3237,5308.93,239.00,37.00
3237,3238,11688.37,270.00,64.00
3238,3239,6994.05,171.00,69.00
3239,3240,5881.43,134.00,65.00
3240,3241,862.98,41.00,25.00
3241,3242,3660.78,133.00,44.00
3242,3243,5090.20,147.00,52.00
3243,3244,10352.67,358.00,79.00
3244,3245,8007.32,162.00,83.00
3245,3246,8340.77,160.00,103.00
3246,3247,4299.92,171.00,35.00
3247,3248,15563.41,179.00,118.00
3248,3249,25807.18,364.00,123.00
3249,3250,11276.12,154.00,108.00
3250,3251,5825.24,133.00,56.00
3251,3252,16971.36,224.00,126.00
3252,3253,23695.05,206.00,200.00
3253,3254,7851.49,137.00,96.00
3254,3255,6272.02,151.00,68.00
3255,3256,2142.34,73.00,39.00
3256,3257,2361.20,93.00,45.00
3257,3258,13623.49,141.00,133.00
3258,3259,23323.99,387.00,114.00
3259,3260,7753.66,174.00,59.00
3260,3261,1636.71,81.00,51.00
3261,3262,4122.99,81.00,63.00
3262,3263,4644.67,94.00,76.00
3263,3264,2827.48,86.00,45.00
3264,3265,4600.55,94.00,64.00
3265,3266,5477.41,145.00,62.00
3266,3267,4511.68,104.00,61.00
3267,3268,45630.83,835.00,202.00
3268,3269,5709.43,146.00,49.00
3269,3270,2578.40,72.00,46.00
3270,3271,2038.77,95.00,30.00
3271,3272,2239.34,126.00,26.00
3272,3273,2794.97,102.00,36.00
3273,3274,3392.81,106.00,49.00
3274,3275,2720.62,96.00,41.00
3275,3276,15830.45,279.00,130.00
3276,3277,6251.96,144.00,59.00
3277,3278,3300.84,114.00,42.00
3278,3279,2579.37,75.00,58.00
3279,3280,2728.42,75.00,46.00
3280,3281,1093.86,56.00,27.00
3281,3282,9143.82,218.00,79.00
3282,3283,2870.61,60.00,59.00
3283,3284,9058.23,234.00,68.00
3284,3285,4315.33,110.00,74.00
3285,3286,2103.23,63.00,45.00
3286,3287,1561.49,61.00,30.00
3287,3288,13044.21,293.00,87.00
3288,3289,12227.05,198.00,89.00
3289,3290,30668.32,390.00,170.00
3290,3291,7881.09,158.00,69.00
3291,3292,26254.78,218.00,177.00
3292,3293,34373.63,455.00,169.00
3293,3294,21929.52,338.00,143.00
3294,3295,35457.25,248.00,227.00
3295,3296,7347.48,169.00,102.00
3296,3297,29056.51,420.00,104.00
3297,3298,9166.27,140.00,106.00
3298,3299,3484.38,113.00,43.00
3299,3300,49511.87,444.00,227.00
3300,3301,8071.84,219.00,53.00
3301,3302,29685.94,314.00,147.00
3302,3303,14610.35,166.00,122.00
3303,3304,32162.50,323.00,210.00
3304,3305,12101.61,258.00,63.00
3305,3306,31640.73,308.00,144.00
3306,3307,2789.77,76.00,45.00
3307,3308,5506.27,162.00,66.00
3308,3309,4292.98,115.00,50.00
3309,3310,4970.46,149.00,49.00
3310,3311,5698.73,111.00,104.00
3311,3312,46690.77,281.00,236.00
3312,3313,1605.24,75.00,32.00
3313,3314,1428.14,50.00,34.00
3314,3315,9657.29,141.00,111.00
3315,3316,1744.43,62.00,36.00
3316,3317,3668.96,80.00,72.00
3317,3318,2253.62,56.00,55.00
3318,3319,6845.89,134.00,63.00
3319,3320,6706.71,121.00,77.00
3320,3321,5734.56,133.00,73.00
3321,3322,10425.11,148.00,112.00
3322,3323,11464.88,126.00,117.00
3323,3324,3000.32,102.00,44.00
3324,3325,1202.96,59.00,28.00
3325,3326,1199.14,45.00,34.00
3326,3327,2426.49,71.00,46.00
3327,3328,3713.58,91.00,56.00
3328,3329,929.23,37.00,31.00
3329,3330,13386.84,169.00,145.00
3330,3331,10524.54,154.00,104.00
3331,3332,1528.07,81.00,25.00
3332,3333,8515.48,217.00,56.00
3333,3334,1226.30,60.00,30.00
3334,3335,4504.66,94.00,91.00
3335,3336,7488.25,188.00,83.00
3336,3337,1797.46,83.00,29.00
3337,3338,2000.37,87.00,31.00
3338,3339,6440.71,152.00,55.00
3339,3340,14601.79,210.00,123.00
3340,3341,1236.33,65.00,27.00
3341,3342,4693.33,124.00,49.00
3342,3343,3968.97,108.00,70.00
3343,3344,9673.39,136.00,110.00
3344,3345,4526.03,79.00,75.00
3345,3346,31035.62,282.00,158.00
3346,3347,10892.46,157.00,94.00
3347,3348,12847.52,208.00,92.00
3348,3349,10585.40,184.00,94.00
3349,3350,12010.59,149.00,121.00
3350,3351,4774.44,139.00,61.00
3351,3352,5675.22,105.00,91.00
3352,3353,11029.25,251.00,80.00
3353,3354,2314.17,102.00,39.00
3354,3355,8371.58,158.00,84.00
3355,3356,10747.74,169.00,85.00
3356,3357,10163.36,169.00,73.00
3357,3358,8418.80,168.00,74.00
3358,3359,6723.74,140.00,67.00
3359,3360,5689.74,158.00,54.00
3360,3361,5198.56,182.00,59.00
3361,3362,8635.04,229.00,67.00
3362,3363,17165.47,175.00,152.00
3363,3364,42322.54,443.00,194.00
3364,3365,24365.13,309.00,117.00
3365,3366,18538.56,217.00,119.00
3366,3367,11133.11,234.00,61.00
3367,3368,11407.61,224.00,64.00
3368,3369,3052.27,83.00,66.00
3369,3370,3622.23,100.00,47.00
3370,3371,11539.30,140.00,107.00
3371,3372,20694.16,208.00,172.00
3372,3373,17844.62,244.00,116.00
3373,3374,12529.46,159.00,132.00
3374,3375,6272.84,150.00,60.00
3375,3376,11159.38,211.00,91.00
3376,3377,7559.99,167.00,68.00
3377,3378,14258.57,202.00,98.00
3378,3379,5775.48,151.00,64.00
3379,3380,7353.68,179.00,67.00
3380,3381,7888.48,195.00,64.00
3381,3382,11038.95,225.00,92.00
3382,3383,9291.03,189.00,73.00
3383,3384,5526.34,195.00,52.00
3384,3385,11056.16,261.00,78.00
3385,3386,9915.89,204.00,78.00
3386,3387,1125.39,72.00,22.00
3387,3388,6110.86,174.00,61.00
3388,3389,4212.60,107.00,57.00
3389,3390,4594.61,91.00,66.00
3390,3391,1591.57,64.00,32.00
3391,3392,7342.33,172.00,77.00
3392,3393,20969.58,230.00,132.00
3393,3394,20698.62,205.00,166.00
3394,3395,12184.38,144.00,136.00
3395,3396,6353.35,192.00,55.00
3396,3397,6408.03,142.00,100.00
3397,3398,7017.18,177.00,61.00
3398,3399,4783.26,129.00,50.00
3399,3400,44179.56,477.00,134.00
3400,3401,21900.60,217.00,138.00
3401,3402,29902.93,331.00,224.00
3402,3403,13443.19,262.00,91.00
3403,3404,48163.64,543.00,213.00
3404,3405,34042.39,487.00,164.00
3405,3406,6871.99,148.00,88.00
3406,3407,45275.47,346.00,196.00
3407,3408,30195.08,312.00,127.00
3408,3409,16127.03,148.00,147.00
3409,3410,11285.20,203.00,78.00
3410,3411,6791.41,217.00,53.00
3411,3412,4086.44,101.00,58.00
3412,3413,13397.89,191.00,102.00
3413,3414,13355.57,182.00,107.00
3414,3415,10193.25,222.00,72.00
3415,3416,22810.19,210.00,147.00
3416,3417,8906.27,163.00,79.00
3417,3418,8919.54,162.00,83.00
3418,3419,7615.57,152.00,75.00
3419,3420,6590.45,116.00,81.00
3420,3421,2774.21,118.00,33.00
3421,3422,6734.96,136.00,83.00
3422,3423,10762.09,249.00,70.00
3423,3424,7165.72,149.00,60.00
3424,3425,7101.43,149.00,64.00
3425,3426,4145.83,129.00,43.00
3426,3427,9139.93,124.00,101.00
3427,3428,7140.84,139.00,99.00
3428,3429,3032.34,72.00,52.00
3429,3430,2742.98,66.00,54.00
3430,3431,2644.43,95.00,46.00
3431,3432,4963.46,119.00,60.00
3432,3433,5662.44,133.00,55.00
3433,3434,5949.62,115.00,77.00
3434,3435,6901.00,125.00,87.00
3435,3436,6789.07,100.00,86.00
3436,3437,3225.84,73.00,65.00
3437,3438,4143.32,116.00,49.00
3438,3439,13437.76,234.00,89.00
3439,3440,6512.55,128.00,89.00
3440,3441,8643.17,128.00,85.00
3441,3442,5830.88,135.00,58.00
3442,3443,22849.30,317.00,135.00
3443,3444,10911.96,204.00,75.00
3444,3445,10743.68,317.00,79.00
3445,3446,16226.25,260.00,90.00
3446,3447,3750.49,106.00,54.00
3447,3448,2989.39,78.00,68.00
3448,3449,4021.90,82.00,78.00
3449,3450,3007.04,89.00,42.00
3450,3451,5827.36,97.00,78.00
3451,3452,31181.22,339.00,183.00
3452,3453,10811.03,186.00,100.00
3453,3454,5425.45,118.00,61.00
3454,3455,13406.23,189.00,106.00
3455,3456,2742.23,67.00,53.00
3456,3457,1977.47,65.00,40.00
3457,3458,2590.07,110.00,43.00
3458,3459,2854.86,102.00,43.00
3459,3460,7241.25,140.00,80.00
3460,3461,19179.80,178.00,155.00
3461,3462,8115.77,146.00,74.00
3462,3463,7494.21,110.00,84.00
3463,3464,5867.14,159.00,55.00
3464,3465,5051.57,150.00,70.00
3465,3466,4618.75,96.00,60.00
3466,3467,4658.63,97.00,64.00
3467,3468,5399.65,120.00,61.00
3468,3469,7708.47,183.00,64.00
3469,3470,5618.26,131.00,68.00
3470,3471,5385.39,149.00,54.00
3471,3472,9941.06,167.00,105.00
3472,3473,8198.88,137.00,86.00
3473,3474,8297.46,203.00,87.00
3474,3475,2230.98,87.00,44.00
3475,3476,4908.79,91.00,72.00
3476,3477,7771.12,99.00,96.00
3477,3478,9136.27,156.00,87.00
3478,3479,2732.55,73.00,46.00
3479,3480,4072.96,103.00,52.00
3480,3481,5478.91,178.00,52.00
3481,3482,5007.95,93.00,72.00
3482,3483,9337.10,194.00,97.00
3483,3484,4023.97,97.00,61.00
3484,3485,8535.23,149.00,95.00
3485,3486,17466.11,234.00,107.00
3486,3487,14990.74,215.00,107.00
3487,3488,9228.51,112.00,108.00
3488,3489,9695.31,188.00,72.00
3489,3490,4169.65,118.00,54.00
3490,3491,2841.25,85.00,44.00
3491,3492,4897.93,127.00,55.00
3492,3493,6581.39,161.00,58.00
3493,3494,40221.19,267.00,191.00
3494,3495,4362.61,125.00,55.00
3495,3496,3561.93,88.00,60.00
3496,3497,3130.79,72.00,66.00
3497,3498,13285.30,260.00,108.00
3498,3499,5648.82,220.00,53.00
3499,3500,4924.59,145.00,65.00
3500,3501,8838.32,180.00,78.00
3501,3502,7403.26,193.00,64.00
3502,3503,8019.71,204.00,71.00
3503,3504,9656.03,229.00,87.00
3504,3505,45173.50,375.00,204.00
3505,3506,4252.38,157.00,39.00
3506,3507,3100.15,143.00,37.00
3507,3508,3447.46,125.00,50.00
3508,3509,4275.94,191.00,42.00
3509,3510,16290.11,201.00,107.00
3510,3511,11472.65,201.00,80.00
3511,3512,1564.54,63.00,32.00
3512,3513,22253.23,242.00,140.00
3513,3514,17342.07,279.00,90.00
3514,3515,12416.26,199.00,105.00
3515,3516,6367.49,256.00,59.00
3516,3517,29755.92,419.00,155.00
3517,3518,3345.38,108.00,42.00
3518,3519,18210.81,290.00,107.00
3519,3520,34177.57,334.00,130.00
3520,3521,13655.67,261.00,89.00
3521,3522,24433.67,262.00,117.00
3522,3523,3906.06,110.00,52.00
3523,3524,2045.92,86.00,35.00
3524,3525,2151.73,84.00,40.00
3525,3526,971.28,57.00,26.00
3526,3527,2797.15,88.00,55.00
3527,3528,3666.92,96.00,50.00
3528,3529,3266.54,111.00,51.00
3529,3530,1655.35,73.00,39.00
3530,3531,7547.22,198.00,60.00
3531,3532,2065.89,63.00,47.00
3532,3533,1881.47,81.00,40.00
3533,3534,4908.25,134.00,53.00
3534,3535,6781.47,135.00,65.00
3535,3536,4936.33,106.00,76.00
3536,3537,937.32,45.00,32.00
3537,3538,2027.77,55.00,52.00
3538,3539,2254.23,73.00,49.00
3539,3540,22156.46,320.00,106.00
3540,3541,8962.99,211.00,73.00
3541,3542,12751.53,238.00,87.00
3542,3543,5468.76,133.00,61.00
3543,3544,9610.00,160.00,86.00
3544,3545,18448.21,278.00,113.00
3545,3546,5161.42,143.00,51.00
3546,3547,3329.36,78.00,57.00
3547,3548,6638.38,131.00,74.00
3548,3549,6186.68,128.00,71.00
3549,3550,1899.80,60.00,42.00
3550,3551,6943.74,135.00,70.00
3551,3552,10088.00,236.00,69.00
3552,3553,3299.68,85.00,54.00
3553,3554,19090.59,265.00,109.00
3554,3555,20519.49,265.00,120.00
3555,3556,11733.27,161.00,108.00
3556,3557,7232.14,190.00,64.00
3557,3558,7254.18,161.00,70.00
3558,3559,10709.27,263.00,94.00
3559,3560,3966.30,94.00,56.00
3560,3561,11113.82,241.00,93.00
3561,3562,9018.94,279.00,87.00
3562,3563,2098.35,78.00,44.00
3563,3564,8355.48,242.00,60.00
3564,3565,20110.74,343.00,102.00
3565,3566,3751.80,123.00,56.00
3566,3567,6477.41,168.00,57.00
3567,3568,6753.00,168.00,63.00
3568,3569,2890.64,66.00,57.00
3569,3570,20431.86,302.00,103.00
3570,3571,6706.49,159.00,58.00
3571,3572,1337.96,70.00,30.00
3572,3573,2977.58,85.00,55.00
3573,3574,19362.61,208.00,139.00
3574,3575,3963.23,76.00,71.00
3575,3576,5121.53,97.00,76.00
3576,3577,7028.66,160.00,74.00
3577,3578,17131.03,332.00,93.00
3578,3579,8987.08,170.00,94.00
3579,3580,4399.81,117.00,51.00
3580,3581,4135.53,91.00,62.00
3581,3582,13064.87,205.00,101.00
3582,3583,3411.64,94.00,51.00
3583,3584,6520.18,163.00,62.00
3584,3585,1921.95,127.00,38.00
3585,3586,5242.93,152.00,47.00
3586,3587,3687.46,113.00,49.00
3587,3588,6181.68,152.00,61.00
3588,3589,4908.31,103.00,63.00
3589,3590,3455.24,92.00,54.00
3590,3591,4771.94,157.00,45.00
3591,3592,4680.41,82.00,82.00
3592,3593,3176.50,91.00,58.00
3593,3594,4675.37,145.00,45.00
3594,3595,14180.13,253.00,84.00
3595,3596,4244.94,152.00,46.00
3596,3597,5137.74,163.00,57.00
3597,3598,14850.83,235.00,86.00
3598,3599,19757.11,367.00,111.00
3599,3600,5811.76,93.00,85.00
3600,3601,8184.91,121.00,84.00
3601,3602,6281.09,111.00,80.00
3602,3603,1335.86,71.00,25.00
3603,3604,2209.45,58.00,48.00
3604,3605,871.09,45.00,24.00
3605,3606,4824.78,102.00,66.00
3606,3607,10071.66,200.00,82.00
3607,3608,4127.68,110.00,50.00
3608,3609,11200.56,189.00,105.00
3609,3610,16361.09,330.00,88.00
3610,3611,13967.93,333.00,80.00
3611,3612,2620.38,139.00,37.00
3612,3613,4336.42,91.00,66.00
3613,3614,4888.05,101.00,63.00
3614,3615,6181.89,116.00,75.00
3615,3616,18161.63,204.00,133.00
3616,3617,15801.38,436.00,90.00
3617,3618,3541.38,92.00,49.00
3618,3619,6891.16,150.00,76.00
3619,3620,8568.65,184.00,82.00
3620,3621,6238.60,123.00,98.00
3621,3622,11011.12,184.00,95.00
3622,3623,2843.52,110.00,44.00
3623,3624,1754.64,51.00,43.00
3624,3625,15551.58,269.00,101.00
3625,3626,13369.69,225.00,83.00
3626,3627,6263.56,147.00,68.00
3627,3628,3804.47,116.00,43.00
3628,3629,3980.89,121.00,41.00
3629,3630,16795.89,317.00,93.00
3630,3631,12392.38,220.00,78.00
3631,3632,4697.60,114.00,57.00
3632,3633,6034.93,110.00,81.00
3633,3634,15426.97,243.00,89.00
3634,3635,1904.91,71.00,39.00
3635,3636,3322.91,97.00,59.00
3636,3637,6248.86,98.00,85.00
3637,3638,8970.67,174.00,78.00
3638,3639,3807.96,134.00,42.00
3639,3640,9611.97,197.00,87.00
3640,3641,4346.65,104.00,64.00
3641,3642,4471.48,128.00,47.00
3642,3643,3012.45,68.00,57.00
3643,3644,3863.55,90.00,66.00
3644,3645,6597.43,190.00,60.00
3645,3646,1775.49,70.00,41.00
3646,3647,6412.12,112.00,88.00
3647,3648,3263.40,93.00,62.00
3648,3649,8609.65,112.00,97.00
3649,3650,15259.31,235.00,94.00
3650,3651,2842.79,85.00,46.00
3651,3652,4360.82,119.00,48.00
3652,3653,3726.64,107.00,63.00
3653,3654,4776.36,108.00,74.00
3654,3655,18746.22,213.00,154.00
3655,3656,17066.43,219.00,111.00
3656,3657,10704.83,172.00,92.00
3657,3658,19875.02,178.00,146.00
3658,3659,6937.86,200.00,51.00
3659,3660,20434.84,207.00,186.00
3660,3661,13918.40,195.00,112.00
3661,3662,5027.50,147.00,51.00
3662,3663,20326.47,226.00,118.00
3663,3664,3963.55,117.00,48.00
3664,3665,12978.29,182.00,107.00
3665,3666,5739.38,136.00,76.00
3666,3667,5291.56,134.00,54.00
3667,3668,23999.81,204.00,167.00
3668,3669,27895.37,247.00,180.00
3669,3670,14197.74,199.00,123.00
3670,3671,6244.61,197.00,53.00
3671,3672,20739.45,287.00,102.00
3672,3673,10902.72,141.00,128.00
3673,3674,9972.78,196.00,94.00
3674,3675,24563.38,243.00,140.00
3675,3676,18636.49,234.00,108.00
3676,3677,9213.92,208.00,93.00
3677,3678,16269.59,331.00,83.00
3678,3679,14498.54,237.00,79.00
3679,3680,9141.77,138.00,104.00
3680,3681,8229.00,133.00,80.00
3681,3682,22948.84,217.00,156.00
3682,3683,19531.36,338.00,81.00
3683,3684,11938.44,124.00,124.00
3684,3685,18892.26,249.00,136.00
3685,3686,19943.33,222.00,119.00
3686,3687,14210.92,151.00,123.00
3687,3688,5594.86,107.00,99.00
3688,3689,9668.39,125.00,121.00
3689,3690,2749.99,80.00,53.00
3690,3691,6052.05,123.00,64.00
3691,3692,7229.05,109.00,108.00
3692,3693,3072.69,101.00,46.00
3693,3694,6052.20,183.00,58.00
3694,3695,6521.19,150.00,58.00
3695,3696,7540.01,130.00,89.00
3696,3697,10215.65,223.00,83.00
3697,3698,6893.78,168.00,61.00
3698,3699,5821.74,172.00,63.00
3699,3700,23175.64,286.00,134.00
3700,3701,9742.80,141.00,104.00
3701,3702,9698.15,233.00,56.00
3702,3703,3423.19,81.00,59.00
3703,3704,3835.19,114.00,52.00
3704,3705,8118.11,166.00,84.00
3705,3706,4313.83,100.00,57.00
3706,3707,9009.86,128.00,104.00
3707,3708,5366.18,103.00,79.00
3708,3709,16227.15,175.00,132.00
3709,3710,14416.66,175.00,112.00
3710,3711,4775.88,111.00,64.00
3711,3712,8656.74,132.00,90.00
3712,3713,8596.86,132.00,94.00
3713,3714,3862.22,85.00,64.00
3714,3715,13958.99,250.00,95.00
3715,3716,5944.55,117.00,83.00
3716,3717,9212.03,147.00,106.00
3717,3718,28638.84,264.00,217.00
3718,3719,3333.76,99.00,44.00
3719,3720,3464.95,98.00,50.00
3720,3721,2824.50,73.00,52.00
3721,3722,4407.68,108.00,58.00
3722,3723,11721.04,161.00,111.00
3723,3724,4385.79,90.00,67.00
3724,3725,6994.43,116.00,107.00
3725,3726,5467.23,109.00,85.00
3726,3727,12498.48,182.00,94.00
3727,3728,9747.67,173.00,90.00
3728,3729,7300.70,133.00,76.00
3729,3730,5428.49,108.00,75.00
3730,3731,3313.99,90.00,52.00
3731,3732,6039.72,126.00,71.00
3732,3733,4380.29,93.00,56.00
3733,3734,7324.32,128.00,94.00
3734,3735,18697.60,226.00,155.00
3735,3736,5888.69,111.00,84.00
3736,3737,4858.10,111.00,73.00
3737,3738,5465.28,125.00,64.00
3738,3739,2078.41,82.00,39.00
3739,3740,6365.60,130.00,75.00
3740,3741,8343.13,159.00,73.00
3741,3742,15219.14,210.00,120.00
3742,3743,7574.82,209.00,82.00
3743,3744,9666.17,252.00,54.00
3744,3745,7710.01,132.00,82.00
3745,3746,18424.61,296.00,108.00
3746,3747,21179.21,272.00,124.00
3747,3748,15013.12,261.00,95.00
3748,3749,5875.72,142.00,73.00
3749,3750,7038.50,127.00,77.00
3750,3751,1815.57,78.00,33.00
3751,3752,939.32,43.00,30.00
3752,3753,8436.05,180.00,82.00
3753,3754,2975.84,97.00,42.00
3754,3755,2912.38,87.00,46.00
3755,3756,2440.20,58.00,54.00
3756,3757,1376.16,56.00,30.00
3757,3758,4583.39,78.00,76.00
3758,3759,7844.17,110.00,85.00
3759,3760,2157.50,72.00,46.00
3760,3761,2891.83,109.00,48.00
3761,3762,4192.94,133.00,61.00
3762,3763,2938.39,94.00,40.00
3763,3764,4389.37,122.00,46.00
3764,3765,3348.61,88.00,57.00
3765,3766,2961.08,71.00,60.00
3766,3767,7518.99,132.00,94.00
3767,3768,13571.56,228.00,115.00
3768,3769,14466.47,236.00,102.00
3769,3770,5755.58,124.00,62.00
3770,3771,2409.67,97.00,35.00
3771,3772,3872.98,115.00,51.00
3772,3773,5298.51,132.00,56.00
3773,3774,3362.85,73.00,65.00
3774,3775,4820.11,107.00,75.00
3775,3776,6420.76,115.00,73.00
3776,3777,2592.78,82.00,47.00
3777,3778,5903.95,166.00,52.00
3778,3779,4881.10,91.00,74.00
3779,3780,6071.62,138.00,66.00
3780,3781,6509.68,125.00,88.00
3781,3782,2634.41,67.00,59.00
3782,3783,2624.39,66.00,51.00
3783,3784,5042.88,123.00,54.00
3784,3785,4229.68,136.00,46.00
3785,3786,6811.64,131.00,85.00
3786,3787,5498.81,150.00,69.00
3787,3788,6375.46,154.00,59.00
3788,3789,10273.07,185.00,76.00
3789,3790,9073.54,159.00,87.00
3790,3791,7924.49,169.00,62.00
3791,3792,6163.31,116.00,84.00
3792,3793,3255.49,112.00,51.00
3793,3794,1574.95,64.00,33.00
3794,3795,1079.54,55.00,29.00
3795,3796,5091.99,87.00,75.00
3796,3797,6868.45,153.00,69.00
3797,3798,2688.27,70.00,53.00
3798,3799,7537.17,156.00,67.00
3799,3800,1545.80,70.00,31.00
3800,3801,7607.30,147.00,79.00
3801,3802,1353.38,67.00,28.00
3802,3803,11341.51,240.00,104.00
3803,3804,3505.60,121.00,53.00
3804,3805,4152.35,127.00,54.00
3805,3806,22452.44,176.00,169.00
3806,3807,2490.37,107.00,39.00
3807,3808,2515.49,105.00,50.00
3808,3809,2278.74,107.00,33.00
3809,3810,1724.24,87.00,33.00
3810,3811,2770.46,116.00,37.00
3811,3812,3875.41,168.00,36.00
3812,3813,9597.51,188.00,74.00
3813,3814,10294.67,168.00,122.00
3814,3815,7235.51,188.00,49.00
3815,3816,1746.93,113.00,29.00
3816,3817,3654.79,121.00,48.00
3817,3818,4035.53,88.00,77.00
3818,3819,50062.59,412.00,182.00
3819,3820,5686.40,124.00,74.00
3820,3821,6521.79,121.00,66.00
3821,3822,18945.27,250.00,130.00
3822,3823,1407.69,64.00,31.00
3823,3824,6566.72,115.00,102.00
3824,3825,5073.04,143.00,53.00
3825,3826,6096.51,121.00,77.00
3826,3827,2710.05,95.00,43.00
3827,3828,3591.02,126.00,45.00
3828,3829,3393.64,127.00,43.00
3829,3830,5505.31,97.00,88.00
3830,3831,5612.34,207.00,63.00
3831,3832,2987.91,72.00,57.00
3832,3833,2841.28,85.00,45.00
3833,3834,4988.95,151.00,52.00
3834,3835,5970.48,180.00,62.00
3835,3836,11785.12,305.00,80.00
3836,3837,5786.04,122.00,82.00
3837,3838,5809.05,234.00,51.00
3838,3839,12087.89,296.00,84.00
3839,3840,2283.43,105.00,30.00
3840,3841,2088.91,94.00,36.00
3841,3842,3621.53,150.00,46.00
3842,3843,5367.19,204.00,63.00
3843,3844,2917.42,103.00,38.00
3844,3845,45080.41,351.00,206.00
3845,3846,25586.40,349.00,149.00
3846,3847,33717.88,433.00,158.00
3847,3848,31068.18,466.00,117.00
3848,3849,28770.37,264.00,169.00
3849,3850,30704.55,475.00,120.00
3850,3851,26848.44,381.00,111.00
3851,3852,31602.80,365.00,158.00
3852,3853,37014.01,350.00,142.00
3853,3854,23398.85,319.00,139.00
3854,3855,6398.28,131.00,67.00
3855,3856,4564.22,96.00,67.00
3856,3857,9459.54,197.00,68.00
3857,3858,10089.78,132.00,116.00
3858,3859,12151.12,159.00,105.00
3859,3860,8492.57,115.00,109.00
3860,3861,15266.86,160.00,148.00
3861,3862,26258.42,273.00,149.00
3862,3863,9239.02,160.00,86.00
3863,3864,9744.05,150.00,98.00
3864,3865,4065.06,128.00,51.00
3865,3866,1152.64,48.00,30.00
3866,3867,2086.78,75.00,40.00
3867,3868,3886.46,105.00,62.00
3868,3869,2190.75,78.00,43.00
3869,3870,8624.77,122.00,95.00
3870,3871,14070.55,194.00,96.00
3871,3872,13597.18,199.00,87.00
3872,3873,7611.32,142.00,92.00
3873,3874,4558.65,105.00,69.00
3874,3875,8684.07,199.00,78.00
3875,3876,28232.32,312.00,170.00
3876,3877,11693.63,198.00,87.00
3877,3878,3696.86,99.00,55.00
3878,3879,6420.63,142.00,74.00
3879,3880,21007.10,254.00,126.00
3880,3881,1646.51,60.00,38.00
3881,3882,1177.44,55.00,28.00
3882,3883,5763.44,137.00,63.00
3883,3884,1912.71,86.00,30.00
3884,3885,16898.31,207.00,127.00
3885,3886,3792.74,93.00,58.00
3886,3887,5009.43,158.00,61.00
3887,3888,10127.18,216.00,77.00
3888,3889,5555.20,111.00,67.00
3889,3890,4743.55,107.00,72.00
3890,3891,2788.65,99.00,40.00
3891,3892,3305.77,76.00,64.00
3892,3893,1947.93,73.00,44.00
3893,3894,4764.88,103.00,99.00
3894,3895,6417.74,161.00,62.00
3895,3896,4407.32,116.00,54.00
3896,3897,6616.09,135.00,84.00
3897,3898,7017.04,170.00,71.00
3898,3899,1139.37,59.00,30.00
3899,3900,2219.65,76.00,42.00
3900,3901,3721.65,103.00,51.00
3901,3902,1671.04,88.00,27.00
3902,3903,1604.62,73.00,29.00
3903,3904,4960.58,156.00,58.00
3904,3905,14777.33,303.00,84.00
3905,3906,16294.38,304.00,97.00
3906,3907,11831.40,174.00,88.00
3907,3908,5525.10,156.00,61.00
3908,3909,2850.86,101.00,45.00
3909,3910,22781.84,347.00,115.00
3910,3911,9489.84,198.00,104.00
3911,3912,5899.32,101.00,79.00
3912,3913,4711.22,127.00,58.00
3913,3914,4971.61,179.00,49.00
3914,3915,2900.57,82.00,56.00
3915,3916,2142.59,92.00,37.00
3916,3917,2787.83,76.00,48.00
3917,3918,4013.74,125.00,44.00
3918,3919,14931.57,187.00,125.00
3919,3920,11488.82,274.00,110.00
3920,3921,16492.52,326.00,122.00
3921,3922,21616.83,237.00,145.00
3922,3923,3871.65,128.00,42.00
3923,3924,11015.27,128.00,113.00
3924,3925,19648.32,270.00,124.00
3925,3926,7125.35,174.00,57.00
3926,3927,4592.23,149.00,49.00
3927,3928,21127.47,462.00,118.00
3928,3929,7063.07,168.00,66.00
3929,3930,13859.23,210.00,108.00
3930,3931,5724.80,151.00,54.00
3931,3932,4746.81,154.00,58.00
3932,3933,40040.68,501.00,141.00
3933,3934,16792.76,302.00,90.00
3934,3935,10832.98,260.00,69.00
3935,3936,6063.37,131.00,68.00
3936,3937,29792.58,260.00,163.00
3937,3938,9726.75,145.00,94.00
3938,3939,5021.91,134.00,54.00
3939,3940,1666.71,51.00,44.00
3940,3941,1541.27,73.00,31.00
3941,3942,2700.84,89.00,44.00
3942,3943,7511.76,149.00,76.00
3943,3944,7893.29,151.00,82.00
3944,3945,2991.02,111.00,44.00
3945,3946,5350.21,169.00,47.00
3946,3947,4812.11,142.00,50.00
3947,3948,3973.72,162.00,39.00
3948,3949,8981.65,167.00,85.00
3949,3950,4484.21,119.00,66.00
3950,3951,2576.03,78.00,49.00
3951,3952,6229.96,148.00,63.00
3952,3953,3608.86,144.00,43.00
3953,3954,9085.40,170.00,72.00
3954,3955,19383.42,289.00,99.00
3955,3956,17565.71,267.00,107.00
3956,3957,3839.59,127.00,47.00
3957,3958,6254.48,123.00,66.00
3958,3959,10897.19,175.00,93.00
3959,3960,6170.35,158.00,72.00
3960,3961,11990.15,236.00,75.00
3961,3962,2740.72,110.00,41.00
3962,3963,5492.11,147.00,70.00
3963,3964,5903.88,118.00,77.00
3964,3965,6649.31,158.00,85.00
3965,3966,22702.11,328.00,161.00
3966,3967,2285.07,73.00,47.00
3967,3968,1110.19,55.00,29.00
3968,3969,1090.39,54.00,31.00
3969,3970,6105.24,111.00,75.00
3970,3971,5836.24,136.00,64.00
3971,3972,2253.82,83.00,41.00
3972,3973,1661.62,77.00,34.00
3973,3974,1422.64,67.00,30.00
3974,3975,5041.31,119.00,81.00
3975,3976,3522.70,105.00,59.00
3976,3977,3465.93,104.00,56.00
3977,3978,22327.42,284.00,110.00
3978,3979,18051.22,263.00,144.00
3979,3980,16725.83,194.00,127.00
3980,3981,21254.12,273.00,120.00
3981,3982,15644.61,287.00,91.00
3982,3983,24811.89,191.00,188.00
3983,3984,7495.70,172.00,97.00
3984,3985,5636.93,130.00,64.00
3985,3986,7814.17,113.00,112.00
3986,3987,9575.93,127.00,91.00
3987,3988,4470.57,94.00,75.00
3988,3989,4360.10,116.00,54.00
3989,3990,6443.02,121.00,73.00
3990,3991,13449.93,200.00,104.00
3991,3992,1924.06,74.00,37.00
3992,3993,3118.64,100.00,43.00
3993,3994,8459.56,179.00,83.00
3994,3995,3431.87,103.00,54.00
3995,3996,7323.01,110.00,109.00
3996,3997,6789.90,132.00,72.00
3997,3998,3150.68,109.00,53.00
3998,3999,10639.74,255.00,78.00
3999,4000,14019.94,304.00,79.00
4000,4001,4554.88,113.00,66.00
4001,4002,5301.73,134.00,62.00
4002,4003,7152.94,128.00,72.00
4003,4004,7432.05,145.00,102.00
4004,4005,5594.74,127.00,76.00
4005,4006,10677.12,188.00,84.00
4006,4007,9998.18,188.00,79.00
4007,4008,6287.87,140.00,59.00
4008,4009,2285.42,75.00,37.00
4009,4010,3627.26,108.00,49.00
4010,4011,10225.12,211.00,84.00
4011,4012,24291.88,211.00,165.00
4012,4013,2625.13,103.00,41.00
4013,4014,2240.47,95.00,32.00
4014,4015,9325.16,176.00,83.00
4015,4016,7042.99,167.00,64.00
4016,4017,1248.84,44.00,42.00
4017,4018,3168.68,108.00,59.00
4018,4019,5063.58,158.00,50.00
4019,4020,11321.15,190.00,87.00
4020,4021,17183.86,249.00,120.00
4021,4022,8611.02,161.00,86.00
4022,4023,6522.42,141.00,67.00
4023,4024,7686.50,231.00,64.00
4024,4025,2890.61,101.00,39.00
4025,4026,5263.37,131.00,64.00
4026,4027,6936.26,150.00,98.00
4027,4028,12913.79,159.00,134.00
4028,4029,41808.35,343.00,171.00
4029,4030,37952.01,422.00,127.00
4030,4031,21475.31,267.00,130.00
4031,4032,21342.23,415.00,109.00
4032,4033,12643.33,132.00,131.00
4033,4034,15311.69,283.00,92.00
4034,4035,8184.23,145.00,112.00
4035,4036,6085.42,115.00,80.00
4036,4037,14463.82,181.00,111.00
4037,4038,10926.80,213.00,86.00
4038,4039,23705.68,192.00,183.00
4039,4040,20921.84,267.00,115.00
4040,4041,21890.03,382.00,112.00
4041,4042,36879.01,485.00,167.00
4042,4043,27257.40,228.00,212.00
4043,4044,28009.34,250.00,168.00
4044,4045,37436.96,365.00,181.00
4045,4046,6022.80,211.00,51.00
4046,4047,10988.91,262.00,69.00
4047,4048,12646.43,239.00,96.00
4048,4049,52663.03,431.00,187.00
4049,4050,12970.73,296.00,91.00
4050,4051,7887.95,160.00,65.00
4051,4052,16234.04,294.00,100.00
4052,4053,6577.85,161.00,74.00
4053,4054,5180.85,111.00,85.00
4054,4055,15116.51,456.00,75.00
4055,4056,22628.03,316.00,144.00
4056,4057,31421.26,379.00,140.00
4057,4058,13143.48,271.00,108.00
4058,4059,8410.99,189.00,108.00
4059,4060,8325.80,157.00,91.00
4060,4061,29403.55,356.00,155.00
4061,4062,16015.36,332.00,116.00
4062,4063,12645.76,273.00,78.00
4063,4064,10716.87,241.00,82.00
4064,4065,11885.02,169.00,101.00
4065,4066,25010.05,278.00,123.00
4066,4067,2200.59,69.00,54.00
4067,4068,8278.12,196.00,70.00
4068,4069,26358.39,239.00,213.00
4069,4070,13275.55,284.00,76.00
4070,4071,14847.11,364.00,66.00
4071,4072,16125.85,307.00,97.00
4072,4073,11757.87,216.00,84.00
4073,4074,17217.88,276.00,118.00
4074,4075,36295.04,361.00,154.00
4075,4076,14308.55,201.00,109.00
4076,4077,6964.56,142.00,74.00
4077,4078,8077.80,177.00,87.00
4078,4079,12182.14,306.00,78.00
4079,4080,9077.43,162.00,91.00
4080,4081,27097.43,351.00,186.00
4081,4082,10891.58,160.00,124.00
4082,4083,13063.09,164.00,151.00
4083,4084,44366.62,368.00,212.00
4084,4085,9795.11,161.00,107.00
4085,4086,6458.15,178.00,53.00
4086,4087,6320.58,199.00,67.00
4087,4088,4345.14,126.00,68.00
4088,4089,5947.01,113.00,74.00
4089,4090,37645.86,554.00,142.00
4090,4091,14776.81,269.00,87.00
4091,4092,7556.55,115.00,114.00
4092,4093,5868.40,132.00,67.00
4093,4094,5024.84,144.00,59.00
4094,4095,2062.90,86.00,33.00
4095,4096,12026.14,216.00,102.00
4096,4097,6918.01,173.00,58.00
4097,4098,2473.25,69.00,48.00
4098,4099,5525.19,136.00,62.00
4099,4100,5299.12,126.00,64.00
4100,4101,4149.71,131.00,44.00
4101,4102,4908.44,155.00,63.00
4102,4103,3106.91,109.00,51.00
4103,4104,5768.08,175.00,61.00
4104,4105,5854.49,137.00,62.00
4105,4106,5776.34,124.00,69.00
4106,4107,3489.91,119.00,42.00
4107,4108,3040.42,110.00,48.00
4108,4109,2013.42,63.00,44.00
4109,4110,5796.83,225.00,69.00
4110,4111,7876.50,295.00,111.00
4111,4112,5702.19,251.00,53.00
4112,4113,4116.93,130.00,43.00
4113,4114,2059.51,90.00,38.00
4114,4115,3456.78,117.00,45.00
4115,4116,6224.61,170.00,49.00
4116,4117,5197.37,147.00,51.00
4117,4118,2069.19,82.00,32.00
4118,4119,1737.85,76.00,27.00
4119,4120,2895.75,91.00,40.00
4120,4121,4182.18,138.00,55.00
4121,4122,6545.74,144.00,78.00
4122,4123,5585.24,138.00,62.00
4123,4124,8282.40,156.00,78.00
4124,4125,3942.60,157.00,48.00
4125,4126,4210.09,131.00,46.00
4126,4127,7237.55,304.00,57.00
4127,4128,8393.41,248.00,69.00
4128,4129,2490.51,115.00,43.00
4129,4130,5166.60,248.00,33.00
4130,4131,2467.59,144.00,28.00
4131,4132,4033.35,208.00,37.00
4132,4133,4854.13,209.00,44.00
4133,4134,4179.85,134.00,47.00
4134,4135,4780.17,200.00,34.00
4135,4136,4229.62,140.00,51.00
4136,4137,2194.82,109.00,36.00
4137,4138,2332.87,106.00,40.00
4138,4139,6337.86,268.00,41.00
4139,4140,3765.78,136.00,37.00
4140,4141,4082.42,149.00,46.00
4141,4142,3720.70,125.00,57.00
4142,4143,3939.72,174.00,47.00
4143,4144,3620.84,156.00,40.00
4144,4145,8204.00,165.00,86.00
4145,4146,10342.50,180.00,81.00
4146,4147,2387.80,71.00,41.00
4147,4148,2196.56,87.00,42.00
4148,4149,2105.66,107.00,33.00
4149,4150,2098.49,125.00,31.00
4150,4151,3372.41,76.00,63.00
4151,4152,1965.37,104.00,28.00
4152,4153,1842.16,89.00,29.00
4153,4154,4355.58,153.00,45.00
4154,4155,1399.14,64.00,29.00
4155,4156,3319.97,112.00,47.00
4156,4157,3200.00,138.00,36.00
4157,4158,6137.38,124.00,66.00
4158,4159,2044.57,75.00,38.00
4159,4160,2031.85,121.00,29.00
4160,4161,3699.10,106.00,50.00
4161,4162,3559.67,133.00,52.00
4162,4163,3298.66,114.00,48.00
4163,4164,6061.26,174.00,58.00
4164,4165,3178.20,107.00,49.00
4165,4166,2185.53,98.00,37.00
4166,4167,2781.65,118.00,34.00
4167,4168,1876.00,103.00,38.00
4168,4169,4548.91,170.00,44.00
4169,4170,3007.59,104.00,36.00
4170,4171,1978.60,75.00,41.00
4171,4172,3002.56,86.00,43.00
4172,4173,5594.10,124.00,61.00
4173,4174,3297.89,109.00,44.00
4174,4175,2512.87,101.00,36.00
4175,4176,2271.02,71.00,49.00
4176,4177,2183.57,72.00,43.00
4177,4178,1469.59,50.00,39.00
4178,4179,5386.49,177.00,54.00
4179,4180,6086.89,197.00,47.00
4180,4181,7170.78,156.00,71.00
4181,4182,9063.24,218.00,93.00
4182,4183,2726.99,80.00,48.00
4183,4184,3009.75,128.00,46.00
4184,4185,2567.65,114.00,35.00
4185,4186,4249.78,147.00,50.00
4186,4187,5195.75,209.00,46.00
4187,4188,11217.84,219.00,77.00
4188,4189,25188.20,293.00,121.00
4189,4190,4278.25,150.00,45.00
4190,4191,2849.03,111.00,39.00
4191,4192,4156.09,145.00,46.00
4192,4193,3925.63,148.00,40.00
4193,4194,2045.78,91.00,31.00
4194,4195,3508.94,207.00,46.00
4195,4196,3096.79,156.00,33.00
4196,4197,4103.23,115.00,55.00
4197,4198,3319.27,92.00,48.00
4198,4199,2666.81,105.00,38.00
4199,4200,5723.06,181.00,76.00
4200,4201,3164.76,97.00,52.00
4201,4202,4417.12,152.00,40.00
4202,4203,1414.88,73.00,28.00
4203,4204,1946.65,68.00,39.00
4204,4205,5015.22,106.00,78.00
4205,4206,3051.34,102.00,45.00
4206,4207,5443.81,194.00,54.00
4207,4208,2417.98,102.00,30.00
4208,4209,5655.07,196.00,57.00
4209,4210,6953.28,254.00,70.00
4210,4211,2802.23,104.00,48.00
4211,4212,10021.50,164.00,88.00
4212,4213,1809.15,64.00,50.00
4213,4214,3960.15,126.00,53.00
4214,4215,4731.01,140.00,48.00
4215,4216,7905.62,203.00,87.00
4216,4217,1689.37,65.00,43.00
4217,4218,30049.44,457.00,171.00
4218,4219,19262.90,457.00,135.00
4219,4220,3273.59,122.00,54.00
4220,4221,4094.14,113.00,70.00
4221,4222,7342.15,154.00,82.00
4222,4223,8245.95,193.00,68.00
4223,4224,5110.64,223.00,49.00
4224,4225,5779.69,231.00,41.00
4225,4226,3637.80,167.00,41.00
4226,4227,3258.28,147.00,38.00
4227,4228,3640.52,111.00,45.00
4228,4229,7094.19,126.00,83.00
4229,4230,7258.45,233.00,58.00
4230,4231,4163.17,100.00,52.00
4231,4232,10702.29,223.00,73.00
4232,4233,2808.04,138.00,30.00
4233,4234,3588.56,126.00,42.00
4234,4235,3456.80,93.00,52.00
4235,4236,6224.89,192.00,49.00
4236,4237,6440.60,213.00,61.00
4237,4238,7601.80,288.00,52.00
4238,4239,3308.08,156.00,45.00
4239,4240,3505.02,150.00,37.00
4240,4241,2742.73,161.00,31.00
4241,4242,2469.28,108.00,38.00
4242,4243,2453.65,110.00,42.00
4243,4244,5129.47,176.00,51.00
4244,4245,4862.13,160.00,50.00
4245,4246,12455.49,311.00,110.00
4246,4247,10925.84,266.00,82.00
4247,4248,2064.25,60.00,53.00
4248,4249,3547.60,75.00,64.00
4249,4250,6261.12,175.00,52.00
4250,4251,11076.16,248.00,96.00
4251,4252,7815.72,204.00,62.00
4252,4253,6000.64,123.00,65.00
4253,4254,7835.54,269.00,57.00
4254,4255,9240.07,280.00,52.00
4255,4256,6493.76,168.00,79.00
4256,4257,5596.31,267.00,53.00
4257,4258,9754.25,373.00,56.00
4258,4259,10147.87,233.00,86.00
4259,4260,12929.49,303.00,75.00
4260,4261,18305.50,353.00,88.00
4261,4262,13290.53,237.00,95.00
4262,4263,3128.19,115.00,42.00
4263,4264,7803.19,161.00,94.00
4264,4265,4727.81,185.00,62.00
4265,4266,8775.57,348.00,61.00
4266,4267,28722.21,460.00,107.00
4267,4268,4612.07,107.00,88.00
4268,4269,7518.68,214.00,69.00
4269,4270,6303.50,252.00,52.00
4270,4271,4962.84,171.00,44.00
4271,4272,4193.85,108.00,61.00
4272,4273,6634.06,201.00,46.00
4273,4274,11371.89,264.00,69.00
4274,4275,4366.46,172.00,53.00
4275,4276,8755.33,184.00,72.00
4276,4277,2348.26,80.00,40.00
4277,4278,2296.54,96.00,37.00
4278,4279,14713.50,434.00,67.00
4279,4280,12386.22,311.00,116.00
4280,4281,3604.91,169.00,48.00
4281,4282,5194.17,222.00,42.00
4282,4283,7426.56,243.00,46.00
4283,4284,4922.73,154.00,66.00
4284,4285,5861.21,250.00,65.00
4285,4286,5345.50,243.00,54.00
4286,4287,3460.80,125.00,53.00
4287,4288,4472.77,179.00,47.00
4288,4289,5552.74,204.00,47.00
4289,4290,2994.64,145.00,36.00
4290,4291,4255.55,227.00,36.00
4291,4292,7781.78,351.00,45.00
4292,4293,2908.66,144.00,37.00
4293,4294,1534.78,88.00,29.00
4294,4295,1896.37,91.00,42.00
4295,4296,5832.30,205.00,72.00
4296,4297,11103.88,311.00,60.00
4297,4298,7960.09,269.00,65.00
4298,4299,2540.78,128.00,44.00
4299,4300,2229.39,89.00,42.00
4300,4301,3858.04,139.00,42.00
4301,4302,2696.11,101.00,44.00
4302,4303,3882.38,125.00,57.00
4303,4304,11547.72,199.00,169.00
4304,4305,6041.50,198.00,53.00
4305,4306,3083.77,151.00,38.00
4306,4307,4375.56,170.00,62.00
4307,4308,4995.78,176.00,45.00
4308,4309,1984.06,90.00,37.00
4309,4310,5168.33,158.00,53.00
4310,4311,7288.00,281.00,58.00
4311,4312,8378.37,222.00,53.00
4312,4313,3296.54,116.00,40.00
4313,4314,5504.37,174.00,57.00
4314,4315,3209.00,121.00,44.00
4315,4316,3091.17,133.00,38.00
4316,4317,10037.18,218.00,80.00
4317,4318,4927.64,138.00,67.00
4318,4319,1315.90,103.00,23.00
4319,4320,5837.10,200.00,72.00
4320,4321,3787.61,157.00,48.00
4321,4322,4433.80,180.00,41.00
4322,4323,3564.20,106.00,58.00
4323,4324,3503.86,100.00,52.00
4324,4325,3056.24,90.00,47.00
4325,4326,6503.30,123.00,78.00
4326,4327,3514.21,134.00,39.00
4327,4328,2861.38,127.00,38.00
4328,4329,2768.46,118.00,44.00
4329,4330,2524.08,117.00,40.00
4330,4331,4041.16,79.00,71.00
4331,4332,14316.34,200.00,118.00
4332,4333,6508.73,147.00,70.00
4333,4334,3495.89,111.00,55.00
4334,4335,2619.03,85.00,54.00
4335,4336,1578.06,62.00,46.00
4336,4337,4933.57,118.00,55.00
4337,4338,4113.62,137.00,56.00
4338,4339,2852.42,85.00,52.00
4339,4340,3182.86,140.00,35.00
4340,4341,2544.83,106.00,33.00
4341,4342,1596.95,81.00,37.00
4342,4343,2457.18,122.00,40.00
4343,4344,1438.74,64.00,31.00
4344,4345,1547.38,66.00,30.00
4345,4346,1716.26,79.00,27.00
4346,4347,14390.20,207.00,101.00
4347,4348,3034.01,113.00,54.00
4348,4349,7022.19,134.00,81.00
4349,4350,6465.55,123.00,75.00
4350,4351,3239.24,114.00,38.00
4351,4352,3887.91,133.00,40.00
4352,4353,4455.69,116.00,83.00
4353,4354,5724.34,101.00,84.00
4354,4355,4679.21,139.00,64.00
4355,4356,10692.95,354.00,87.00
4356,4357,5517.70,129.00,54.00
4357,4358,17526.83,399.00,97.00
4358,4359,10501.49,168.00,115.00
4359,4360,10682.05,329.00,59.00
4360,4361,8489.79,214.00,76.00
4361,4362,9631.80,336.00,60.00
4362,4363,8780.21,369.00,72.00
4363,4364,9665.33,406.00,62.00
4364,4365,7795.12,224.00,91.00
4365,4366,9642.51,277.00,74.00
4366,4367,15627.69,245.00,114.00
4367,4368,5258.01,213.00,46.00
4368,4369,5740.97,172.00,63.00
4369,4370,10939.41,151.00,119.00
4370,4371,1532.46,72.00,37.00
4371,4372,4625.42,164.00,47.00
4372,4373,10051.86,185.00,71.00
4373,4374,4446.12,134.00,53.00
4374,4375,15050.39,341.00,71.00
4375,4376,6636.59,180.00,63.00
4376,4377,5701.70,166.00,51.00
4377,4378,7834.84,244.00,56.00
4378,4379,3573.05,85.00,61.00
4379,4380,15894.03,230.00,109.00
4380,4381,4571.85,148.00,50.00
4381,4382,14979.70,310.00,72.00
4382,4383,2319.39,104.00,35.00
4383,4384,6506.70,150.00,69.00
4384,4385,7041.32,169.00,66.00
4385,4386,4068.76,168.00,43.00
4386,4387,3113.17,116.00,38.00
4387,4388,24235.83,400.00,116.00
4388,4389,10107.89,221.00,97.00
4389,4390,11702.29,216.00,76.00
4390,4391,5036.74,198.00,47.00
4391,4392,8582.82,274.00,54.00
4392,4393,6264.28,162.00,78.00
4393,4394,8469.47,220.00,63.00
4394,4395,9813.02,179.00,88.00
4395,4396,3589.38,188.00,41.00
4396,4397,6817.62,181.00,55.00
4397,4398,10916.32,406.00,48.00
4398,4399,5566.60,183.00,42.00
4399,4400,3227.77,174.00,32.00
4400,4401,6771.11,211.00,49.00
4401,4402,4703.07,231.00,32.00
4402,4403,3991.42,194.00,33.00
4403,4404,6573.75,277.00,41.00
4404,4405,8390.02,157.00,90.00
4405,4406,3765.46,119.00,58.00
4406,4407,4415.70,136.00,51.00
4407,4408,2660.18,121.00,35.00
4408,4409,2512.83,99.00,34.00
4409,4410,15643.22,242.00,93.00
4410,4411,3185.47,160.00,50.00
4411,4412,3234.43,109.00,46.00
4412,4413,2432.11,95.00,47.00
4413,4414,2008.85,101.00,27.00
4414,4415,4514.74,200.00,51.00
4415,4416,3569.65,201.00,50.00
4416,4417,4229.57,129.00,61.00
4417,4418,7065.45,201.00,66.00
4418,4419,4054.32,108.00,71.00
4419,4420,8878.37,142.00,109.00
4420,4421,8449.58,125.00,102.00
4421,4422,4278.96,119.00,48.00
4422,4423,10221.61,360.00,72.00
4423,4424,11205.41,145.00,113.00
4424,4425,4723.45,144.00,55.00
4425,4426,5402.61,199.00,63.00
4426,4427,3583.54,143.00,35.00
4427,4428,7008.69,146.00,73.00
4428,4429,2968.35,123.00,51.00
4429,4430,4842.16,191.00,48.00
4430,4431,3155.27,148.00,37.00
4431,4432,3514.17,168.00,45.00
4432,4433,4598.64,139.00,59.00
4433,4434,2090.71,83.00,40.00
4434,4435,3309.28,110.00,41.00
4435,4436,5990.15,194.00,45.00
4436,4437,6774.42,236.00,63.00
4437,4438,7580.55,139.00,85.00
4438,4439,2413.27,80.00,55.00
4439,4440,8003.61,260.00,53.00
4440,4441,3056.75,150.00,30.00
4441,4442,6110.47,185.00,64.00
4442,4443,12833.08,374.00,101.00
4443,4444,3462.45,221.00,40.00
4444,4445,4242.10,187.00,45.00
4445,4446,7646.62,219.00,60.00
4446,4447,12511.77,194.00,89.00
4447,4448,9482.32,174.00,80.00
4448,4449,17891.68,250.00,110.00
4449,4450,4406.36,120.00,74.00
4450,4451,1045.08,53.00,29.00
4451,4452,2801.47,87.00,60.00
4452,4453,4454.46,185.00,61.00
4453,4454,6011.93,157.00,62.00
4454,4455,7034.32,175.00,80.00
4455,4456,13579.75,292.00,79.00
4456,4457,6477.02,189.00,60.00
4457,4458,4284.33,151.00,46.00
4458,4459,25296.28,496.00,145.00
4459,4460,7147.77,139.00,78.00
4460,4461,6644.53,223.00,69.00
4461,4462,2337.40,82.00,39.00
4462,4463,2032.38,79.00,36.00
4463,4464,3944.19,123.00,59.00
4464,4465,3826.02,180.00,43.00
4465,4466,6521.33,223.00,49.00
4466,4467,3302.42,124.00,52.00
4467,4468,6368.94,268.00,76.00
4468,4469,10400.91,305.00,101.00
4469,4470,16286.10,257.00,91.00
4470,4471,4379.23,173.00,40.00
4471,4472,2549.24,107.00,33.00
4472,4473,2874.35,116.00,37.00
4473,4474,3475.84,141.00,41.00
4474,4475,2354.63,116.00,33.00
4475,4476,3137.75,157.00,37.00
4476,4477,5861.06,250.00,76.00
4477,4478,3731.47,142.00,44.00
4478,4479,3737.74,184.00,43.00
4479,4480,5323.23,220.00,55.00
4480,4481,6641.25,250.00,54.00
4481,4482,7015.14,178.00,66.00
4482,4483,3503.47,175.00,45.00
4483,4484,2313.90,106.00,38.00
4484,4485,11344.05,253.00,81.00
4485,4486,15577.70,270.00,130.00
4486,4487,7678.10,283.00,47.00
4487,4488,31529.89,262.00,218.00
4488,4489,15134.10,276.00,90.00
4489,4490,7135.28,251.00,47.00
4490,4491,2881.40,89.00,48.00
4491,4492,2195.81,84.00,36.00
4492,4493,7031.46,214.00,56.00
4493,4494,5224.71,223.00,48.00
4494,4495,4034.73,153.00,48.00
4495,4496,9077.50,470.00,66.00
4496,4497,4524.16,239.00,54.00
4497,4498,5363.44,285.00,51.00
4498,4499,3500.10,98.00,66.00
4499,4500,4759.25,180.00,40.00
4500,4501,7073.84,153.00,73.00
4501,4502,1026.01,69.00,22.00
4502,4503,4444.81,155.00,54.00
4503,4504,1953.50,56.00,48.00
4504,4505,1639.29,62.00,41.00
4505,4506,1729.93,97.00,37.00
4506,4507,4190.25,146.00,56.00
4507,4508,10590.66,346.00,96.00
4508,4509,2719.79,124.00,39.00
4509,4510,2910.01,126.00,35.00
4510,4511,4863.63,275.00,40.00
4511,4512,7271.77,333.00,82.00
4512,4513,7002.99,136.00,85.00
4513,4514,7160.28,149.00,93.00
4514,4515,3766.28,192.00,35.00
4515,4516,7226.07,261.00,54.00
4516,4517,5423.08,163.00,50.00
4517,4518,6128.61,237.00,39.00
4518,4519,5579.65,196.00,43.00
4519,4520,4463.01,178.00,61.00
4520,4521,6821.02,181.00,63.00
4521,4522,3471.10,160.00,47.00
4522,4523,5208.64,143.00,57.00
4523,4524,4275.20,179.00,50.00
4524,4525,2795.38,102.00,41.00
4525,4526,2398.35,111.00,38.00
4526,4527,2482.70,128.00,41.00
4527,4528,8652.65,141.00,84.00
4528,4529,8511.35,255.00,83.00
4529,4530,9778.81,220.00,77.00
4530,4531,9593.34,258.00,87.00
4531,4532,10077.36,264.00,63.00
4532,4533,9695.32,261.00,64.00
4533,4534,4242.58,150.00,49.00
4534,4535,3889.82,187.00,42.00
4535,4536,4611.26,112.00,57.00
4536,4537,11058.77,213.00,71.00
4537,4538,2763.52,104.00,42.00
4538,4539,2553.72,108.00,38.00
4539,4540,3550.88,141.00,41.00
4540,4541,1695.09,81.00,30.00
4541,4542,3482.49,131.00,50.00
4542,4543,4223.49,129.00,65.00
4543,4544,10459.03,250.00,80.00
4544,4545,3894.43,122.00,60.00
4545,4546,4195.08,144.00,43.00
4546,4547,6358.96,164.00,67.00
4547,4548,7536.78,189.00,68.00
4548,4549,2279.72,75.00,42.00
4549,4550,2273.12,77.00,49.00
4550,4551,1414.86,65.00,33.00
4551,4552,1904.70,94.00,47.00
4552,4553,2860.10,131.00,38.00
4553,4554,2634.28,143.00,30.00
4554,4555,2064.21,122.00,32.00
4555,4556,1416.39,71.00,36.00
4556,4557,1735.53,97.00,26.00
4557,4558,1970.08,88.00,43.00
4558,4559,2660.88,156.00,35.00
4559,4560,3033.92,191.00,28.00
4560,4561,2105.93,112.00,33.00
4561,4562,3677.65,175.00,37.00
4562,4563,7266.59,184.00,62.00
4563,4564,3659.42,144.00,41.00
4564,4565,1252.26,62.00,31.00
4565,4566,2330.24,99.00,46.00
4566,4567,2877.79,126.00,48.00
4567,4568,1179.89,49.00,33.00
4568,4569,2351.74,89.00,40.00
4569,4570,1410.73,68.00,29.00
4570,4571,3369.41,95.00,53.00
4571,4572,1558.42,48.00,41.00
4572,4573,1783.92,77.00,33.00
4573,4574,2036.88,64.00,47.00
4574,4575,23149.14,377.00,92.00
4575,4576,6089.56,140.00,58.00
4576,4577,6108.23,294.00,47.00
4577,4578,6781.10,199.00,77.00
4578,4579,5675.13,165.00,50.00
4579,4580,7355.61,295.00,55.00
4580,4581,1391.86,53.00,35.00
4581,4582,8241.14,187.00,67.00
4582,4583,4854.73,113.00,68.00
4583,4584,4937.32,202.00,43.00
4584,4585,4449.16,167.00,49.00
4585,4586,6285.62,205.00,59.00
4586,4587,5339.74,160.00,51.00
4587,4588,2191.40,136.00,33.00
4588,4589,14976.05,213.00,115.00
4589,4590,17280.76,264.00,111.00
4590,4591,4288.00,203.00,46.00
4591,4592,6564.51,227.00,68.00
4592,4593,4368.18,249.00,52.00
4593,4594,3927.87,184.00,39.00
4594,4595,12261.63,219.00,97.00
4595,4596,7787.57,330.00,57.00
4596,4597,5470.73,222.00,48.00
4597,4598,2001.38,80.00,30.00
4598,4599,1618.07,78.00,31.00
4599,4600,1367.52,65.00,29.00
4600,4601,2047.61,84.00,34.00
4601,4602,1337.28,60.00,32.00
4602,4603,677.50,37.00,25.00
4603,4604,3842.95,123.00,43.00
4604,4605,17375.49,317.00,105.00
4605,4606,4104.90,104.00,69.00
4606,4607,6064.87,158.00,66.00
4607,4608,6361.08,124.00,66.00
4608,4609,5356.33,134.00,72.00
4609,4610,10073.18,193.00,75.00
4610,4611,3577.95,104.00,72.00
4611,4612,3655.80,77.00,67.00
4612,4613,8982.75,223.00,64.00
4613,4614,10764.87,160.00,123.00
4614,4615,6538.13,140.00,65.00
4615,4616,3560.02,139.00,42.00
4616,4617,11610.65,176.00,121.00
4617,4618,4979.70,137.00,55.00
4618,4619,3746.13,91.00,55.00
4619,4620,12708.29,139.00,128.00
4620,4621,16851.38,196.00,120.00
4621,4622,10860.40,204.00,88.00
4622,4623,3116.76,91.00,53.00
4623,4624,9109.81,181.00,63.00
4624,4625,10625.57,184.00,85.00
4625,4626,5510.42,165.00,51.00
4626,4627,6199.15,134.00,58.00
4627,4628,6713.05,229.00,60.00
4628,4629,3232.29,136.00,50.00
4629,4630,6841.65,202.00,50.00
4630,4631,2475.52,113.00,35.00
4631,4632,6583.27,167.00,55.00
4632,4633,6230.13,244.00,54.00
4633,4634,4091.07,147.00,40.00
4634,4635,3445.92,122.00,43.00
4635,4636,2955.52,67.00,56.00
4636,4637,5663.60,163.00,49.00
4637,4638,3822.88,180.00,33.00
4638,4639,3629.65,135.00,45.00
4639,4640,11818.53,242.00,108.00
4640,4641,4393.65,165.00,44.00
4641,4642,5135.59,85.00,82.00
4642,4643,4353.06,147.00,47.00
4643,4644,2723.27,116.00,39.00
4644,4645,4299.30,125.00,56.00
4645,4646,2871.30,113.00,39.00
4646,4647,3631.08,108.00,45.00
4647,4648,2243.96,95.00,45.00
4648,4649,3161.14,110.00,42.00
4649,4650,2335.48,84.00,37.00
4650,4651,3384.24,91.00,56.00
4651,4652,5032.20,192.00,35.00
4652,4653,1696.61,83.00,30.00
4653,4654,8000.99,266.00,94.00
4654,4655,4561.48,148.00,50.00
4655,4656,7879.69,261.00,67.00
4656,4657,4806.25,170.00,51.00
4657,4658,12325.79,312.00,73.00
4658,4659,8374.44,273.00,56.00
4659,4660,8022.38,109.00,105.00
4660,4661,15472.84,197.00,118.00
4661,4662,7848.30,192.00,70.00
4662,4663,9890.28,230.00,67.00
4663,4664,2909.55,102.00,53.00
4664,4665,10411.48,150.00,128.00
4665,4666,5674.22,175.00,53.00
4666,4667,3509.82,128.00,37.00
4667,4668,6577.64,155.00,72.00
4668,4669,4705.91,151.00,42.00
4669,4670,7261.41,131.00,69.00
4670,4671,5881.71,153.00,65.00
4671,4672,14972.96,307.00,82.00
4672,4673,3457.00,96.00,52.00
4673,4674,8702.68,144.00,84.00
4674,4675,2950.12,98.00,44.00
4675,4676,5470.29,196.00,43.00
4676,4677,5039.78,141.00,60.00
4677,4678,7371.13,241.00,61.00
4678,4679,8223.03,196.00,65.00
4679,4680,4296.71,123.00,49.00
4680,4681,2053.70,88.00,43.00
4681,4682,2812.21,108.00,39.00
4682,4683,2917.02,94.00,49.00
4683,4684,6553.68,166.00,90.00
4684,4685,3135.97,103.00,52.00
4685,4686,5409.95,156.00,48.00
4686,4687,5159.16,145.00,53.00
4687,4688,3026.76,113.00,52.00
4688,4689,5800.73,144.00,59.00
4689,4690,3779.09,122.00,56.00
4690,4691,4023.08,135.00,57.00
4691,4692,10816.95,168.00,81.00
4692,4693,3530.05,127.00,44.00
4693,4694,5934.67,240.00,56.00
4694,4695,8861.43,294.00,49.00
4695,4696,3280.31,143.00,48.00
4696,4697,1353.92,72.00,39.00
4697,4698,2298.66,81.00,38.00
4698,4699,14197.70,202.00,122.00
4699,4700,9426.76,147.00,97.00
4700,4701,2396.31,60.00,58.00
4701,4702,4252.27,133.00,57.00
4702,4703,3820.47,109.00,58.00
4703,4704,10586.69,176.00,93.00
4704,4705,993.40,46.00,29.00
4705,4706,1817.07,63.00,47.00
4706,4707,1464.94,56.00,35.00
4707,4708,8944.10,179.00,93.00
4708,4709,2859.27,91.00,47.00
4709,4710,2772.69,109.00,37.00
4710,4711,2990.92,111.00,43.00
4711,4712,5024.18,124.00,59.00
4712,4713,2101.03,77.00,40.00
4713,4714,3447.12,80.00,59.00
4714,4715,5725.65,104.00,79.00
4715,4716,923.10,46.00,26.00
4716,4717,1082.30,50.00,27.00
4717,4718,744.66,49.00,22.00
4718,4719,1493.35,49.00,39.00
4719,4720,755.89,42.00,26.00
4720,4721,4457.94,148.00,45.00
4721,4722,578.26,32.00,24.00
4722,4723,456.30,26.00,22.00
4723,4724,533.62,32.00,21.00
4724,4725,1801.99,81.00,31.00
4725,4726,2109.52,80.00,37.00
4726,4727,589.21,33.00,22.00
4727,4728,800.50,46.00,22.00
4728,4729,1049.46,58.00,24.00
4729,4730,788.22,47.00,22.00
4730,4731,1035.58,50.00,28.00
4731,4732,1495.19,49.00,44.00
4732,4733,1305.06,59.00,38.00
4733,4734,1229.59,62.00,33.00
4734,4735,800.75,44.00,26.00
4735,4736,759.17,39.00,26.00
4736,4737,2995.86,72.00,56.00
4737,4738,1239.68,44.00,38.00
4738,4739,601.40,42.00,21.00
4739,4740,830.31,34.00,33.00
4740,4741,455.21,34.00,17.00
4741,4742,736.60,34.00,24.00
4742,4743,1361.63,45.00,37.00
4743,4744,1118.62,51.00,30.00
4744,4745,700.08,34.00,25.00
4745,4746,2161.24,72.00,39.00
4746,4747,643.66,36.00,26.00
4747,4748,582.30,31.00,25.00
4748,4749,1745.07,62.00,35.00
4749,4750,741.39,45.00,22.00
4750,4751,550.25,33.00,20.00
4751,4752,2569.96,72.00,50.00
4752,4753,1643.16,64.00,33.00
4753,4754,1565.62,53.00,40.00
4754,4755,3842.13,129.00,54.00
4755,4756,303.66,30.00,17.00
4756,4757,1219.59,68.00,24.00
4757,4758,11327.12,166.00,124.00
4758,4759,3404.68,113.00,47.00
4759,4760,4361.19,116.00,48.00
4760,4761,3744.14,82.00,66.00
4761,4762,1218.33,72.00,27.00
4762,4763,800.32,36.00,28.00
4763,4764,692.43,36.00,25.00
4764,4765,1323.47,83.00,27.00
4765,4766,1400.74,54.00,38.00
4766,4767,608.39,31.00,25.00
4767,4768,669.30,46.00,24.00
4768,4769,591.85,33.00,22.00
4769,4770,3254.06,127.00,39.00
4770,4771,4317.58,148.00,56.00
4771,4772,1828.93,63.00,43.00
4772,4773,4636.20,187.00,43.00
4773,4774,3146.67,118.00,39.00
4774,4775,928.76,38.00,34.00
4775,4776,2471.67,87.00,44.00
4776,4777,2302.23,83.00,37.00
4777,4778,1018.72,61.00,25.00
4778,4779,4684.36,118.00,57.00
4779,4780,845.35,46.00,28.00
4780,4781,3531.36,106.00,51.00
4781,4782,4048.25,129.00,44.00
4782,4783,1581.06,69.00,34.00
4783,4784,8696.01,159.00,86.00
4784,4785,775.10,38.00,28.00
4785,4786,2304.25,85.00,50.00
4786,4787,2474.46,96.00,40.00
4787,4788,1333.68,41.00,40.00
4788,4789,1267.05,61.00,30.00
4789,4790,863.79,36.00,31.00
4790,4791,1937.82,92.00,34.00
4791,4792,1581.89,57.00,39.00
4792,4793,2549.81,99.00,56.00
4793,4794,2488.34,96.00,40.00
4794,4795,2939.14,100.00,48.00
4795,4796,1352.10,47.00,39.00
4796,4797,1156.47,67.00,28.00
4797,4798,1301.88,56.00,31.00
4798,4799,966.51,51.00,25.00
4799,4800,1121.66,58.00,28.00
4800,4801,1008.92,40.00,34.00
4801,4802,833.43,36.00,28.00
4802,4803,703.32,42.00,25.00
4803,4804,2111.04,78.00,37.00
4804,4805,2403.28,76.00,49.00
4805,4806,1197.97,58.00,30.00
4806,4807,3180.15,80.00,61.00
4807,4808,2390.57,81.00,48.00
4808,4809,1070.06,46.00,36.00
4809,4810,887.16,40.00,29.00
4810,4811,1208.33,63.00,26.00
4811,4812,890.38,46.00,24.00
4812,4813,1081.85,48.00,30.00
4813,4814,1696.74,85.00,32.00
4814,4815,3501.73,123.00,53.00
4815,4816,1439.90,69.00,29.00
4816,4817,1979.76,83.00,41.00
4817,4818,1698.64,83.00,31.00
4818,4819,790.33,40.00,27.00
4819,4820,1011.35,53.00,25.00
4820,4821,1370.29,66.00,31.00
4821,4822,1387.97,66.00,32.00
4822,4823,794.39,49.00,23.00
4823,4824,462.75,26.00,24.00
4824,4825,1414.09,77.00,27.00
4825,4826,979.94,56.00,28.00
4826,4827,755.33,47.00,20.00
4827,4828,1839.38,88.00,31.00
4828,4829,967.83,47.00,29.00
4829,4830,3213.48,91.00,52.00
4830,4831,1926.10,82.00,31.00
4831,4832,375.80,28.00,21.00
4832,4833,605.65,37.00,22.00
4833,4834,2876.69,78.00,50.00
4834,4835,449.96,28.00,24.00
4835,4836,1389.44,77.00,27.00
4836,4837,708.86,36.00,28.00
4837,4838,1296.06,86.00,30.00
4838,4839,697.53,35.00,25.00
4839,4840,980.69,38.00,33.00
4840,4841,1326.89,47.00,36.00
4841,4842,6452.39,134.00,80.00
4842,4843,2096.55,90.00,45.00
4843,4844,1294.40,52.00,37.00
4844,4845,4242.12,86.00,79.00
4845,4846,10714.06,232.00,78.00
4846,4847,3662.57,103.00,59.00
4847,4848,1808.44,53.00,47.00
4848,4849,1592.61,72.00,35.00
4849,4850,2059.03,84.00,35.00
4850,4851,1360.15,66.00,28.00
4851,4852,2500.71,105.00,37.00
4852,4853,677.14,37.00,25.00
4853,4854,931.27,44.00,28.00
4854,4855,4030.23,122.00,46.00
4855,4856,3695.67,128.00,38.00
4856,4857,855.64,34.00,33.00
4857,4858,1893.42,71.00,43.00
4858,4859,601.56,31.00,26.00
4859,4860,2184.40,82.00,45.00
4860,4861,1047.35,52.00,26.00
4861,4862,3549.41,104.00,68.00
4862,4863,4782.29,192.00,57.00
4863,4864,1633.14,70.00,33.00
4864,4865,3556.87,82.00,68.00
4865,4866,1658.05,67.00,34.00
4866,4867,2158.93,120.00,32.00
4867,4868,1559.04,72.00,37.00
4868,4869,4273.57,84.00,71.00
4869,4870,9172.22,129.00,115.00
4870,4871,2490.59,130.00,35.00
4871,4872,1285.10,61.00,28.00
4872,4873,1870.02,84.00,30.00
4873,4874,7453.70,116.00,89.00
4874,4875,3243.55,91.00,49.00
4875,4876,1611.67,69.00,31.00
4876,4877,879.01,41.00,28.00
4877,4878,1567.15,66.00,39.00
4878,4879,1886.01,86.00,41.00
4879,4880,3717.31,136.00,40.00
4880,4881,2441.71,67.00,51.00
4881,4882,3845.99,141.00,55.00
4882,4883,2428.63,81.00,44.00
4883,4884,2198.61,64.00,47.00
4884,4885,1596.97,62.00,34.00
4885,4886,1686.42,72.00,35.00
4886,4887,1015.56,49.00,27.00
4887,4888,1057.47,37.00,35.00
4888,4889,826.30,35.00,30.00
4889,4890,1166.42,59.00,29.00
4890,4891,1120.47,55.00,26.00
4891,4892,1075.56,55.00,32.00
4892,4893,1210.23,51.00,33.00
4893,4894,1150.57,60.00,27.00
4894,4895,2707.98,111.00,34.00
4895,4896,695.18,49.00,23.00
4896,4897,3326.17,88.00,59.00
4897,4898,7195.71,162.00,77.00
4898,4899,4312.89,92.00,64.00
4899,4900,4287.59,135.00,52.00
4900,4901,4304.82,123.00,49.00
4901,4902,3782.05,98.00,64.00
4902,4903,3619.78,132.00,45.00
4903,4904,3542.29,113.00,42.00
4904,4905,3781.43,101.00,61.00
4905,4906,4851.77,119.00,59.00
4906,4907,12770.47,181.00,117.00
4907,4908,1650.48,101.00,25.00
4908,4909,4059.26,155.00,42.00
4909,4910,5246.77,151.00,49.00
4910,4911,3392.12,80.00,59.00
4911,4912,2276.14,77.00,40.00
4912,4913,1096.60,60.00,28.00
4913,4914,6510.11,143.00,66.00
4914,4915,1295.47,50.00,34.00
4915,4916,6709.70,160.00,58.00
4916,4917,1319.82,49.00,34.00
4917,4918,1379.00,51.00,36.00
4918,4919,1490.23,78.00,30.00
4919,4920,5879.99,140.00,92.00
4920,4921,1548.27,70.00,34.00
4921,4922,2607.49,75.00,45.00
4922,4923,4056.71,139.00,54.00
4923,4924,1138.13,42.00,34.00
4924,4925,11216.16,228.00,83.00
4925,4926,5388.57,106.00,86.00
4926,4927,3210.78,70.00,63.00
4927,4928,9509.58,208.00,72.00
4928,4929,10089.29,143.00,96.00
4929,4930,5677.10,120.00,68.00
4930,4931,4859.35,90.00,79.00
4931,4932,15329.40,158.00,131.00
4932,4933,4622.39,101.00,65.00
4933,4934,14132.34,252.00,101.00
4934,4935,7699.25,121.00,108.00
4935,4936,3928.04,129.00,49.00
4936,4937,5128.22,97.00,65.00
4937,4938,6957.08,150.00,66.00
4938,4939,6450.65,191.00,66.00
4939,4940,3443.30,132.00,42.00
4940,4941,2930.85,104.00,44.00
4941,4942,6024.53,213.00,52.00
4942,4943,4798.15,99.00,68.00
4943,4944,11668.68,164.00,131.00
4944,4945,11257.26,165.00,107.00
4945,4946,20293.02,341.00,111.00
4946,4947,22103.63,269.00,186.00
4947,4948,3032.09,75.00,51.00
4948,4949,21607.49,471.00,158.00
4949,4950,5442.83,118.00,58.00
4950,4951,2123.83,60.00,43.00
4951,4952,21741.83,320.00,154.00
4952,4953,4921.41,137.00,53.00
4953,4954,14975.44,361.00,92.00
4954,4955,5582.50,117.00,72.00
4955,4956,9991.43,163.00,86.00
4956,4957,10019.53,155.00,116.00
4957,4958,7080.57,130.00,90.00
4958,4959,45625.03,478.00,166.00
4959,4960,21985.55,213.00,158.00
4960,4961,12622.12,308.00,105.00
4961,4962,5512.58,116.00,70.00
4962,4963,28263.67,381.00,160.00
4963,4964,7282.55,215.00,68.00
4964,4965,3009.12,99.00,41.00
4965,4966,14095.83,210.00,146.00
4966,4967,32997.09,387.00,278.00
4967,4968,12193.27,216.00,91.00
4968,4969,7534.55,208.00,59.00
4969,4970,8447.95,175.00,63.00
4970,4971,3309.17,97.00,46.00
4971,4972,7812.00,136.00,78.00
4972,4973,5149.34,89.00,76.00
4973,4974,32997.94,302.00,160.00
4974,4975,3069.79,120.00,40.00
4975,4976,2642.93,102.00,48.00
4976,4977,2977.76,86.00,50.00
4977,4978,2091.60,56.00,51.00
4978,4979,4335.13,108.00,51.00
4979,4980,4879.82,87.00,81.00
4980,4981,13944.54,212.00,112.00
4981,4982,5350.16,121.00,58.00
4982,4983,4686.79,110.00,59.00
4983,4984,6057.46,134.00,61.00
4984,4985,7426.81,136.00,102.00
4985,4986,15527.62,317.00,121.00
4986,4987,7800.76,131.00,102.00
4987,4988,5753.08,123.00,78.00
4988,4989,2869.82,83.00,45.00
4989,4990,8688.76,153.00,124.00
4990,4991,2379.61,90.00,40.00
4991,4992,1296.10,48.00,34.00
4992,4993,5027.82,103.00,71.00
4993,4994,5939.30,126.00,63.00
4994,4995,5285.84,102.00,68.00
4995,4996,3812.40,104.00,51.00
4996,4997,2251.16,72.00,44.00
4997,4998,4356.29,94.00,57.00
4998,4999,15685.74,196.00,112.00
4999,5000,9048.55,182.00,108.00
5000,5001,11063.59,130.00,124.00
5001,5002,8695.30,135.00,111.00
5002,5003,10521.25,281.00,103.00
5003,5004,5804.70,187.00,67.00
5004,5005,3384.70,98.00,53.00
5005,5006,14831.85,277.00,104.00
5006,5007,3938.12,99.00,60.00
5007,5008,5375.87,129.00,65.00
5008,5009,30278.67,437.00,143.00
5009,5010,2654.12,65.00,59.00
5010,5011,6802.33,118.00,83.00
5011,5012,16299.41,252.00,106.00
5012,5013,1767.46,58.00,37.00
5013,5014,6253.70,180.00,55.00
5014,5015,2309.56,86.00,39.00
5015,5016,1513.24,61.00,38.00
5016,5017,6853.31,129.00,97.00
5017,5018,3170.07,73.00,62.00
5018,5019,14416.24,236.00,151.00
5019,5020,2707.25,75.00,52.00
5020,5021,11165.54,220.00,75.00
5021,5022,6911.10,185.00,66.00
5022,5023,12584.16,199.00,130.00
5023,5024,928.39,48.00,30.00
5024,5025,7184.97,155.00,94.00
5025,5026,2681.43,62.00,60.00
5026,5027,1465.20,50.00,35.00
5027,5028,1751.27,62.00,41.00
5028,5029,1741.81,49.00,45.00
5029,5030,2607.28,101.00,41.00
5030,5031,2491.34,90.00,39.00
5031,5032,2215.69,72.00,44.00
5032,5033,3094.88,97.00,44.00
5033,5034,1641.41,62.00,32.00
5034,5035,2683.58,82.00,46.00
5035,5036,10878.25,158.00,103.00
5036,5037,7761.49,157.00,67.00
5037,5038,6249.23,141.00,74.00
5038,5039,2892.98,71.00,50.00
5039,5040,3984.19,100.00,55.00
5040,5041,10230.77,209.00,81.00
5041,5042,6390.14,227.00,50.00
5042,5043,6796.90,171.00,79.00
5043,5044,32831.84,647.00,123.00
5044,5045,3447.08,88.00,57.00
5045,5046,3841.68,155.00,45.00
5046,5047,10684.67,155.00,121.00
5047,5048,30893.09,426.00,137.00
5048,5049,2343.73,70.00,48.00
5049,5050,3371.02,96.00,48.00
5050,5051,2626.95,98.00,40.00
5051,5052,8396.73,194.00,84.00
5052,5053,19556.56,388.00,144.00
5053,5054,4132.48,166.00,41.00
5054,5055,5749.89,172.00,66.00
5055,5056,6986.53,104.00,86.00
5056,5057,8349.84,182.00,90.00
5057,5058,2332.98,66.00,43.00
5058,5059,12142.40,223.00,91.00
5059,5060,2380.34,57.00,55.00
5060,5061,15393.90,225.00,114.00
5061,5062,6370.88,122.00,93.00
5062,5063,3307.08,67.00,67.00
5063,5064,2392.08,60.00,53.00
5064,5065,56593.87,365.00,263.00
5065,5066,13709.08,150.00,132.00
5066,5067,2459.78,83.00,41.00
5067,5068,3077.53,97.00,45.00
5068,5069,10844.25,205.00,101.00
5069,5070,4694.74,171.00,51.00
5070,5071,1730.87,49.00,43.00
5071,5072,1947.09,95.00,46.00
5072,5073,4159.93,93.00,63.00
5073,5074,4901.52,167.00,53.00
5074,5075,1525.84,52.00,40.00
5075,5076,1906.99,69.00,35.00
5076,5077,1273.51,41.00,36.00
5077,5078,2971.52,65.00,56.00
5078,5079,9872.50,152.00,117.00
5079,5080,12379.46,198.00,84.00
5080,5081,7504.11,132.00,79.00
5081,5082,8812.78,343.00,53.00
5082,5083,8121.18,171.00,107.00
5083,5084,12823.38,160.00,130.00
5084,5085,9904.23,220.00,76.00
5085,5086,5402.98,105.00,78.00
5086,5087,3556.35,71.00,69.00
5087,5088,4301.64,83.00,72.00
5088,5089,1340.36,42.00,40.00
5089,5090,11901.71,245.00,98.00
5090,5091,17101.97,288.00,121.00
5091,5092,22859.13,268.00,170.00
5092,5093,28729.79,332.00,140.00
5093,5094,2331.82,78.00,47.00
5094,5095,12285.38,244.00,108.00
5095,5096,11189.89,237.00,107.00
5096,5097,17862.57,207.00,167.00
5097,5098,15724.72,228.00,149.00
5098,5099,19547.28,355.00,109.00
5099,5100,19379.44,354.00,122.00
5100,5101,20279.34,260.00,151.00
5101,5102,42262.63,462.00,188.00
5102,5103,32193.18,217.00,197.00
5103,5104,175402.69,918.00,413.00
5104,5105,72874.86,429.00,268.00
5105,5106,10263.68,148.00,95.00
5106,5107,85038.48,380.00,304.00
5107,5108,20743.98,198.00,174.00
5108,5109,54378.82,493.00,218.00
5109,5110,30079.90,316.00,200.00
5110,5111,4441.45,132.00,65.00
5111,5112,5636.47,116.00,78.00
5112,5113,8736.94,207.00,73.00
5113,5114,6013.13,169.00,50.00
5114,5115,4618.74,152.00,51.00
5115,5116,6360.29,209.00,74.00
5116,5117,4276.29,186.00,43.00
5117,5118,18417.32,361.00,104.00
5118,5119,3909.54,91.00,70.00
5119,5120,12461.57,305.00,105.00
5120,5121,76564.29,607.00,297.00
5121,5122,62114.64,680.00,184.00
5122,5123,67228.71,568.00,254.00
5123,5124,37416.54,275.00,236.00
5124,5125,6875.52,140.00,67.00
5125,5126,2877.13,76.00,51.00
5126,5127,4335.44,113.00,55.00
5127,5128,10643.46,177.00,103.00
5128,5129,7730.53,170.00,91.00
5129,5130,38285.35,557.00,162.00
5130,5131,8036.88,220.00,67.00
5131,5132,22680.68,263.00,131.00
5132,5133,7408.96,171.00,97.00
5133,5134,117824.00,889.00,285.00
5134,5135,15770.53,179.00,143.00
5135,5136,46356.89,293.00,249.00
5136,5137,17221.81,202.00,138.00
5137,5138,36735.97,304.00,223.00
5138,5139,12067.24,164.00,138.00
5139,5140,12229.48,221.00,120.00
5140,5141,39374.16,289.00,195.00
5141,5142,47072.30,460.00,256.00
5142,5143,13173.59,163.00,129.00
5143,5144,8638.38,137.00,96.00
5144,5145,11752.38,157.00,119.00
5145,5146,24297.46,254.00,148.00
5146,5147,4059.79,139.00,58.00
5147,5148,7341.94,112.00,90.00
5148,5149,14688.36,200.00,118.00
5149,5150,3254.21,116.00,42.00
5150,5151,4552.07,153.00,60.00
5151,5152,4930.59,149.00,55.00
5152,5153,5931.33,121.00,70.00
5153,5154,4036.46,115.00,52.00
5154,5155,2837.82,85.00,45.00
5155,5156,7472.94,192.00,67.00
5156,5157,2747.36,92.00,46.00
5157,5158,6895.33,158.00,75.00
5158,5159,3922.69,114.00,52.00
5159,5160,7776.61,138.00,103.00
5160,5161,29163.39,452.00,160.00
5161,5162,16969.87,228.00,124.00
5162,5163,14192.36,223.00,125.00
5163,5164,24978.60,243.00,183.00
5164,5165,4585.63,130.00,59.00
5165,5166,15883.99,220.00,124.00
5166,5167,5029.41,143.00,60.00
5167,5168,38303.23,293.00,290.00
5168,5169,13358.16,234.00,108.00
5169,5170,24973.66,278.00,171.00
5170,5171,38663.71,317.00,267.00
5171,5172,11643.81,185.00,92.00
5172,5173,14769.76,388.00,100.00
5173,5174,8463.36,352.00,50.00
5174,5175,18600.13,219.00,181.00
5175,5176,51201.67,626.00,246.00
5176,5177,13228.64,196.00,91.00
5177,5178,5869.52,125.00,76.00
5178,5179,10914.63,149.00,107.00
5179,5180,50903.56,566.00,180.00
5180,5181,6732.14,148.00,61.00
5181,5182,39982.15,417.00,207.00
5182,5183,30912.37,425.00,189.00
5183,5184,15526.21,241.00,95.00
5184,5185,17805.07,218.00,147.00
5185,5186,5699.79,118.00,59.00
5186,5187,3296.09,98.00,57.00
5187,5188,5705.62,103.00,93.00
5188,5189,336498.58,1290.00,510.00
5189,5190,435208.10,1344.00,539.00
5190,5191,57823.26,411.00,265.00
5191,5192,17496.43,257.00,134.00
5192,5193,19356.06,213.00,190.00
5193,5194,6676.52,182.00,70.00
5194,5195,17127.04,320.00,140.00
5195,5196,9771.54,138.00,127.00
5196,5197,134103.40,712.00,376.00
5197,5198,18720.23,240.00,154.00
5198,5199,38329.63,297.00,235.00
5199,5200,77957.84,440.00,361.00
5200,5201,2763.00,103.00,37.00
5201,5202,14286.16,208.00,108.00
5202,5203,4051.45,91.00,56.00
5203,5204,5108.21,99.00,76.00
5204,5205,4351.05,102.00,97.00
5205,5206,5861.87,116.00,94.00
5206,5207,9914.39,220.00,78.00
5207,5208,23753.11,289.00,146.00
5208,5209,22965.32,453.00,150.00
5209,5210,32951.09,355.00,160.00
5210,5211,24332.32,413.00,151.00
5211,5212,24481.95,323.00,151.00
5212,5213,9361.67,166.00,104.00
5213,5214,7603.85,202.00,81.00
5214,5215,7291.84,293.00,52.00
5215,5216,8680.06,185.00,68.00
5216,5217,193844.41,1164.00,279.00
5217,5218,2222.81,98.00,31.00
5218,5219,35248.91,361.00,198.00
5219,5220,2929.81,69.00,54.00
5220,5221,4211.01,113.00,83.00
5221,5222,20766.12,192.00,154.00
5222,5223,7722.55,175.00,67.00
5223,5224,9618.94,150.00,87.00
5224,5225,9327.82,171.00,71.00
5225,5226,22028.91,291.00,118.00
5226,5227,7775.45,273.00,60.00
5227,5228,7490.95,212.00,74.00
5228,5229,38207.16,303.00,206.00
5229,5230,57571.88,341.00,332.00
5230,5231,6574.53,166.00,74.00
5231,5232,9198.66,155.00,82.00
5232,5233,4601.70,166.00,45.00
5233,5234,12968.32,239.00,85.00
5234,5235,30508.44,667.00,183.00
5235,5236,34986.70,407.00,165.00
5236,5237,8713.26,123.00,97.00
5237,5238,243.19,34.00,12.00
5238,5239,32834.98,385.00,176.00
5239,5240,23809.72,379.00,182.00
5240,5241,13550.72,311.00,107.00
5241,5242,5515.72,278.00,43.00
5242,5243,4593.61,181.00,47.00
5243,5244,9630.26,214.00,111.00
5244,5245,23291.34,283.00,121.00
5245,5246,17122.47,329.00,132.00
5246,5247,16008.72,309.00,131.00
5247,5248,4611.05,115.00,69.00
5248,5249,21304.51,296.00,154.00
5249,5250,6223.10,237.00,55.00
5250,5251,9231.55,316.00,63.00
5251,5252,21717.33,332.00,119.00
5252,5253,12885.69,219.00,73.00
5253,5254,11608.55,202.00,117.00
5254,5255,8058.78,167.00,85.00
5255,5256,3847.47,101.00,67.00
5256,5257,8574.64,115.00,108.00
5257,5258,4250.10,113.00,53.00
5258,5259,8745.36,118.00,114.00
5259,5260,8578.50,203.00,55.00
5260,5261,5367.56,128.00,63.00
5261,5262,73378.05,588.00,216.00
5262,5263,14906.65,182.00,135.00
5263,5264,14045.88,220.00,105.00
5264,5265,30996.72,302.00,155.00
5265,5266,271563.27,714.00,530.00
5266,5267,13782.61,236.00,100.00
5267,5268,46265.32,515.00,143.00
5268,5269,24031.46,230.00,203.00
5269,5270,15635.00,287.00,102.00
5270,5271,15269.40,291.00,128.00
5271,5272,4218.88,106.00,61.00
5272,5273,36811.05,378.00,165.00
5273,5274,10745.13,213.00,79.00
5274,5275,10607.75,220.00,72.00
5275,5276,3186.55,81.00,56.00
5276,5277,4183.36,100.00,53.00
5277,5278,11744.36,212.00,84.00
5278,5279,5348.35,171.00,67.00
5279,5280,65955.22,537.00,173.00
5280,5281,10602.53,206.00,97.00
5281,5282,21254.36,242.00,154.00
5282,5283,36897.98,503.00,165.00
5283,5284,5431.20,179.00,56.00
5284,5285,3920.95,85.00,60.00
5285,5286,28595.72,366.00,155.00
5286,5287,10038.88,235.00,90.00
5287,5288,23171.68,382.00,110.00
5288,5289,61760.50,414.00,237.00
5289,5290,11469.98,263.00,85.00
5290,5291,19032.71,204.00,145.00
5291,5292,6397.03,103.00,93.00
5292,5293,45138.13,354.00,235.00
5293,5294,5146.03,118.00,61.00
5294,5295,60041.08,489.00,297.00
5295,5296,4638.40,160.00,42.00
5296,5297,19861.77,343.00,102.00
5297,5298,15746.69,204.00,106.00
5298,5299,51741.61,410.00,237.00
5299,5300,9493.69,265.00,90.00
5300,5301,4778.57,111.00,58.00
5301,5302,24754.87,289.00,131.00
5302,5303,5461.82,119.00,81.00
5303,5304,8384.44,204.00,80.00
5304,5305,5836.69,136.00,62.00
5305,5306,26774.33,655.00,153.00
5306,5307,15195.01,420.00,75.00
5307,5308,16585.09,258.00,100.00
5308,5309,8667.37,191.00,87.00
5309,5310,7205.84,168.00,73.00
5310,5311,9228.89,144.00,97.00
5311,5312,19420.78,282.00,101.00
5312,5313,24105.02,395.00,120.00
5313,5314,13378.08,217.00,164.00
5314,5315,71771.77,385.00,378.00
5315,5316,13199.10,290.00,95.00
5316,5317,5233.25,117.00,61.00
5317,5318,16444.77,290.00,132.00
5318,5319,14440.59,230.00,132.00
5319,5320,6987.32,138.00,89.00
5320,5321,10279.80,216.00,83.00
5321,5322,6464.71,180.00,55.00
5322,5323,5549.98,112.00,72.00
5323,5324,3930.78,120.00,54.00
5324,5325,5085.74,230.00,40.00
5325,5326,17761.94,253.00,136.00
5326,5327,10849.06,298.00,77.00
5327,5328,25127.20,311.00,168.00
5328,5329,9211.39,230.00,75.00
5329,5330,3179.94,80.00,68.00
5330,5331,6033.30,95.00,94.00
5331,5332,14015.65,246.00,105.00
5332,5333,3101.96,93.00,48.00
5333,5334,1410.18,56.00,36.00
5334,5335,1654.27,63.00,36.00
5335,5336,1983.98,56.00,44.00
5336,5337,2672.26,79.00,50.00
5337,5338,1276.88,50.00,40.00
5338,5339,1756.60,54.00,42.00
5339,5340,2134.07,57.00,45.00
5340,5341,14028.24,231.00,103.00
5341,5342,6890.65,119.00,85.00
5342,5343,4131.82,106.00,53.00
5343,5344,2470.15,69.00,47.00
5344,5345,4252.74,110.00,52.00
5345,5346,24174.73,268.00,176.00
5346,5347,40383.02,302.00,210.00
5347,5348,4815.53,133.00,53.00
5348,5349,8728.71,148.00,124.00
5349,5350,3620.12,96.00,73.00
5350,5351,2663.84,60.00,53.00
5351,5352,3061.61,124.00,42.00
5352,5353,4866.58,187.00,51.00
5353,5354,11161.85,262.00,74.00
5354,5355,4238.98,127.00,47.00
5355,5356,3952.38,192.00,48.00
5356,5357,4287.28,120.00,53.00
5357,5358,2698.64,88.00,42.00
5358,5359,4786.30,207.00,45.00
5359,5360,5690.39,159.00,68.00
5360,5361,3480.25,135.00,41.00
5361,5362,2751.97,112.00,43.00
5362,5363,1920.09,85.00,34.00
5363,5364,2369.96,69.00,45.00
5364,5365,3784.94,96.00,61.00
5365,5366,3705.89,139.00,49.00
5366,5367,4039.34,78.00,70.00
5367,5368,5239.15,146.00,61.00
5368,5369,9703.66,189.00,105.00
5369,5370,1418.00,61.00,32.00
5370,5371,2354.67,75.00,44.00
5371,5372,2082.60,85.00,36.00
5372,5373,7042.33,234.00,72.00
5373,5374,3379.99,79.00,55.00
5374,5375,1638.52,52.00,47.00
5375,5376,7906.46,233.00,59.00
5376,5377,6503.81,204.00,55.00
5377,5378,10023.86,256.00,57.00
5378,5379,12364.14,156.00,146.00
5379,5380,6119.54,111.00,81.00
5380,5381,7007.69,208.00,89.00
5381,5382,2715.35,77.00,47.00
5382,5383,1927.28,75.00,38.00
5383,5384,33235.20,385.00,181.00
5384,5385,3304.99,104.00,40.00
5385,5386,9233.29,146.00,85.00
5386,5387,2867.91,86.00,50.00
5387,5388,4817.25,99.00,66.00
5388,5389,5140.60,89.00,73.00
5389,5390,4016.78,90.00,69.00
5390,5391,3816.15,89.00,55.00
5391,5392,4711.53,129.00,98.00
5392,5393,17717.95,258.00,110.00
5393,5394,8262.93,221.00,96.00
5394,5395,4918.97,102.00,98.00
5395,5396,2982.34,69.00,57.00
5396,5397,1773.21,51.00,43.00
5397,5398,14711.60,211.00,107.00
5398,5399,7923.70,109.00,97.00
5399,5400,2101.23,54.00,52.00
5400,5401,3034.50,79.00,53.00
5401,5402,4211.59,127.00,58.00
5402,5403,3836.02,109.00,68.00
5403,5404,3470.90,98.00,55.00
5404,5405,4741.55,133.00,60.00
5405,5406,13256.68,202.00,93.00
5406,5407,10556.41,133.00,110.00
5407,5408,3250.83,103.00,50.00
5408,5409,6184.89,123.00,80.00
5409,5410,4726.20,101.00,68.00
5410,5411,5326.24,132.00,59.00
5411,5412,2146.97,61.00,46.00
5412,5413,5236.45,91.00,72.00
5413,5414,3237.60,90.00,53.00
5414,5415,27201.55,376.00,175.00
5415,5416,3395.92,90.00,45.00
5416,5417,3523.54,137.00,58.00
5417,5418,9294.27,176.00,89.00
5418,5419,5895.40,205.00,55.00
5419,5420,2346.81,97.00,36.00
5420,5421,14463.71,240.00,120.00
5421,5422,5340.80,117.00,78.00
5422,5423,4944.26,114.00,62.00
5423,5424,4825.82,107.00,77.00
5424,5425,2923.68,98.00,52.00
5425,5426,294913.98,824.00,721.00
5426,5427,65424.82,498.00,234.00
5427,5428,79196.42,813.00,246.00
5428,5429,13048.49,396.00,81.00
5429,5430,13361.27,153.00,134.00
5430,5431,14593.98,416.00,92.00
5431,5432,14619.82,412.00,109.00
5432,5433,17224.60,423.00,176.00
5433,5434,5759.57,182.00,89.00
5434,5435,2945.40,138.00,45.00
5435,5436,2502.31,66.00,48.00
5436,5437,1827.74,65.00,41.00
5437,5438,1165.29,57.00,31.00
5438,5439,26858.20,459.00,126.00
5439,5440,5204.49,141.00,88.00
5440,5441,393.72,74.00,8.00
5441,5442,78995.64,634.00,235.00
5442,5443,73702.99,520.00,279.00
5443,5444,21947.48,469.00,126.00
5444,5445,81743.80,451.00,374.00
5445,5446,6133.19,140.00,64.00
5446,5447,19620.45,230.00,139.00
5447,5448,14345.24,259.00,135.00
5448,5449,22881.17,277.00,163.00
5449,5450,43312.02,354.00,294.00
5450,5451,14808.31,250.00,104.00
5451,5452,5714.06,188.00,62.00
5452,5453,2720.47,91.00,43.00
5453,5454,47812.95,480.00,208.00
5454,5455,9409.39,130.00,115.00
5455,5456,45506.80,513.00,179.00
5456,5457,2521.03,173.00,45.00
5457,5458,12191.53,218.00,95.00
5458,5459,4586.45,166.00,52.00
5459,5460,2621.78,69.00,46.00
5460,5461,2961.76,88.00,52.00
5461,5462,11632.47,126.00,124.00
5462,5463,29442.17,380.00,177.00
5463,5464,12351.14,351.00,62.00
5464,5465,8665.70,228.00,66.00
5465,5466,27171.97,249.00,176.00
5466,5467,7816.52,117.00,105.00
5467,5468,10106.96,149.00,112.00
5468,5469,5388.46,117.00,73.00
5469,5470,12885.31,230.00,113.00
5470,5471,21458.50,201.00,159.00
5471,5472,17310.75,320.00,102.00
5472,5473,21344.83,265.00,144.00
5473,5474,20118.05,195.00,169.00
5474,5475,7068.09,298.00,51.00
5475,5476,8132.45,230.00,55.00
5476,5477,13690.19,168.00,123.00
5477,5478,6221.82,106.00,89.00
5478,5479,11568.85,147.00,115.00
5479,5480,28063.47,481.00,140.00
5480,5481,5384.55,102.00,82.00
5481,5482,11708.75,319.00,90.00
5482,5483,11837.15,140.00,128.00
5483,5484,6902.63,114.00,108.00
5484,5485,14348.93,246.00,100.00
5485,5486,2322.62,73.00,45.00
5486,5487,5686.68,140.00,81.00
5487,5488,4264.18,92.00,61.00
5488,5489,2324.17,77.00,40.00
5489,5490,3808.10,106.00,65.00
5490,5491,3982.86,102.00,61.00
5491,5492,2499.26,103.00,35.00
5492,5493,8282.84,132.00,99.00
5493,5494,6308.03,141.00,85.00
5494,5495,13910.20,232.00,103.00
5495,5496,6645.38,201.00,86.00
5496,5497,5753.61,93.00,87.00
5497,5498,5785.47,118.00,71.00
5498,5499,13824.03,368.00,108.00
5499,5500,6771.00,128.00,97.00
5500,5501,32367.12,363.00,145.00
5501,5502,6316.36,290.00,42.00
5502,5503,2760.13,81.00,65.00
5503,5504,19675.33,312.00,129.00
5504,5505,2323.54,87.00,46.00
5505,5506,4928.50,104.00,75.00
5506,5507,2152.43,74.00,44.00
5507,5508,11667.88,179.00,104.00
5508,5509,8051.40,147.00,103.00
5509,5510,7262.91,156.00,87.00
5510,5511,5702.72,124.00,66.00
5511,5512,5133.99,123.00,63.00
5512,5513,6166.94,182.00,56.00
5513,5514,2587.69,62.00,52.00
5514,5515,5360.04,216.00,49.00
5515,5516,5011.17,230.00,68.00
5516,5517,10741.08,217.00,92.00
5517,5518,3770.04,125.00,57.00
5518,5519,3281.38,133.00,45.00
5519,5520,8280.57,204.00,72.00
5520,5521,4690.27,118.00,64.00
5521,5522,2300.88,62.00,54.00
5522,5523,13446.16,220.00,106.00
5523,5524,5740.38,136.00,74.00
5524,5525,4210.70,196.00,44.00
5525,5526,4904.02,167.00,68.00
5526,5527,10903.01,208.00,80.00
5527,5528,18607.15,365.00,122.00
5528,5529,5227.61,106.00,79.00
5529,5530,4316.14,127.00,58.00
5530,5531,13987.26,357.00,62.00
5531,5532,24825.57,274.00,134.00
5532,5533,19476.88,206.00,200.00
5533,5534,6697.97,117.00,113.00
5534,5535,4094.35,104.00,60.00
5535,5536,30609.32,419.00,113.00
5536,5537,24852.33,356.00,161.00
5537,5538,5575.64,199.00,41.00
5538,5539,6773.55,155.00,67.00
5539,5540,34290.43,271.00,195.00
5540,5541,22556.94,289.00,108.00
5541,5542,9493.04,226.00,76.00
5542,5543,12152.08,153.00,109.00
5543,5544,6267.56,180.00,51.00
5544,5545,6238.28,167.00,61.00
5545,5546,15896.29,229.00,143.00
5546,5547,5670.10,117.00,67.00
5547,5548,16079.80,236.00,111.00
5548,5549,22169.70,333.00,136.00
5549,5550,3210.66,78.00,51.00
5550,5551,3308.79,79.00,50.00
5551,5552,12976.80,163.00,122.00
5552,5553,32873.96,381.00,156.00
5553,5554,6596.93,175.00,94.00
5554,5555,3734.16,80.00,57.00
5555,5556,7746.08,222.00,81.00
5556,5557,8830.76,201.00,115.00
5557,5558,4325.88,109.00,59.00
5558,5559,1452.04,80.00,32.00
5559,5560,4884.89,106.00,63.00
5560,5561,6690.42,116.00,93.00
5561,5562,14283.92,190.00,116.00
5562,5563,4888.19,133.00,61.00
5563,5564,2424.49,67.00,54.00
5564,5565,6341.69,140.00,67.00
5565,5566,13017.63,237.00,92.00
5566,5567,14081.65,248.00,102.00
5567,5568,11974.98,140.00,124.00
5568,5569,15969.13,531.00,93.00
5569,5570,7880.16,225.00,75.00
5570,5571,19078.63,231.00,120.00
5571,5572,11731.49,193.00,93.00
5572,5573,7852.64,266.00,67.00
5573,5574,9566.01,191.00,77.00
5574,5575,4722.86,121.00,52.00
5575,5576,2077.10,51.00,48.00
5576,5577,5479.00,148.00,69.00
5577,5578,4959.48,103.00,69.00
5578,5579,3968.81,146.00,41.00
5579,5580,4939.48,136.00,53.00
5580,5581,8972.66,151.00,80.00
5581,5582,4737.27,140.00,46.00
5582,5583,10690.55,169.00,86.00
5583,5584,17664.95,247.00,112.00
5584,5585,111425.51,594.00,351.00
5585,5586,59335.73,592.00,225.00
5586,5587,27713.68,265.00,177.00
5587,5588,8417.90,152.00,81.00
5588,5589,6243.71,117.00,76.00
5589,5590,10771.04,249.00,96.00
5590,5591,1429.93,91.00,34.00
5591,5592,5202.30,125.00,72.00
5592,5593,4678.66,106.00,78.00
5593,5594,9104.50,158.00,104.00
5594,5595,7100.08,129.00,83.00
5595,5596,7240.67,121.00,96.00
5596,5597,8955.87,148.00,105.00
5597,5598,4215.71,83.00,70.00
5598,5599,16332.13,248.00,164.00
5599,5600,21990.00,256.00,148.00
5600,5601,3618.95,83.00,64.00
5601,5602,8002.36,113.00,101.00
5602,5603,10469.86,188.00,105.00
5603,5604,9521.85,183.00,102.00
5604,5605,20418.70,203.00,182.00
5605,5606,8196.80,200.00,67.00
5606,5607,11399.06,159.00,110.00
5607,5608,4590.20,116.00,56.00
5608,5609,5245.14,107.00,71.00
5609,5610,7661.49,149.00,99.00
5610,5611,10831.04,234.00,87.00
5611,5612,7752.00,116.00,97.00
5612,5613,14375.71,242.00,109.00
5613,5614,9599.65,192.00,95.00
5614,5615,11001.24,235.00,86.00
5615,5616,3778.56,110.00,60.00
5616,5617,3615.65,104.00,56.00
5617,5618,15053.40,199.00,111.00
5618,5619,7486.28,128.00,86.00
5619,5620,3475.54,91.00,58.00
5620,5621,22976.35,477.00,133.00
5621,5622,3052.81,128.00,38.00
5622,5623,2984.73,107.00,43.00
5623,5624,8054.45,259.00,58.00
5624,5625,16148.16,228.00,112.00
5625,5626,6929.91,212.00,83.00
5626,5627,6651.71,163.00,79.00
5627,5628,17558.96,226.00,133.00
5628,5629,4627.27,131.00,55.00
5629,5630,2777.08,97.00,39.00
5630,5631,2115.07,75.00,36.00
5631,5632,1622.12,72.00,38.00
5632,5633,6704.50,139.00,74.00
5633,5634,8092.50,182.00,68.00
5634,5635,35156.14,376.00,195.00
5635,5636,32113.49,327.00,138.00
5636,5637,16789.95,277.00,101.00
5637,5638,15537.45,202.00,140.00
5638,5639,22780.30,269.00,137.00
5639,5640,17954.62,253.00,108.00
5640,5641,15981.69,283.00,106.00
5641,5642,7588.64,187.00,89.00
5642,5643,5175.06,121.00,69.00
5643,5644,21550.84,277.00,135.00
5644,5645,2938.26,115.00,43.00
5645,5646,1941.06,76.00,44.00
5646,5647,3303.58,170.00,39.00
5647,5648,4924.35,103.00,87.00
5648,5649,4196.38,129.00,43.00
5649,5650,2821.72,101.00,44.00
5650,5651,11703.15,126.00,122.00
5651,5652,1096.54,47.00,30.00
5652,5653,25585.61,263.00,149.00
5653,5654,7261.39,118.00,102.00
5654,5655,3136.29,115.00,41.00
5655,5656,1649.39,79.00,32.00
5656,5657,8216.33,121.00,93.00
5657,5658,5398.26,109.00,80.00
5658,5659,4258.62,185.00,45.00
5659,5660,8654.56,157.00,113.00
5660,5661,7796.76,140.00,100.00
5661,5662,2749.22,72.00,49.00
5662,5663,6749.41,208.00,74.00
5663,5664,4862.92,126.00,65.00
5664,5665,5667.70,157.00,55.00
5665,5666,3980.53,123.00,49.00
5666,5667,2071.19,106.00,34.00
5667,5668,9269.51,240.00,102.00
5668,5669,6168.07,186.00,58.00
5669,5670,2159.23,76.00,53.00
5670,5671,15359.94,584.00,112.00
5671,5672,964.24,72.00,21.00
5672,5673,11737.83,316.00,70.00
5673,5674,10090.69,363.00,59.00
5674,5675,16318.50,214.00,152.00
5675,5676,13609.56,210.00,109.00
5676,5677,7197.05,219.00,83.00
5677,5678,18422.71,288.00,104.00
5678,5679,2500.73,76.00,45.00
5679,5680,1313.54,43.00,38.00
5680,5681,1269.34,59.00,34.00
5681,5682,2300.17,84.00,44.00
5682,5683,1832.25,77.00,34.00
5683,5684,16841.81,238.00,117.00
5684,5685,6027.92,156.00,60.00
5685,5686,8028.62,137.00,79.00
5686,5687,4035.57,123.00,46.00
5687,5688,16410.56,235.00,116.00
5688,5689,17981.95,280.00,120.00
5689,5690,8767.04,171.00,81.00
5690,5691,5269.55,112.00,61.00
5691,5692,5899.77,192.00,59.00
5692,5693,2530.53,81.00,41.00
5693,5694,4884.59,121.00,60.00
5694,5695,8348.25,115.00,101.00
5695,5696,27127.69,275.00,162.00
5696,5697,5445.95,181.00,54.00
5697,5698,5164.61,171.00,52.00
5698,5699,4959.01,136.00,58.00
5699,5700,5471.10,242.00,56.00
5700,5701,12715.74,284.00,119.00
5701,5702,24914.00,262.00,143.00
5702,5703,8329.91,205.00,66.00
5703,5704,6334.66,189.00,51.00
5704,5705,6293.21,173.00,82.00
5705,5706,7654.08,236.00,72.00
5706,5707,8508.80,178.00,85.00
5707,5708,10591.80,243.00,84.00
5708,5709,4753.58,150.00,46.00
5709,5710,22632.29,470.00,125.00
5710,5711,5645.61,157.00,60.00
5711,5712,6183.01,99.00,95.00
5712,5713,7357.23,181.00,65.00
5713,5714,10175.12,195.00,97.00
5714,5715,3008.20,101.00,42.00
5715,5716,2023.62,72.00,39.00
5716,5717,1472.95,68.00,32.00
5717,5718,3695.27,104.00,56.00
5718,5719,35174.76,328.00,246.00
5719,5720,2097.89,67.00,49.00
5720,5721,4157.82,91.00,56.00
5721,5722,18457.05,309.00,95.00
5722,5723,7620.54,217.00,82.00
5723,5724,10277.31,393.00,64.00
5724,5725,44850.54,513.00,201.00
5725,5726,6589.69,220.00,67.00
5726,5727,4495.73,120.00,55.00
5727,5728,2115.39,72.00,41.00
5728,5729,4542.10,133.00,53.00
5729,5730,1435.03,55.00,34.00
5730,5731,2074.34,64.00,42.00
5731,5732,21286.68,196.00,154.00
5732,5733,6579.67,116.00,88.00
5733,5734,7119.35,129.00,90.00
5734,5735,6143.63,296.00,56.00
5735,5736,3368.82,179.00,37.00
5736,5737,15269.61,378.00,94.00
5737,5738,9234.50,131.00,92.00
5738,5739,11353.09,164.00,112.00
5739,5740,6999.51,143.00,91.00
5740,5741,25377.95,389.00,143.00
5741,5742,175261.11,706.00,480.00
5742,5743,67082.28,583.00,224.00
5743,5744,68113.05,712.00,179.00
5744,5745,20814.57,218.00,170.00
5745,5746,49992.12,770.00,182.00
5746,5747,56636.66,551.00,182.00
5747,5748,10241.47,217.00,75.00
5748,5749,13845.86,317.00,82.00
5749,5750,42749.90,487.00,178.00
5750,5751,10610.78,203.00,83.00
5751,5752,121539.74,710.00,256.00
5752,5753,6105.01,132.00,92.00
5753,5754,11637.73,175.00,111.00
5754,5755,22532.05,292.00,150.00
5755,5756,6898.87,193.00,68.00
5756,5757,3009.64,92.00,45.00
5757,5758,67685.54,741.00,218.00
5758,5759,5341.31,95.00,88.00
5759,5760,11702.99,308.00,101.00
5760,5761,5360.73,118.00,73.00
5761,5762,45692.92,740.00,203.00
5762,5763,10127.37,169.00,153.00
5763,5764,7617.61,143.00,75.00
5764,5765,14108.27,281.00,94.00
5765,5766,3328.69,96.00,58.00
5766,5767,15628.36,313.00,130.00
5767,5768,12727.24,173.00,135.00
5768,5769,5934.32,267.00,66.00
5769,5770,9728.83,305.00,110.00
5770,5771,5650.78,231.00,70.00
5771,5772,14031.05,200.00,102.00
5772,5773,10409.25,345.00,56.00
5773,5774,4314.50,119.00,70.00
5774,5775,4722.72,117.00,62.00
5775,5776,14077.97,276.00,123.00
5776,5777,26076.48,355.00,125.00
5777,5778,18998.03,403.00,94.00
5778,5779,7825.29,137.00,84.00
5779,5780,52703.18,1125.00,198.00
5780,5781,12989.01,242.00,109.00
5781,5782,56065.21,506.00,269.00
5782,5783,10116.62,271.00,70.00
5783,5784,11880.41,235.00,81.00
5784,5785,24617.71,307.00,181.00
5785,5786,6562.02,137.00,75.00
5786,5787,11828.96,199.00,102.00
5787,5788,8313.77,192.00,72.00
5788,5789,62448.66,721.00,201.00
5789,5790,11376.88,216.00,95.00
5790,5791,5456.01,210.00,65.00
5791,5792,20810.57,635.00,97.00
5792,5793,7192.51,252.00,69.00
5793,5794,2871.08,172.00,40.00
5794,5795,16708.70,376.00,117.00
5795,5796,10132.28,166.00,116.00
5796,5797,2021.05,71.00,40.00
5797,5798,2250.60,61.00,49.00
5798,5799,1613.92,85.00,30.00
5799,5800,694.18,34.00,29.00
5800,5801,17773.24,252.00,119.00
5801,5802,5515.18,106.00,75.00
5802,5803,6878.78,141.00,63.00
5803,5804,13467.01,146.00,146.00
5804,5805,20212.92,356.00,153.00
5805,5806,10248.01,180.00,89.00
5806,5807,43462.10,364.00,229.00
5807,5808,15187.84,364.00,96.00
5808,5809,3752.61,88.00,79.00
5809,5810,2925.91,86.00,45.00
5810,5811,44108.33,758.00,130.00
5811,5812,2153.16,87.00,39.00
5812,5813,2113.70,68.00,45.00
5813,5814,1243.72,47.00,40.00
5814,5815,1683.07,54.00,37.00
5815,5816,3917.18,90.00,64.00
5816,5817,5831.64,107.00,82.00
5817,5818,42214.98,325.00,242.00
5818,5819,2523.98,64.00,52.00
5819,5820,7218.77,105.00,97.00
5820,5821,8289.60,177.00,78.00
5821,5822,24716.84,215.00,182.00
5822,5823,6660.25,152.00,79.00
5823,5824,2628.99,71.00,59.00
5824,5825,2877.18,79.00,50.00
5825,5826,16007.92,332.00,101.00
5826,5827,8842.34,170.00,87.00
5827,5828,2150.00,72.00,43.00
5828,5829,14576.11,250.00,113.00
5829,5830,3299.79,111.00,54.00
5830,5831,1787.11,56.00,44.00
5831,5832,2516.57,85.00,55.00
5832,5833,1949.80,70.00,40.00
5833,5834,4468.33,123.00,90.00
5834,5835,20361.03,283.00,162.00
5835,5836,10567.14,214.00,98.00
5836,5837,11576.81,160.00,127.00
5837,5838,6309.12,118.00,73.00
5838,5839,5229.65,105.00,66.00
5839,5840,7262.13,164.00,72.00
5840,5841,2170.11,65.00,47.00
5841,5842,1197.55,54.00,30.00
5842,5843,16669.07,193.00,119.00
5843,5844,6694.73,131.00,75.00
5844,5845,5452.34,148.00,57.00
5845,5846,4460.70,108.00,58.00
5846,5847,9594.01,153.00,107.00
5847,5848,7605.67,175.00,79.00
5848,5849,9883.17,155.00,110.00
5849,5850,13530.73,238.00,106.00
5850,5851,19355.21,263.00,125.00
5851,5852,26597.50,240.00,229.00
5852,5853,6307.28,154.00,64.00
5853,5854,12155.68,203.00,95.00
5854,5855,3608.10,119.00,46.00
5855,5856,3961.88,122.00,51.00
5856,5857,5889.65,144.00,65.00
5857,5858,2866.78,64.00,55.00
5858,5859,2969.95,86.00,45.00
5859,5860,37329.57,344.00,293.00
5860,5861,9669.46,286.00,76.00
5861,5862,14718.44,471.00,72.00
5862,5863,56632.71,392.00,227.00
5863,5864,53004.90,707.00,199.00
5864,5865,15218.78,264.00,126.00
5865,5866,6778.47,342.00,44.00
5866,5867,8291.22,200.00,74.00
5867,5868,3909.01,78.00,64.00
5868,5869,7398.02,160.00,80.00
5869,5870,17571.95,352.00,214.00
5870,5871,13974.72,526.00,58.00
5871,5872,3415.15,182.00,41.00
5872,5873,14590.03,237.00,115.00
5873,5874,14618.07,290.00,80.00
5874,5875,24503.22,327.00,165.00
5875,5876,12910.90,282.00,112.00
5876,5877,7820.14,249.00,64.00
5877,5878,11773.38,201.00,103.00
5878,5879,35883.27,448.00,195.00
5879,5880,6139.91,172.00,60.00
5880,5881,4822.11,174.00,44.00
5881,5882,6207.81,289.00,56.00
5882,5883,7986.17,200.00,73.00
5883,5884,24287.15,447.00,126.00
5884,5885,35868.83,441.00,141.00
5885,5886,5720.06,121.00,80.00
5886,5887,30841.71,481.00,147.00
5887,5888,7915.08,327.00,52.00
5888,5889,14445.99,512.00,114.00
5889,5890,33425.78,493.00,149.00
5890,5891,14409.12,298.00,80.00
5891,5892,40276.60,283.00,210.00
5892,5893,13579.72,466.00,75.00
5893,5894,20158.98,511.00,123.00
5894,5895,29554.04,417.00,152.00
5895,5896,10634.68,175.00,97.00
5896,5897,5608.53,126.00,66.00
5897,5898,2970.46,136.00,43.00
5898,5899,2895.16,152.00,44.00
5899,5900,29318.15,257.00,187.00
5900,5901,9390.12,206.00,84.00
5901,5902,17020.06,300.00,114.00
5902,5903,11616.22,224.00,97.00
5903,5904,12860.23,320.00,78.00
5904,5905,14773.82,431.00,86.00
5905,5906,12240.36,194.00,96.00
5906,5907,3797.18,145.00,48.00
5907,5908,12197.26,327.00,99.00
5908,5909,16230.92,502.00,185.00
5909,5910,7171.41,258.00,90.00
5910,5911,3127.53,135.00,38.00
5911,5912,4910.13,110.00,73.00
5912,5913,4914.97,109.00,63.00
5913,5914,5814.69,229.00,50.00
5914,5915,9911.97,184.00,110.00
5915,5916,2604.87,108.00,40.00
5916,5917,7089.60,116.00,97.00
5917,5918,78813.43,828.00,344.00
5918,5919,12528.65,321.00,76.00
5919,5920,9387.97,309.00,75.00
5920,5921,21377.92,180.00,172.00
5921,5922,74181.62,516.00,287.00
5922,5923,14923.42,225.00,108.00
5923,5924,3468.03,143.00,52.00
5924,5925,9865.00,201.00,110.00
5925,5926,10867.11,331.00,111.00
5926,5927,11651.68,372.00,103.00
5927,5928,12730.03,259.00,81.00
5928,5929,15142.68,345.00,121.00
5929,5930,14088.72,334.00,111.00
5930,5931,7889.43,266.00,60.00
5931,5932,87599.57,857.00,303.00
5932,5933,17466.65,499.00,109.00
5933,5934,15521.62,380.00,95.00
5934,5935,5505.29,183.00,67.00
5935,5936,17797.77,214.00,112.00
5936,5937,13896.57,209.00,96.00
5937,5938,22338.32,493.00,108.00
5938,5939,12495.09,395.00,96.00
5939,5940,22516.72,408.00,107.00
5940,5941,5482.30,141.00,53.00
5941,5942,2711.46,155.00,37.00
5942,5943,12055.72,188.00,99.00
5943,5944,14010.41,270.00,119.00
5944,5945,16507.13,375.00,92.00
5945,5946,7709.20,207.00,69.00
5946,5947,7730.19,325.00,92.00
5947,5948,15391.86,411.00,146.00
5948,5949,8786.45,203.00,84.00
5949,5950,14492.81,382.00,104.00
5950,5951,11654.39,411.00,95.00
5951,5952,15505.17,337.00,82.00
5952,5953,6719.64,228.00,92.00
5953,5954,9055.26,183.00,81.00
5954,5955,39334.74,340.00,173.00
5955,5956,32600.77,299.00,194.00
5956,5957,61124.65,374.00,254.00
5957,5958,13365.32,212.00,153.00
5958,5959,19165.30,381.00,117.00
5959,5960,4706.52,212.00,49.00
5960,5961,73514.24,420.00,296.00
5961,5962,15699.76,244.00,131.00
5962,5963,16613.00,210.00,148.00
5963,5964,45174.69,663.00,170.00
5964,5965,13719.07,231.00,121.00
5965,5966,62744.41,732.00,247.00
5966,5967,76122.44,802.00,247.00
5967,5968,29736.72,417.00,125.00
5968,5969,16970.52,246.00,100.00
5969,5970,15893.41,241.00,106.00
5970,5971,26922.38,339.00,160.00
5971,5972,9379.89,193.00,72.00
5972,5973,41773.79,433.00,157.00
5973,5974,12068.37,267.00,111.00
5974,5975,11513.49,233.00,86.00
5975,5976,12134.44,326.00,76.00
5976,5977,7205.92,158.00,74.00
5977,5978,3301.63,94.00,55.00
5978,5979,11792.85,150.00,135.00
5979,5980,4254.43,104.00,57.00
5980,5981,3392.41,105.00,43.00
5981,5982,3534.61,97.00,56.00
5982,5983,3065.71,86.00,53.00
5983,5984,3512.79,80.00,63.00
5984,5985,2096.74,66.00,40.00
5985,5986,13051.29,208.00,87.00
5986,5987,11216.07,263.00,69.00
5987,5988,5008.04,137.00,73.00
5988,5989,12130.69,202.00,91.00
5989,5990,2538.80,85.00,46.00
5990,5991,5508.86,162.00,57.00
5991,5992,1878.04,62.00,47.00
5992,5993,36448.36,544.00,167.00
5993,5994,49461.87,701.00,138.00
5994,5995,18512.32,248.00,125.00
5995,5996,39769.46,507.00,146.00
5996,5997,21284.54,630.00,105.00
5997,5998,14347.26,198.00,105.00
5998,5999,4334.81,136.00,57.00
5999,6000,6237.64,108.00,93.00
6000,6001,30003.35,394.00,140.00
6001,6002,2690.62,133.00,40.00
6002,6003,4591.40,125.00,51.00
6003,6004,5391.81,160.00,60.00
6004,6005,5123.44,138.00,48.00
6005,6006,18059.91,200.00,145.00
6006,6007,7544.09,166.00,74.00
6007,6008,7417.50,233.00,64.00
6008,6009,6265.55,167.00,56.00
6009,6010,13263.64,303.00,119.00
6010,6011,1653.24,57.00,39.00
6011,6012,3961.04,136.00,50.00
6012,6013,3104.52,93.00,46.00
6013,6014,1851.16,71.00,38.00
6014,6015,6630.93,183.00,86.00
6015,6016,7931.73,153.00,119.00
6016,6017,5417.18,186.00,59.00
6017,6018,6803.88,127.00,78.00
6018,6019,11646.95,246.00,86.00
6019,6020,5050.28,106.00,68.00
6020,6021,31047.49,257.00,207.00
6021,6022,4349.19,142.00,56.00
6022,6023,2454.45,78.00,39.00
6023,6024,1667.01,109.00,26.00
6024,6025,2137.34,103.00,31.00
6025,6026,2773.36,107.00,37.00
6026,6027,6341.41,206.00,62.00
6027,6028,3072.18,72.00,52.00
6028,6029,1825.14,89.00,36.00
6029,6030,2660.18,91.00,47.00
6030,6031,4276.71,105.00,69.00
6031,6032,12516.02,269.00,148.00
6032,6033,7499.09,144.00,79.00
6033,6034,3444.24,91.00,63.00
6034,6035,4932.31,117.00,73.00
6035,6036,6503.56,129.00,79.00
6036,6037,1446.63,55.00,36.00
6037,6038,6153.58,302.00,54.00
6038,6039,1118.78,42.00,36.00
6039,6040,3122.98,105.00,80.00
6040,6041,4019.75,105.00,63.00
6041,6042,6988.02,133.00,95.00
6042,6043,3194.48,74.00,71.00
6043,6044,2378.50,69.00,50.00
6044,6045,2231.31,75.00,48.00
6045,6046,3357.14,151.00,53.00
6046,6047,2382.16,58.00,54.00
6047,6048,4271.19,144.00,50.00
6048,6049,4197.47,122.00,50.00
6049,6050,2463.01,92.00,47.00
6050,6051,3753.16,95.00,54.00
6051,6052,108100.41,596.00,380.00
6052,6053,17608.48,265.00,111.00
6053,6054,4134.70,116.00,59.00
6054,6055,9292.34,209.00,133.00
6055,6056,12490.19,172.00,117.00
6056,6057,19545.26,423.00,122.00
6057,6058,10898.76,350.00,70.00
6058,6059,41937.84,644.00,195.00
6059,6060,5910.46,94.00,82.00
6060,6061,1475.53,44.00,43.00
6061,6062,26480.80,304.00,166.00
6062,6063,4546.94,94.00,65.00
6063,6064,1310.08,52.00,36.00
6064,6065,3664.93,109.00,55.00
6065,6066,2390.47,91.00,46.00
6066,6067,3654.91,160.00,34.00
6067,6068,10845.57,264.00,79.00
6068,6069,4828.89,158.00,49.00
6069,6070,2912.10,115.00,40.00
6070,6071,4846.01,147.00,51.00
6071,6072,11268.55,211.00,82.00
6072,6073,2802.20,132.00,53.00
6073,6074,5447.24,109.00,72.00
6074,6075,7606.14,185.00,68.00
6075,6076,7720.17,214.00,111.00
6076,6077,3499.28,205.00,40.00
6077,6078,12725.07,325.00,116.00
6078,6079,4887.69,212.00,50.00
6079,6080,6505.18,167.00,73.00
6080,6081,5798.97,177.00,75.00
6081,6082,2133.77,106.00,33.00
6082,6083,6800.62,166.00,71.00
6083,6084,11396.83,244.00,88.00
6084,6085,7834.05,261.00,60.00
6085,6086,2249.17,71.00,42.00
6086,6087,17492.12,252.00,190.00
6087,6088,7445.90,163.00,91.00
6088,6089,2707.32,96.00,50.00
6089,6090,5339.02,289.00,61.00
6090,6091,3780.88,113.00,52.00
6091,6092,48768.90,410.00,189.00
6092,6093,14727.86,177.00,137.00
6093,6094,7396.11,248.00,50.00
6094,6095,8888.12,254.00,100.00
6095,6096,5931.86,210.00,69.00
6096,6097,1833.21,71.00,37.00
6097,6098,2201.76,96.00,43.00
6098,6099,1788.90,63.00,42.00
6099,6100,2461.30,129.00,42.00
6100,6101,4873.19,236.00,48.00
6101,6102,5118.82,162.00,55.00
6102,6103,15652.07,402.00,115.00
6103,6104,2813.64,121.00,38.00
6104,6105,5269.64,112.00,85.00
6105,6106,17011.43,350.00,101.00
6106,6107,11277.87,458.00,63.00
6107,6108,4616.14,210.00,43.00
6108,6109,4534.46,172.00,70.00
6109,6110,3421.56,74.00,72.00
6110,6111,5257.26,141.00,71.00
6111,6112,1560.46,81.00,29.00
6112,6113,7214.49,294.00,52.00
6113,6114,4113.96,153.00,61.00
6114,6115,3070.49,72.00,62.00
6115,6116,3333.24,79.00,71.00
6116,6117,8359.19,328.00,68.00
6117,6118,4992.07,132.00,55.00
6118,6119,4245.75,108.00,66.00
6119,6120,4092.81,170.00,46.00
6120,6121,2940.03,185.00,27.00
6121,6122,3172.93,86.00,54.00
6122,6123,3462.53,108.00,49.00
6123,6124,2373.02,94.00,45.00
6124,6125,1591.44,73.00,34.00
6125,6126,1980.15,64.00,38.00
6126,6127,3556.55,95.00,53.00
6127,6128,4288.96,127.00,61.00
6128,6129,5561.81,113.00,70.00
6129,6130,4490.92,118.00,54.00
6130,6131,33788.11,335.00,170.00
6131,6132,14925.97,291.00,93.00
6132,6133,8249.87,194.00,76.00
6133,6134,10498.48,273.00,87.00
6134,6135,7007.72,111.00,83.00
6135,6136,3068.68,82.00,72.00
6136,6137,11664.82,242.00,86.00
6137,6138,5219.01,102.00,68.00
6138,6139,11942.03,167.00,124.00
6139,6140,2674.29,76.00,48.00
6140,6141,1563.23,57.00,37.00
6141,6142,1115.10,42.00,33.00
6142,6143,1549.61,52.00,34.00
6143,6144,1841.30,75.00,37.00
6144,6145,4146.22,153.00,52.00
6145,6146,1969.78,88.00,37.00
6146,6147,1991.24,65.00,41.00
6147,6148,2122.02,54.00,54.00
6148,6149,1168.71,40.00,35.00
6149,6150,1786.31,69.00,40.00
6150,6151,6424.10,228.00,58.00
6151,6152,16141.51,248.00,120.00
6152,6153,1224.89,41.00,38.00
6153,6154,1745.89,49.00,42.00
6154,6155,2011.04,68.00,38.00
6155,6156,6713.94,365.00,49.00
6156,6157,7272.95,190.00,79.00
6157,6158,1703.96,60.00,41.00
6158,6159,6394.26,120.00,107.00
6159,6160,4479.29,123.00,71.00
6160,6161,1378.64,61.00,30.00
6161,6162,2277.48,75.00,37.00
6162,6163,5165.63,162.00,61.00
6163,6164,3502.96,158.00,37.00
6164,6165,5007.28,100.00,71.00
6165,6166,1483.87,66.00,34.00
6166,6167,3904.03,147.00,46.00
6167,6168,2745.77,82.00,52.00
6168,6169,4893.93,115.00,79.00
6169,6170,2174.75,66.00,43.00
6170,6171,4711.56,122.00,70.00
6171,6172,1909.67,56.00,45.00
6172,6173,463.63,31.00,20.00
6173,6174,122784.74,760.00,287.00
6174,6175,13219.33,271.00,115.00
6175,6176,2297.42,69.00,48.00
6176,6177,2616.88,96.00,42.00
6177,6178,12234.82,270.00,112.00
6178,6179,2770.81,121.00,37.00
6179,6180,1668.64,55.00,36.00
6180,6181,1235.25,40.00,37.00
6181,6182,1388.70,42.00,40.00
6182,6183,1186.28,55.00,32.00
6183,6184,1923.37,48.00,48.00
6184,6185,11302.60,183.00,104.00
6185,6186,5235.33,118.00,62.00
6186,6187,7479.39,113.00,110.00
6187,6188,696.70,33.00,28.00
6188,6189,5300.14,115.00,60.00
6189,6190,5973.62,157.00,68.00
6190,6191,164474.06,638.00,442.00
6191,6192,57453.97,432.00,217.00
6192,6193,63212.99,553.00,224.00
6193,6194,4894.58,116.00,62.00
6194,6195,6370.61,112.00,97.00
6195,6196,924.17,46.00,31.00
6196,6197,1753.50,67.00,39.00
6197,6198,7270.31,155.00,88.00
6198,6199,1898.36,91.00,31.00
6199,6200,10305.81,141.00,137.00
6200,6201,46283.42,595.00,248.00
6201,6202,15199.98,211.00,115.00
6202,6203,30255.55,509.00,132.00
6203,6204,11839.01,135.00,119.00
6204,6205,1535.39,57.00,37.00
6205,6206,3668.76,100.00,58.00
6206,6207,2273.59,76.00,39.00
6207,6208,2334.25,97.00,37.00
6208,6209,2192.28,83.00,38.00
6209,6210,12830.23,344.00,101.00
6210,6211,4702.84,104.00,69.00
6211,6212,4496.01,121.00,63.00
6212,6213,3723.78,167.00,46.00
6213,6214,5684.46,209.00,49.00
6214,6215,1847.47,84.00,31.00
6215,6216,4254.63,77.00,74.00
6216,6217,3349.90,102.00,56.00
6217,6218,16374.39,222.00,149.00
6218,6219,6293.16,111.00,83.00
6219,6220,15958.29,243.00,126.00
6220,6221,8447.54,168.00,88.00
6221,6222,26402.17,293.00,153.00
6222,6223,10067.67,215.00,70.00
6223,6224,45252.73,478.00,154.00
6224,6225,2087.90,56.00,53.00
6225,6226,23989.62,218.00,172.00
6226,6227,12165.13,153.00,100.00
6227,6228,9744.60,141.00,98.00
6228,6229,16569.40,191.00,126.00
6229,6230,16708.04,225.00,141.00
6230,6231,9687.73,336.00,65.00
6231,6232,6928.09,185.00,63.00
6232,6233,18812.62,285.00,168.00
6233,6234,6312.57,113.00,90.00
6234,6235,2306.40,82.00,44.00
6235,6236,2275.01,130.00,31.00
6236,6237,2243.33,132.00,32.00
6237,6238,2994.47,135.00,36.00
6238,6239,2552.54,203.00,30.00
6239,6240,99.00,31.00,5.00
6240,6241,2638.21,136.00,38.00
6241,6242,6118.41,177.00,70.00
6242,6243,11508.11,151.00,122.00
6243,6244,10643.10,238.00,85.00
6244,6245,4055.17,111.00,55.00
6245,6246,10999.93,136.00,115.00
6246,6247,1914.75,92.00,30.00
6247,6248,1773.92,65.00,35.00
6248,6249,3908.55,178.00,48.00
6249,6250,6507.43,222.00,56.00
6250,6251,9522.70,158.00,89.00
6251,6252,3069.85,81.00,53.00
6252,6253,1152.16,64.00,25.00
6253,6254,3422.91,78.00,60.00
6254,6255,22092.98,287.00,120.00
6255,6256,1851.66,52.00,45.00
6256,6257,2112.24,69.00,43.00
6257,6258,3955.61,345.00,35.00
6258,6259,28161.76,295.00,156.00
6259,6260,9279.80,152.00,111.00
6260,6261,2710.21,107.00,44.00
6261,6262,130961.15,690.00,371.00
6262,6263,4759.00,170.00,67.00
6263,6264,14965.01,213.00,118.00
6264,6265,21790.55,344.00,136.00
6265,6266,47310.72,292.00,270.00
6266,6267,19895.47,300.00,130.00
6267,6268,20139.64,200.00,136.00
6268,6269,15320.22,336.00,101.00
6269,6270,3055.55,92.00,52.00
6270,6271,14243.36,162.00,137.00
6271,6272,20515.17,243.00,131.00
6272,6273,20043.77,275.00,146.00
6273,6274,38974.96,419.00,179.00
6274,6275,3615.75,88.00,57.00
6275,6276,3838.79,256.00,45.00
6276,6277,4128.49,142.00,58.00
6277,6278,2193.35,59.00,52.00
6278,6279,1665.65,76.00,35.00
6279,6280,6361.06,123.00,72.00
6280,6281,18155.86,350.00,151.00
6281,6282,4474.96,117.00,69.00
6282,6283,9092.68,291.00,62.00
6283,6284,26151.50,475.00,102.00
6284,6285,12579.38,364.00,68.00
6285,6286,2038.82,77.00,34.00
6286,6287,7470.91,148.00,75.00
6287,6288,12381.01,422.00,122.00
6288,6289,6030.96,125.00,75.00
6289,6290,22221.63,283.00,151.00
6290,6291,4922.45,164.00,50.00
6291,6292,11318.62,332.00,70.00
6292,6293,29283.66,497.00,270.00
6293,6294,9353.74,204.00,85.00
6294,6295,1814.09,65.00,38.00
6295,6296,2387.40,67.00,48.00
6296,6297,4241.44,99.00,56.00
6297,6298,5822.54,140.00,60.00
6298,6299,4221.24,177.00,55.00
6299,6300,11265.03,192.00,117.00
6300,6301,41908.99,342.00,203.00
6301,6302,2923.75,115.00,41.00
6302,6303,3763.51,124.00,88.00
6303,6304,3209.55,95.00,48.00
6304,6305,2595.26,84.00,39.00
6305,6306,1313.43,57.00,31.00
6306,6307,926.16,36.00,31.00
6307,6308,7810.52,147.00,80.00
6308,6309,3652.43,71.00,70.00
6309,6310,4211.86,122.00,61.00
6310,6311,1165.55,43.00,42.00
6311,6312,1370.91,44.00,42.00
6312,6313,2283.85,84.00,44.00
6313,6314,2866.94,75.00,49.00
6314,6315,6017.05,180.00,81.00
6315,6316,18818.57,377.00,127.00
6316,6317,18995.10,314.00,143.00
6317,6318,2175.60,96.00,53.00
6318,6319,6727.28,171.00,80.00
6319,6320,3294.57,85.00,60.00
6320,6321,6028.75,152.00,87.00
6321,6322,5376.30,119.00,75.00
6322,6323,7241.46,120.00,94.00
6323,6324,11334.52,168.00,110.00
6324,6325,3316.64,104.00,55.00
6325,6326,3807.69,154.00,50.00
6326,6327,5336.58,133.00,86.00
6327,6328,9646.28,313.00,99.00
6328,6329,5313.50,186.00,58.00
6329,6330,3714.65,115.00,49.00
6330,6331,14780.11,254.00,138.00
6331,6332,6526.72,253.00,80.00
6332,6333,10268.34,219.00,89.00
6333,6334,14479.59,270.00,90.00
6334,6335,1442.09,59.00,31.00
6335,6336,1107.21,65.00,26.00
6336,6337,3018.42,86.00,50.00
6337,6338,2321.98,112.00,49.00
6338,6339,1544.27,83.00,34.00
6339,6340,2309.49,67.00,43.00
6340,6341,4384.07,193.00,39.00
6341,6342,2164.55,65.00,42.00
6342,6343,4195.96,151.00,45.00
6343,6344,3031.54,144.00,43.00
6344,6345,1698.89,73.00,33.00
6345,6346,3092.39,113.00,43.00
6346,6347,1721.94,90.00,31.00
6347,6348,2156.64,101.00,39.00
6348,6349,4713.49,111.00,106.00
6349,6350,1933.52,71.00,32.00
6350,6351,3315.70,85.00,63.00
6351,6352,744.34,72.00,20.00
6352,6353,480.36,24.00,23.00
6353,6354,2457.46,82.00,40.00
6354,6355,2263.06,112.00,36.00
6355,6356,13597.59,235.00,116.00
6356,6357,2886.00,72.00,65.00
6357,6358,15549.26,335.00,104.00
6358,6359,8610.91,135.00,90.00
6359,6360,2799.77,67.00,52.00
6360,6361,15268.85,176.00,136.00
6361,6362,8731.77,165.00,97.00
6362,6363,8793.74,165.00,90.00
6363,6364,3684.27,140.00,53.00
6364,6365,797.09,37.00,28.00
6365,6366,2144.44,53.00,48.00
6366,6367,3898.57,106.00,59.00
6367,6368,2673.74,78.00,44.00
6368,6369,1905.96,73.00,37.00
6369,6370,4683.14,95.00,72.00
6370,6371,12600.91,233.00,166.00
6371,6372,1850.58,63.00,54.00
6372,6373,5091.98,147.00,96.00
6373,6374,26809.80,348.00,131.00
6374,6375,2779.35,111.00,49.00
6375,6376,1486.94,59.00,32.00
6376,6377,10189.56,173.00,103.00
6377,6378,36597.69,309.00,236.00
6378,6379,20078.21,242.00,147.00
6379,6380,24764.21,391.00,131.00
6380,6381,830.06,44.00,24.00
6381,6382,1215.96,57.00,31.00
6382,6383,2973.03,114.00,54.00
6383,6384,2645.41,106.00,36.00
6384,6385,1615.39,55.00,39.00
6385,6386,869.36,43.00,32.00
6386,6387,1296.55,62.00,29.00
6387,6388,1517.18,80.00,37.00
6388,6389,2190.20,97.00,36.00
6389,6390,7094.48,201.00,80.00
6390,6391,2482.88,78.00,48.00
6391,6392,3879.97,142.00,53.00
6392,6393,4164.46,219.00,50.00
6393,6394,2019.99,150.00,34.00
6394,6395,2540.49,138.00,27.00
6395,6396,24409.08,335.00,129.00
6396,6397,10521.31,174.00,104.00
6397,6398,1337.37,60.00,30.00
6398,6399,1928.40,84.00,41.00
6399,6400,5282.93,249.00,70.00
6400,6401,3413.09,201.00,35.00
6401,6402,13591.79,170.00,109.00
6402,6403,2050.26,62.00,44.00
6403,6404,11541.90,188.00,126.00
6404,6405,5813.27,234.00,62.00
6405,6406,22687.51,524.00,100.00
6406,6407,1556.04,54.00,37.00
6407,6408,943.91,39.00,30.00
6408,6409,1027.35,39.00,36.00
6409,6410,1064.25,44.00,30.00
6410,6411,1770.35,106.00,31.00
6411,6412,3280.55,248.00,34.00
6412,6413,6658.26,263.00,51.00
6413,6414,3925.57,79.00,71.00
6414,6415,3917.22,134.00,56.00
6415,6416,4020.08,118.00,52.00
6416,6417,12086.23,353.00,64.00
6417,6418,7919.18,227.00,80.00
6418,6419,3867.90,118.00,49.00
6419,6420,4977.65,172.00,61.00
6420,6421,3927.54,88.00,77.00
6421,6422,2871.37,73.00,50.00
6422,6423,4258.42,131.00,74.00
6423,6424,9398.03,162.00,116.00
6424,6425,1592.60,61.00,33.00
6425,6426,1568.36,46.00,41.00
6426,6427,1228.96,52.00,40.00
6427,6428,2224.84,92.00,40.00
6428,6429,1773.61,76.00,35.00
6429,6430,1255.03,43.00,36.00
6430,6431,5456.98,165.00,52.00
6431,6432,2561.88,99.00,44.00
6432,6433,18858.39,238.00,135.00
6433,6434,995.69,76.00,22.00
6434,6435,1549.03,63.00,37.00
6435,6436,444.38,25.00,22.00
6436,6437,3246.27,146.00,49.00
6437,6438,1303.13,54.00,37.00
6438,6439,3514.08,103.00,49.00
6439,6440,1788.08,64.00,34.00
6440,6441,7770.20,183.00,82.00
6441,6442,11833.38,146.00,112.00
6442,6443,2782.44,85.00,46.00
6443,6444,3553.88,101.00,47.00
6444,6445,865.62,32.00,31.00
6445,6446,2249.83,75.00,46.00
6446,6447,1876.31,71.00,37.00
6447,6448,15610.35,184.00,133.00
6448,6449,8532.33,137.00,123.00
6449,6450,3824.91,103.00,64.00
6450,6451,4099.73,98.00,56.00
6451,6452,2691.69,81.00,41.00
6452,6453,7562.39,172.00,67.00
6453,6454,4396.25,180.00,44.00
6454,6455,3571.20,97.00,58.00
6455,6456,16530.04,166.00,156.00
6456,6457,907.53,47.00,29.00
6457,6458,6588.12,117.00,84.00
6458,6459,1137.74,48.00,31.00
6459,6460,1376.38,57.00,34.00
6460,6461,1252.75,56.00,40.00
6461,6462,6533.64,257.00,50.00
6462,6463,2431.35,103.00,38.00
6463,6464,876.75,52.00,24.00
6464,6465,1292.53,57.00,33.00
6465,6466,2043.14,76.00,44.00
6466,6467,883.33,33.00,32.00
6467,6468,1211.35,61.00,33.00
6468,6469,2137.71,82.00,36.00
6469,6470,1168.97,60.00,28.00
6470,6471,1166.46,52.00,29.00
6471,6472,1701.16,55.00,42.00
6472,6473,4859.87,122.00,52.00
6473,6474,4548.13,165.00,52.00
6474,6475,4361.30,170.00,49.00
6475,6476,9441.61,264.00,75.00
6476,6477,3286.99,113.00,74.00
6477,6478,3160.51,124.00,46.00
6478,6479,987.53,77.00,27.00
6479,6480,5622.94,149.00,81.00
6480,6481,3572.80,164.00,43.00
6481,6482,2386.40,92.00,44.00
6482,6483,3521.19,199.00,53.00
6483,6484,14782.54,194.00,110.00
6484,6485,3452.29,178.00,71.00
6485,6486,5289.42,225.00,73.00
6486,6487,3519.88,160.00,42.00
6487,6488,13734.49,335.00,89.00
6488,6489,2472.14,76.00,57.00
6489,6490,3006.50,77.00,59.00
6490,6491,2303.75,96.00,45.00
6491,6492,6236.64,194.00,59.00
6492,6493,4148.83,106.00,52.00
6493,6494,7671.45,211.00,86.00
6494,6495,4634.28,180.00,52.00
6495,6496,5590.16,170.00,77.00
6496,6497,7087.94,134.00,77.00
6497,6498,4718.01,144.00,51.00
6498,6499,2435.82,117.00,30.00
6499,6500,3503.18,113.00,39.00
6500,6501,4142.51,108.00,54.00
6501,6502,6347.20,132.00,94.00
6502,6503,3703.04,89.00,77.00
6503,6504,3680.83,84.00,66.00
6504,6505,6524.77,127.00,108.00
6505,6506,2363.94,138.00,37.00
6506,6507,4384.82,163.00,49.00
6507,6508,6077.13,127.00,82.00
6508,6509,1522.37,62.00,35.00
6509,6510,2362.87,75.00,50.00
6510,6511,4718.53,115.00,68.00
6511,6512,4942.07,109.00,71.00
6512,6513,4108.01,128.00,44.00
6513,6514,8578.06,167.00,79.00
6514,6515,1202.68,71.00,30.00
6515,6516,1656.29,67.00,33.00
6516,6517,5349.08,161.00,51.00
6517,6518,2303.98,103.00,41.00
6518,6519,8744.18,326.00,70.00
6519,6520,2407.65,111.00,38.00
6520,6521,1355.80,93.00,32.00
6521,6522,1846.96,70.00,35.00
6522,6523,14333.48,401.00,83.00
6523,6524,6533.66,353.00,53.00
6524,6525,2232.77,113.00,41.00
6525,6526,16467.92,744.00,116.00
6526,6527,3469.90,187.00,34.00
6527,6528,5959.79,173.00,68.00
6528,6529,7544.28,178.00,80.00
6529,6530,12270.43,287.00,108.00
6530,6531,8163.54,199.00,71.00
6531,6532,21733.37,646.00,124.00
6532,6533,9518.44,184.00,81.00
6533,6534,2233.24,158.00,37.00
6534,6535,9880.14,249.00,92.00
6535,6536,3808.48,149.00,41.00
6536,6537,11245.80,307.00,104.00
6537,6538,4742.84,132.00,75.00
6538,6539,4832.26,135.00,57.00
6539,6540,3753.99,111.00,49.00
6540,6541,6139.96,139.00,58.00
6541,6542,1682.55,49.00,44.00
6542,6543,1481.29,82.00,36.00
6543,6544,1980.60,80.00,36.00
6544,6545,2269.94,93.00,37.00
6545,6546,3399.67,138.00,55.00
6546,6547,2131.17,70.00,45.00
6547,6548,2590.87,105.00,41.00
6548,6549,508.36,27.00,22.00
6549,6550,1241.88,72.00,28.00
6550,6551,936.95,36.00,33.00
6551,6552,806.84,42.00,28.00
6552,6553,1632.26,73.00,31.00
6553,6554,6368.79,212.00,67.00
6554,6555,4857.21,158.00,59.00
6555,6556,2883.06,98.00,35.00
6556,6557,2705.10,102.00,52.00
6557,6558,7095.49,186.00,56.00
6558,6559,9379.66,138.00,110.00
6559,6560,5112.41,179.00,68.00
6560,6561,5019.10,267.00,47.00
6561,6562,2334.28,73.00,43.00
6562,6563,2114.95,95.00,36.00
6563,6564,4142.63,96.00,57.00
6564,6565,1082.17,38.00,37.00
6565,6566,1182.53,41.00,36.00
6566,6567,1949.85,83.00,39.00
6567,6568,1471.25,63.00,36.00
6568,6569,3282.53,93.00,65.00
6569,6570,3285.54,115.00,43.00
6570,6571,1294.65,81.00,24.00
6571,6572,1309.65,47.00,35.00
6572,6573,1243.62,51.00,35.00
6573,6574,5657.61,175.00,66.00
6574,6575,3813.73,132.00,65.00
6575,6576,7051.72,167.00,87.00
6576,6577,3638.14,166.00,36.00
6577,6578,10560.38,265.00,97.00
6578,6579,3715.21,98.00,54.00
6579,6580,3701.68,182.00,59.00
6580,6581,2260.13,101.00,51.00
6581,6582,10052.34,300.00,83.00
6582,6583,8585.82,353.00,89.00
6583,6584,3443.85,119.00,71.00
6584,6585,2137.62,83.00,36.00
6585,6586,17146.73,167.00,166.00
6586,6587,2446.05,99.00,36.00
6587,6588,8949.24,301.00,71.00
6588,6589,2071.93,120.00,32.00
6589,6590,2070.60,100.00,33.00
6590,6591,1255.66,64.00,35.00
6591,6592,2212.91,108.00,33.00
6592,6593,1511.94,115.00,34.00
6593,6594,3383.93,181.00,34.00
6594,6595,8302.39,212.00,73.00
6595,6596,95.30,32.00,5.00
6596,6597,1087.04,77.00,23.00
6597,6598,9136.29,332.00,93.00
6598,6599,16088.71,180.00,127.00
6599,6600,606.43,44.00,26.00
6600,6601,457.36,60.00,12.00
6601,6602,8646.38,174.00,87.00
6602,6603,5400.00,173.00,63.00
6603,6604,3972.08,106.00,51.00
6604,6605,11665.22,184.00,112.00
6605,6606,9818.38,197.00,74.00
6606,6607,2495.88,135.00,32.00
6607,6608,1474.98,92.00,27.00
6608,6609,5117.94,128.00,54.00
6609,6610,6477.56,195.00,73.00
6610,6611,11068.72,227.00,76.00
6611,6612,14341.69,368.00,109.00
6612,6613,15029.78,228.00,222.00
6613,6614,7239.68,154.00,89.00
6614,6615,1214.87,67.00,28.00
6615,6616,5051.52,146.00,64.00
6616,6617,26308.35,424.00,150.00
6617,6618,17963.80,289.00,109.00
6618,6619,9613.01,170.00,93.00
6619,6620,23183.56,254.00,223.00
6620,6621,31091.38,421.00,135.00
6621,6622,8372.32,206.00,65.00
6622,6623,23825.98,326.00,125.00
6623,6624,9074.57,356.00,89.00
6624,6625,4856.10,119.00,63.00
6625,6626,14465.74,248.00,96.00
6626,6627,45089.28,489.00,194.00
6627,6628,1338.50,111.00,25.00
6628,6629,16178.84,336.00,93.00
6629,6630,25054.44,363.00,229.00
6630,6631,2617.29,193.00,36.00
6631,6632,3393.83,112.00,52.00
6632,6633,5265.93,114.00,88.00
6633,6634,3418.78,105.00,55.00
6634,6635,4451.40,137.00,53.00
6635,6636,4295.74,110.00,91.00
6636,6637,7227.99,150.00,86.00
6637,6638,21153.71,218.00,168.00
6638,6639,13113.76,231.00,93.00
6639,6640,12070.47,238.00,82.00
6640,6641,10082.99,184.00,93.00
6641,6642,37938.45,253.00,227.00
6642,6643,49882.97,584.00,187.00
6643,6644,30157.12,412.00,214.00
6644,6645,30729.15,271.00,206.00
6645,6646,11615.42,329.00,59.00
6646,6647,4528.85,141.00,61.00
6647,6648,3156.81,146.00,38.00
6648,6649,6974.79,243.00,63.00
6649,6650,3810.73,148.00,47.00
6650,6651,6274.70,134.00,61.00
6651,6652,7897.53,247.00,58.00
6652,6653,4733.93,191.00,38.00
6653,6654,13384.65,277.00,121.00
6654,6655,63415.90,630.00,282.00
6655,6656,6017.75,145.00,73.00
6656,6657,9515.11,183.00,92.00
6657,6658,16631.12,206.00,149.00
6658,6659,6744.08,125.00,75.00
6659,6660,29908.88,429.00,111.00
6660,6661,75673.08,778.00,373.00
6661,6662,10286.11,246.00,82.00
6662,6663,13769.20,201.00,110.00
6663,6664,4728.16,200.00,53.00
6664,6665,8456.18,327.00,77.00
6665,6666,4815.01,240.00,43.00
6666,6667,11321.10,306.00,85.00
6667,6668,27082.94,296.00,197.00
6668,6669,35615.15,349.00,176.00
6669,6670,32133.53,224.00,221.00
6670,6671,9749.22,174.00,101.00
6671,6672,18655.48,187.00,153.00
6672,6673,7381.93,145.00,90.00
6673,6674,8301.82,207.00,71.00
6674,6675,19317.94,196.00,151.00
6675,6676,9453.44,313.00,87.00
6676,6677,39532.98,553.00,156.00
6677,6678,18203.02,310.00,137.00
6678,6679,7413.35,116.00,116.00
6679,6680,6284.26,107.00,96.00
6680,6681,2434.34,91.00,41.00
6681,6682,27979.39,314.00,146.00
6682,6683,19655.14,245.00,175.00
6683,6684,3103.27,162.00,43.00
6684,6685,5965.03,161.00,76.00
6685,6686,12551.01,301.00,104.00
6686,6687,30301.98,362.00,154.00
6687,6688,44515.45,633.00,138.00
6688,6689,6348.64,151.00,78.00
6689,6690,56614.21,708.00,206.00
6690,6691,19529.30,311.00,150.00
6691,6692,1566.02,67.00,51.00
6692,6693,43980.65,491.00,147.00
6693,6694,20384.76,319.00,123.00
6694,6695,4732.82,185.00,53.00
6695,6696,10422.86,232.00,97.00
6696,6697,8085.28,161.00,76.00
6697,6698,65630.07,422.00,241.00
6698,6699,10105.62,129.00,125.00
6699,6700,34784.98,371.00,165.00
6700,6701,2138.02,80.00,40.00
6701,6702,5140.36,111.00,61.00
6702,6703,15898.33,303.00,129.00
6703,6704,32403.34,376.00,155.00
6704,6705,21856.89,300.00,122.00
6705,6706,11898.11,186.00,104.00
6706,6707,8305.93,171.00,66.00
6707,6708,6725.02,237.00,78.00
6708,6709,13081.22,224.00,92.00
6709,6710,23784.88,301.00,140.00
6710,6711,157706.95,712.00,482.00
6711,6712,25603.16,358.00,125.00
6712,6713,25064.16,318.00,142.00
6713,6714,7018.86,126.00,80.00
6714,6715,15648.17,283.00,115.00
6715,6716,11047.97,197.00,95.00
6716,6717,4806.06,136.00,64.00
6717,6718,2873.83,107.00,55.00
6718,6719,8337.78,128.00,122.00
6719,6720,30267.56,230.00,197.00
6720,6721,11682.01,177.00,110.00
6721,6722,33586.42,450.00,137.00
6722,6723,66134.09,363.00,292.00
6723,6724,35336.27,321.00,171.00
6724,6725,16758.20,288.00,111.00
6725,6726,14459.94,286.00,160.00
6726,6727,10378.31,174.00,89.00
6727,6728,13643.88,243.00,135.00
6728,6729,13108.57,309.00,68.00
6729,6730,9244.85,273.00,54.00
6730,6731,7589.76,241.00,65.00
6731,6732,6199.29,155.00,78.00
6732,6733,5507.10,190.00,51.00
6733,6734,44839.35,273.00,238.00
6734,6735,6160.19,156.00,62.00
6735,6736,8041.40,168.00,98.00
6736,6737,2959.64,91.00,59.00
6737,6738,7478.43,152.00,79.00
6738,6739,8505.07,119.00,112.00
6739,6740,5238.69,170.00,42.00
6740,6741,20936.44,252.00,126.00
6741,6742,19933.62,291.00,134.00
6742,6743,4009.22,111.00,65.00
6743,6744,6844.98,117.00,76.00
6744,6745,22354.36,349.00,148.00
6745,6746,17581.92,308.00,100.00
6746,6747,15226.36,382.00,88.00
6747,6748,13489.69,277.00,79.00
6748,6749,11919.04,266.00,84.00
6749,6750,27269.05,263.00,170.00
6750,6751,9739.98,181.00,74.00
6751,6752,4163.95,98.00,61.00
6752,6753,6262.10,112.00,103.00
6753,6754,3077.96,106.00,41.00
6754,6755,5278.63,86.00,84.00
6755,6756,1894.05,122.00,32.00
6756,6757,2543.80,101.00,44.00
6757,6758,12846.63,220.00,94.00
6758,6759,1963.97,162.00,27.00
6759,6760,3920.76,120.00,49.00
6760,6761,43907.00,376.00,189.00
6761,6762,10735.00,253.00,98.00
6762,6763,23585.08,276.00,148.00
6763,6764,9016.48,365.00,115.00
6764,6765,17304.88,284.00,109.00
6765,6766,28087.09,266.00,165.00
6766,6767,7611.05,178.00,83.00
6767,6768,3515.73,158.00,54.00
6768,6769,52965.55,710.00,248.00
6769,6770,9786.81,427.00,65.00
6770,6771,5169.40,160.00,52.00
6771,6772,141.54,28.00,9.00
6772,6773,24000.69,451.00,113.00
6773,6774,14203.29,238.00,84.00
6774,6775,9964.67,244.00,62.00
6775,6776,7604.03,143.00,76.00
6776,6777,30712.99,341.00,156.00
6777,6778,15119.42,311.00,101.00
6778,6779,14010.29,160.00,136.00
6779,6780,23411.74,247.00,143.00
6780,6781,4057.90,97.00,55.00
6781,6782,29538.41,465.00,211.00
6782,6783,14072.31,193.00,114.00
6783,6784,5805.05,215.00,48.00
6784,6785,23416.36,219.00,150.00
6785,6786,4240.26,162.00,52.00
6786,6787,4331.08,153.00,45.00
6787,6788,2762.69,60.00,59.00
6788,6789,11899.30,254.00,96.00
6789,6790,6960.80,149.00,66.00
6790,6791,17569.23,307.00,104.00
6791,6792,18443.41,419.00,98.00
6792,6793,2226.34,97.00,36.00
6793,6794,18325.07,461.00,100.00
6794,6795,11102.78,297.00,76.00
6795,6796,11226.73,489.00,71.00
6796,6797,32070.26,324.00,153.00
6797,6798,6535.81,99.00,94.00
6798,6799,6612.24,112.00,87.00
6799,6800,7016.83,155.00,64.00
6800,6801,3791.46,122.00,58.00
6801,6802,2812.59,95.00,48.00
6802,6803,3203.79,142.00,37.00
6803,6804,2181.16,99.00,35.00
6804,6805,4352.00,120.00,54.00
6805,6806,2487.07,107.00,36.00
6806,6807,2141.40,90.00,39.00
6807,6808,5290.67,183.00,68.00
6808,6809,4783.52,182.00,47.00
6809,6810,3892.31,171.00,65.00
6810,6811,8127.05,142.00,113.00
6811,6812,10035.32,173.00,106.00
6812,6813,12040.63,218.00,157.00
6813,6814,3709.26,123.00,51.00
6814,6815,1949.81,50.00,46.00
6815,6816,1680.16,78.00,39.00
6816,6817,9099.93,143.00,94.00
6817,6818,10744.56,231.00,94.00
6818,6819,14066.86,184.00,112.00
6819,6820,18626.38,217.00,160.00
6820,6821,37101.53,598.00,116.00
6821,6822,6934.83,128.00,115.00
6822,6823,5477.24,95.00,90.00
6823,6824,12063.07,189.00,105.00
6824,6825,4522.60,106.00,60.00
6825,6826,2703.85,80.00,52.00
6826,6827,5875.18,162.00,77.00
6827,6828,2168.65,63.00,48.00
6828,6829,26184.44,436.00,166.00
6829,6830,993.34,48.00,31.00
6830,6831,2895.30,79.00,49.00
6831,6832,1516.29,99.00,34.00
6832,6833,4222.42,160.00,39.00
6833,6834,7437.95,247.00,64.00
6834,6835,5359.19,186.00,56.00
6835,6836,1851.66,70.00,38.00
6836,6837,1572.78,83.00,31.00
6837,6838,1568.38,64.00,35.00
6838,6839,1468.94,53.00,37.00
6839,6840,1398.79,69.00,32.00
6840,6841,5635.21,191.00,54.00
6841,6842,6978.40,222.00,60.00
6842,6843,12293.49,380.00,96.00
6843,6844,5264.13,141.00,57.00
6844,6845,1977.20,58.00,46.00
6845,6846,8018.72,150.00,76.00
6846,6847,1680.94,60.00,42.00
6847,6848,957.82,47.00,27.00
6848,6849,1539.19,58.00,32.00
6849,6850,2728.07,110.00,38.00
6850,6851,1277.19,46.00,33.00
6851,6852,1774.57,68.00,42.00
6852,6853,2385.76,65.00,50.00
6853,6854,21931.25,277.00,134.00
6854,6855,113005.95,730.00,323.00
6855,6856,8118.39,229.00,101.00
6856,6857,1201.91,82.00,26.00
6857,6858,13614.28,140.00,137.00
6858,6859,4184.11,81.00,76.00
6859,6860,3225.62,101.00,52.00
6860,6861,5937.13,155.00,104.00
6861,6862,12493.68,191.00,126.00
6862,6863,3158.65,91.00,69.00
6863,6864,8604.58,195.00,75.00
6864,6865,3028.52,171.00,33.00
6865,6866,10516.27,275.00,109.00
6866,6867,4183.18,116.00,44.00
6867,6868,13048.47,244.00,94.00
6868,6869,2656.35,81.00,49.00
6869,6870,3346.36,157.00,43.00
6870,6871,2091.27,100.00,38.00
6871,6872,2026.62,68.00,38.00
6872,6873,1379.87,54.00,40.00
6873,6874,2584.75,76.00,51.00
6874,6875,2046.23,73.00,41.00
6875,6876,2538.63,91.00,51.00
6876,6877,2646.44,94.00,86.00
6877,6878,1113.99,60.00,24.00
6878,6879,1132.66,51.00,31.00
6879,6880,1034.33,61.00,26.00
6880,6881,3721.65,144.00,65.00
6881,6882,2712.35,85.00,56.00
6882,6883,2972.81,110.00,42.00
6883,6884,3967.80,149.00,43.00
6884,6885,6386.35,249.00,67.00
6885,6886,2064.78,57.00,49.00
6886,6887,7506.73,190.00,71.00
6887,6888,5399.12,96.00,77.00
6888,6889,1387.27,65.00,35.00
6889,6890,1927.53,78.00,33.00
6890,6891,2811.95,123.00,42.00
6891,6892,1539.95,68.00,32.00
6892,6893,1507.09,72.00,28.00
6893,6894,5356.27,165.00,65.00
6894,6895,23848.66,356.00,157.00
6895,6896,22383.92,293.00,130.00
6896,6897,16519.86,325.00,175.00
6897,6898,2066.95,78.00,37.00
6898,6899,11478.33,231.00,85.00
6899,6900,6047.06,203.00,55.00
6900,6901,3184.87,88.00,43.00
6901,6902,22451.55,226.00,191.00
6902,6903,12783.30,227.00,103.00
6903,6904,9373.17,143.00,83.00
6904,6905,32944.38,288.00,196.00
6905,6906,22915.15,321.00,129.00
6906,6907,17198.71,368.00,108.00
6907,6908,35052.19,472.00,163.00
6908,6909,65154.65,837.00,281.00
6909,6910,9195.87,384.00,42.00
6910,6911,27671.43,454.00,143.00
6911,6912,7331.98,232.00,58.00
6912,6913,36778.66,356.00,212.00
6913,6914,8532.42,253.00,80.00
6914,6915,8717.67,143.00,105.00
6915,6916,17313.73,204.00,110.00
6916,6917,3856.54,142.00,40.00
6917,6918,3095.39,122.00,48.00
6918,6919,38933.04,687.00,148.00
6919,6920,12419.24,254.00,132.00
6920,6921,3734.48,186.00,42.00
6921,6922,30399.30,420.00,151.00
6922,6923,8882.26,275.00,80.00
6923,6924,16539.49,381.00,103.00
6924,6925,2071.65,133.00,32.00
6925,6926,7849.08,323.00,55.00
6926,6927,11485.75,478.00,61.00
6927,6928,10460.72,209.00,87.00
6928,6929,28817.77,413.00,185.00
6929,6930,50497.33,477.00,206.00
6930,6931,12428.79,342.00,97.00
6931,6932,103048.14,784.00,272.00
6932,6933,29584.07,662.00,145.00
6933,6934,31977.77,724.00,129.00
6934,6935,5021.68,316.00,49.00
6935,6936,34360.20,533.00,182.00
6936,6937,11958.90,466.00,57.00
6937,6938,14623.48,491.00,74.00
6938,6939,29859.93,564.00,167.00
6939,6940,57316.48,824.00,274.00
6940,6941,15896.13,391.00,78.00
6941,6942,7238.48,231.00,82.00
6942,6943,17357.27,447.00,103.00
6943,6944,14463.97,265.00,97.00
6944,6945,25144.97,420.00,134.00
6945,6946,30813.70,268.00,174.00
6946,6947,4799.99,144.00,54.00
6947,6948,18514.26,475.00,109.00
6948,6949,13753.68,192.00,128.00
6949,6950,13482.13,319.00,74.00
6950,6951,8093.00,315.00,82.00
6951,6952,19803.01,226.00,127.00
6952,6953,7279.98,156.00,78.00
6953,6954,3396.09,139.00,39.00
6954,6955,1654.64,114.00,32.00
6955,6956,4814.64,147.00,49.00
6956,6957,13937.12,402.00,129.00
6957,6958,4843.85,289.00,55.00
6958,6959,11664.07,301.00,74.00
6959,6960,3135.11,100.00,41.00
6960,6961,1741.29,81.00,32.00
6961,6962,6709.30,163.00,70.00
6962,6963,13358.43,304.00,85.00
6963,6964,6031.64,120.00,65.00
6964,6965,11877.03,275.00,76.00
6965,6966,5318.96,215.00,49.00
6966,6967,7792.43,217.00,84.00
6967,6968,3425.07,174.00,36.00
6968,6969,8321.11,263.00,66.00
6969,6970,7628.84,267.00,54.00
6970,6971,24598.03,405.00,160.00
6971,6972,5665.06,168.00,59.00
6972,6973,8808.07,207.00,79.00
6973,6974,2893.52,117.00,32.00
6974,6975,3297.61,168.00,37.00
6975,6976,3495.64,165.00,35.00
6976,6977,3288.18,153.00,37.00
6977,6978,3513.58,142.00,38.00
6978,6979,13162.79,238.00,99.00
6979,6980,4862.03,147.00,53.00
6980,6981,12868.13,345.00,73.00
6981,6982,11862.73,229.00,83.00
6982,6983,8797.38,209.00,77.00
6983,6984,8432.17,145.00,86.00
6984,6985,10312.74,157.00,130.00
6985,6986,31565.93,255.00,241.00
6986,6987,18438.25,245.00,168.00
6987,6988,13804.40,351.00,136.00
6988,6989,7000.00,217.00,51.00
6989,6990,2577.10,71.00,53.00
6990,6991,4943.10,120.00,65.00
6991,6992,5274.74,110.00,68.00
6992,6993,20161.55,325.00,117.00
6993,6994,16577.91,295.00,106.00
6994,6995,7877.64,204.00,73.00
6995,6996,7168.20,112.00,111.00
6996,6997,6280.36,102.00,85.00
6997,6998,5508.15,96.00,80.00
6998,6999,1452.38,48.00,37.00
6999,7000,22244.05,246.00,141.00
7000,7001,10707.02,180.00,83.00
7001,7002,1771.32,49.00,45.00
7002,7003,1761.22,100.00,39.00
7003,7004,2260.52,82.00,40.00
7004,7005,1043.80,39.00,33.00
7005,7006,1006.77,46.00,28.00
7006,7007,1095.81,46.00,29.00
7007,7008,1678.66,57.00,37.00
7008,7009,1503.04,57.00,33.00
7009,7010,1296.93,49.00,35.00
7010,7011,693.81,39.00,24.00
7011,7012,2511.29,101.00,37.00
7012,7013,3598.04,109.00,48.00
7013,7014,2974.01,79.00,47.00
7014,7015,6194.60,106.00,88.00
7015,7016,15389.38,211.00,111.00
7016,7017,6502.00,116.00,74.00
7017,7018,3997.48,118.00,49.00
7018,7019,28075.47,293.00,127.00
7019,7020,5211.56,134.00,70.00
7020,7021,6502.48,137.00,69.00
7021,7022,3693.82,139.00,41.00
7022,7023,4687.47,108.00,80.00
7023,7024,3884.45,88.00,64.00
7024,7025,3366.99,128.00,46.00
7025,7026,2337.60,67.00,46.00
7026,7027,2137.99,67.00,40.00
7027,7028,17761.62,160.00,153.00
7028,7029,2680.03,116.00,33.00
7029,7030,3124.78,83.00,52.00
7030,7031,1650.06,59.00,36.00
7031,7032,55961.23,314.00,306.00
7032,7033,9354.18,177.00,102.00
7033,7034,5157.78,170.00,69.00
7034,7035,9774.34,257.00,71.00
7035,7036,6801.43,201.00,76.00
7036,7037,11743.90,176.00,126.00
7037,7038,10503.90,181.00,107.00
7038,7039,9588.38,172.00,94.00
7039,7040,2508.02,105.00,41.00
7040,7041,6069.76,127.00,73.00
7041,7042,6795.70,124.00,90.00
7042,7043,3490.43,93.00,60.00
7043,7044,3722.36,89.00,65.00
7044,7045,4297.89,107.00,74.00
7045,7046,5300.93,112.00,60.00
7046,7047,1145.63,62.00,30.00
7047,7048,1560.37,62.00,31.00
7048,7049,1161.08,63.00,27.00
7049,7050,2775.13,90.00,45.00
7050,7051,3054.06,94.00,51.00
7051,7052,2919.19,79.00,47.00
7052,7053,4163.11,125.00,63.00
7053,7054,5860.70,152.00,65.00
7054,7055,7762.24,156.00,75.00
7055,7056,6102.47,140.00,60.00
7056,7057,3089.60,80.00,55.00
7057,7058,2724.31,69.00,57.00
7058,7059,2643.61,86.00,41.00
7059,7060,2891.42,97.00,45.00
7060,7061,6352.41,182.00,54.00
7061,7062,3124.88,80.00,49.00
7062,7063,5165.67,133.00,65.00
7063,7064,18634.26,216.00,147.00
7064,7065,10802.61,291.00,87.00
7065,7066,6279.21,106.00,86.00
7066,7067,3228.06,110.00,43.00
7067,7068,2880.75,84.00,47.00
7068,7069,5233.51,129.00,67.00
7069,7070,16398.63,312.00,98.00
7070,7071,5466.01,209.00,54.00
7071,7072,6051.28,159.00,75.00
7072,7073,7280.24,183.00,62.00
7073,7074,4461.90,150.00,50.00
7074,7075,7312.44,151.00,66.00
7075,7076,3237.97,110.00,40.00
7076,7077,3697.72,119.00,47.00
7077,7078,12460.42,214.00,100.00
7078,7079,33380.43,248.00,210.00
7079,7080,10105.25,179.00,118.00
7080,7081,4706.00,109.00,79.00
7081,7082,1446.68,68.00,33.00
7082,7083,6645.89,141.00,65.00
7083,7084,2799.17,97.00,48.00
7084,7085,9043.99,183.00,71.00
7085,7086,7998.78,267.00,65.00
7086,7087,3099.91,115.00,42.00
7087,7088,7886.02,251.00,63.00
7088,7089,3466.56,92.00,51.00
7089,7090,21567.84,269.00,140.00
7090,7091,2759.67,70.00,56.00
7091,7092,1452.07,60.00,37.00
7092,7093,2017.24,68.00,37.00
7093,7094,2616.99,85.00,56.00
7094,7095,1405.35,58.00,29.00
7095,7096,2204.63,59.00,48.00
7096,7097,13513.53,244.00,106.00
7097,7098,3581.45,126.00,45.00
7098,7099,3495.10,117.00,44.00
7099,7100,7093.74,201.00,78.00
7100,7101,3625.01,76.00,75.00
7101,7102,4259.86,98.00,62.00
7102,7103,2124.57,54.00,48.00
7103,7104,5514.98,157.00,77.00
7104,7105,11030.28,213.00,91.00
7105,7106,5107.90,105.00,73.00
7106,7107,3628.17,123.00,53.00
7107,7108,5923.34,163.00,57.00
7108,7109,33895.02,306.00,193.00
7109,7110,4045.46,106.00,67.00
7110,7111,11867.14,248.00,124.00
7111,7112,3872.53,147.00,39.00
7112,7113,4248.63,184.00,39.00
7113,7114,6743.59,126.00,87.00
7114,7115,9769.43,160.00,119.00
7115,7116,10340.75,294.00,74.00
7116,7117,3289.11,132.00,44.00
7117,7118,3413.71,90.00,50.00
7118,7119,2089.06,77.00,39.00
7119,7120,3123.52,84.00,46.00
7120,7121,3266.43,91.00,56.00
7121,7122,2362.78,76.00,54.00
7122,7123,3838.40,82.00,75.00
7123,7124,7959.85,163.00,79.00
7124,7125,13232.57,203.00,127.00
7125,7126,10585.98,194.00,88.00
7126,7127,5018.02,121.00,75.00
7127,7128,3898.19,92.00,61.00
7128,7129,747.81,31.00,30.00
7129,7130,1922.45,76.00,37.00
7130,7131,89.98,29.00,4.00
7131,7132,1659.53,88.00,36.00
7132,7133,1378.28,56.00,34.00
7133,7134,2875.46,101.00,52.00
7134,7135,4025.14,108.00,65.00
7135,7136,6859.17,177.00,63.00
7136,7137,5299.43,125.00,60.00
7137,7138,8485.72,137.00,129.00
7138,7139,2316.84,94.00,39.00
7139,7140,7218.88,170.00,88.00
7140,7141,2519.59,106.00,41.00
7141,7142,6384.04,276.00,69.00
7142,7143,6653.35,200.00,46.00
7143,7144,9878.07,281.00,87.00
7144,7145,23707.11,241.00,159.00
7145,7146,42288.64,405.00,188.00
7146,7147,38361.53,264.00,210.00
7147,7148,6928.48,161.00,86.00
7148,7149,2922.98,69.00,65.00
7149,7150,45041.47,653.00,182.00
7150,7151,21958.64,702.00,124.00
7151,7152,17033.47,311.00,103.00
7152,7153,4053.98,111.00,64.00
7153,7154,5484.47,192.00,48.00
7154,7155,5243.15,141.00,61.00
7155,7156,3486.43,114.00,51.00
7156,7157,20369.15,315.00,142.00
7157,7158,6690.39,161.00,84.00
7158,7159,1857.22,65.00,45.00
7159,7160,3206.99,227.00,64.00
7160,7161,7322.90,220.00,63.00
7161,7162,1810.12,56.00,48.00
7162,7163,2802.59,97.00,79.00
7163,7164,3350.12,192.00,41.00
7164,7165,3928.89,134.00,45.00
7165,7166,13453.79,418.00,120.00
7166,7167,12848.94,366.00,95.00
7167,7168,3719.77,168.00,42.00
7168,7169,12253.67,264.00,135.00
7169,7170,12155.27,177.00,97.00
7170,7171,11713.79,278.00,97.00
7171,7172,7664.50,236.00,88.00
7172,7173,12564.65,351.00,102.00
7173,7174,2028.07,84.00,35.00
7174,7175,3201.09,104.00,80.00
7175,7176,3487.52,121.00,39.00
7176,7177,3192.23,96.00,48.00
7177,7178,3068.04,164.00,37.00
7178,7179,1163.82,55.00,30.00
7179,7180,4496.60,126.00,57.00
7180,7181,11783.09,274.00,120.00
7181,7182,9873.19,175.00,87.00
7182,7183,3078.78,83.00,57.00
7183,7184,1453.84,51.00,37.00
7184,7185,21739.94,320.00,128.00
7185,7186,18315.23,305.00,123.00
7186,7187,3076.90,96.00,60.00
7187,7188,2533.62,100.00,41.00
7188,7189,2025.90,79.00,35.00
7189,7190,1283.51,75.00,27.00
7190,7191,5879.96,176.00,80.00
7191,7192,4497.77,153.00,60.00
7192,7193,7090.83,160.00,90.00
7193,7194,3928.49,100.00,70.00
7194,7195,5445.99,203.00,66.00
7195,7196,5060.39,225.00,47.00
7196,7197,4206.24,229.00,50.00
7197,7198,5410.61,172.00,54.00
7198,7199,6292.24,235.00,41.00
7199,7200,3585.63,111.00,51.00
7200,7201,3456.32,101.00,59.00
7201,7202,1961.43,64.00,40.00
7202,7203,1620.21,77.00,31.00
7203,7204,2555.40,92.00,39.00
7204,7205,5284.04,123.00,58.00
7205,7206,15865.91,516.00,100.00
7206,7207,6595.44,201.00,67.00
7207,7208,10073.14,271.00,73.00
7208,7209,5567.85,119.00,68.00
7209,7210,9488.89,197.00,101.00
7210,7211,4036.96,121.00,57.00
7211,7212,3561.90,100.00,59.00
7212,7213,8681.93,184.00,76.00
7213,7214,18582.17,221.00,134.00
7214,7215,11030.75,218.00,94.00
7215,7216,12045.41,192.00,119.00
7216,7217,4338.78,104.00,57.00
7217,7218,17785.32,390.00,106.00
7218,7219,6573.12,141.00,62.00
7219,7220,7574.02,220.00,61.00
7220,7221,3769.82,138.00,54.00
7221,7222,9708.66,208.00,91.00
7222,7223,16362.67,227.00,129.00
7223,7224,11520.11,205.00,107.00
7224,7225,1280.35,58.00,35.00
7225,7226,19437.19,239.00,128.00
7226,7227,4049.37,141.00,46.00
7227,7228,7885.25,188.00,69.00
7228,7229,46238.25,378.00,194.00
7229,7230,15144.61,338.00,102.00
7230,7231,9851.12,165.00,117.00
7231,7232,5349.88,140.00,57.00
7232,7233,8988.42,186.00,77.00
7233,7234,44992.31,341.00,192.00
7234,7235,9075.39,138.00,113.00
7235,7236,5912.27,113.00,76.00
7236,7237,41230.69,510.00,150.00
7237,7238,23196.78,426.00,111.00
7238,7239,4774.74,125.00,54.00
7239,7240,2764.42,98.00,42.00
7240,7241,23613.00,215.00,152.00
7241,7242,800.56,83.00,18.00
7242,7243,22602.07,319.00,150.00
7243,7244,20390.17,296.00,128.00
7244,7245,4932.36,143.00,52.00
7245,7246,5281.75,116.00,61.00
7246,7247,10538.02,176.00,103.00
7247,7248,25387.17,288.00,137.00
7248,7249,7320.85,104.00,93.00
7249,7250,6098.87,140.00,65.00
7250,7251,2992.01,97.00,62.00
7251,7252,8750.61,144.00,91.00
7252,7253,4344.87,142.00,61.00
7253,7254,5751.92,107.00,84.00
7254,7255,21314.67,264.00,164.00
7255,7256,9186.42,184.00,81.00
7256,7257,8959.33,131.00,109.00
7257,7258,6122.60,134.00,63.00
7258,7259,2973.88,103.00,51.00
7259,7260,9154.88,159.00,86.00
7260,7261,2303.01,77.00,48.00
7261,7262,2273.83,74.00,38.00
7262,7263,3320.23,95.00,46.00
7263,7264,11319.12,138.00,132.00
7264,7265,20352.59,331.00,143.00
7265,7266,9516.43,151.00,89.00
7266,7267,5263.80,111.00,82.00
7267,7268,4767.47,111.00,69.00
7268,7269,8991.15,188.00,94.00
7269,7270,10179.71,137.00,119.00
7270,7271,6192.52,121.00,80.00
7271,7272,17991.34,178.00,163.00
7272,7273,35086.27,595.00,197.00
7273,7274,11597.93,330.00,73.00
7274,7275,4090.97,131.00,56.00
7275,7276,16947.49,255.00,121.00
7276,7277,14879.90,243.00,111.00
7277,7278,6142.50,114.00,76.00
7278,7279,7434.07,128.00,85.00
7279,7280,4745.17,107.00,64.00
7280,7281,9151.54,153.00,98.00
7281,7282,2357.57,89.00,45.00
7282,7283,6534.47,185.00,49.00
7283,7284,20265.97,185.00,183.00
7284,7285,18764.14,229.00,181.00
7285,7286,2924.26,78.00,68.00
7286,7287,5520.27,177.00,53.00
7287,7288,7280.97,137.00,84.00
7288,7289,8305.30,204.00,73.00
7289,7290,3738.82,116.00,45.00
7290,7291,5530.50,106.00,91.00
7291,7292,3625.86,104.00,63.00
7292,7293,3298.38,102.00,43.00
7293,7294,6268.98,101.00,92.00
7294,7295,4286.35,133.00,45.00
7295,7296,4054.57,133.00,51.00
7296,7297,2830.34,108.00,41.00
7297,7298,10845.41,233.00,84.00
7298,7299,8052.23,192.00,65.00
7299,7300,5015.23,131.00,78.00
7300,7301,12411.29,320.00,90.00
7301,7302,17050.50,382.00,117.00
7302,7303,5091.95,138.00,78.00
7303,7304,37762.39,401.00,273.00
7304,7305,1426.87,49.00,37.00
7305,7306,3100.72,130.00,34.00
7306,7307,3686.07,102.00,60.00
7307,7308,3527.23,74.00,69.00
7308,7309,2560.53,61.00,59.00
7309,7310,7867.22,183.00,56.00
7310,7311,9863.91,167.00,126.00
7311,7312,5798.96,218.00,79.00
7312,7313,6262.61,228.00,55.00
7313,7314,2533.32,88.00,39.00
7314,7315,3225.71,121.00,42.00
7315,7316,2467.64,76.00,57.00
7316,7317,6111.27,155.00,78.00
7317,7318,9058.23,225.00,89.00
7318,7319,1628.34,47.00,44.00
7319,7320,1238.44,41.00,38.00
7320,7321,2506.31,81.00,42.00
7321,7322,3046.30,114.00,40.00
7322,7323,2513.92,88.00,44.00
7323,7324,6246.34,146.00,67.00
7324,7325,5504.81,119.00,72.00
7325,7326,8523.18,197.00,87.00
7326,7327,2000.80,83.00,31.00
7327,7328,3346.70,100.00,49.00
7328,7329,1402.10,65.00,28.00
7329,7330,14680.30,275.00,95.00
7330,7331,5072.26,199.00,43.00
7331,7332,5812.16,138.00,76.00
7332,7333,1919.32,59.00,41.00
7333,7334,5955.22,121.00,88.00
7334,7335,8484.17,191.00,79.00
7335,7336,1994.29,75.00,35.00
7336,7337,8112.25,129.00,86.00
7337,7338,11962.31,184.00,106.00
7338,7339,23485.94,289.00,139.00
7339,7340,3435.45,95.00,54.00
7340,7341,5354.73,211.00,51.00
7341,7342,2588.98,110.00,41.00
7342,7343,3119.76,65.00,56.00
7343,7344,34220.22,319.00,227.00
7344,7345,11847.27,213.00,119.00
7345,7346,6235.81,189.00,54.00
7346,7347,3443.66,151.00,56.00
7347,7348,35221.30,250.00,207.00
7348,7349,5531.89,175.00,47.00
7349,7350,9117.49,224.00,88.00
7350,7351,5156.11,145.00,56.00
7351,7352,8903.41,197.00,91.00
7352,7353,17197.90,210.00,106.00
7353,7354,8251.30,148.00,109.00
7354,7355,31571.38,266.00,198.00
7355,7356,5588.26,118.00,80.00
7356,7357,4807.73,123.00,86.00
7357,7358,37742.70,423.00,135.00
7358,7359,9388.74,262.00,85.00
7359,7360,22407.89,308.00,181.00
7360,7361,7922.41,184.00,73.00
7361,7362,4772.63,101.00,60.00
7362,7363,5862.55,238.00,61.00
7363,7364,5938.71,118.00,92.00
7364,7365,27869.59,309.00,143.00
7365,7366,18501.70,177.00,175.00
7366,7367,14717.08,214.00,103.00
7367,7368,17655.12,171.00,147.00
7368,7369,8036.24,139.00,93.00
7369,7370,12463.96,152.00,102.00
7370,7371,6356.07,174.00,53.00
7371,7372,28238.23,341.00,137.00
7372,7373,3811.78,110.00,45.00
7373,7374,6682.90,131.00,72.00
7374,7375,4626.29,88.00,69.00
7375,7376,7870.90,233.00,67.00
7376,7377,35169.36,316.00,202.00
7377,7378,2727.68,131.00,42.00
7378,7379,6571.01,229.00,58.00
7379,7380,5848.74,189.00,58.00
7380,7381,8890.15,187.00,85.00
7381,7382,7278.60,147.00,80.00
7382,7383,5224.97,216.00,48.00
7383,7384,23816.75,363.00,151.00
7384,7385,11038.61,211.00,83.00
7385,7386,6866.78,166.00,57.00
7386,7387,7795.47,172.00,65.00
7387,7388,3898.78,80.00,61.00
7388,7389,33749.18,448.00,151.00
7389,7390,3098.74,93.00,44.00
7390,7391,5799.08,139.00,80.00
7391,7392,9440.22,278.00,76.00
7392,7393,87453.33,502.00,457.00
7393,7394,4631.98,221.00,45.00
7394,7395,18744.68,213.00,172.00
7395,7396,2950.03,62.00,56.00
7396,7397,31077.30,282.00,183.00
7397,7398,5489.05,168.00,66.00
7398,7399,8959.73,279.00,64.00
7399,7400,19045.13,281.00,114.00
7400,7401,4221.41,97.00,82.00
7401,7402,3866.52,87.00,60.00
7402,7403,20310.58,357.00,137.00
7403,7404,14594.87,191.00,131.00
7404,7405,29477.07,431.00,157.00
7405,7406,10792.19,298.00,116.00
7406,7407,3208.57,82.00,52.00
7407,7408,3998.74,120.00,46.00
7408,7409,3845.63,135.00,47.00
7409,7410,21049.65,502.00,135.00
7410,7411,6393.74,164.00,75.00
7411,7412,10881.77,239.00,76.00
7412,7413,2405.19,85.00,38.00
7413,7414,5079.85,112.00,75.00
7414,7415,13120.73,236.00,117.00
7415,7416,38125.87,314.00,199.00
7416,7417,10132.86,201.00,92.00
7417,7418,11428.99,230.00,97.00
7418,7419,8415.66,159.00,81.00
7419,7420,9049.08,162.00,129.00
7420,7421,11797.59,232.00,87.00
7421,7422,6194.47,162.00,52.00
7422,7423,5177.28,133.00,58.00
7423,7424,5604.74,135.00,69.00
7424,7425,15677.86,228.00,117.00
7425,7426,7552.21,125.00,96.00
7426,7427,3660.48,111.00,50.00
7427,7428,8190.81,194.00,73.00
7428,7429,14725.40,148.00,142.00
7429,7430,6136.51,153.00,56.00
7430,7431,2484.45,80.00,42.00
7431,7432,6876.79,137.00,65.00
7432,7433,10065.85,187.00,107.00
7433,7434,11088.15,241.00,80.00
7434,7435,6780.72,152.00,57.00
7435,7436,18728.64,237.00,112.00
7436,7437,4362.70,133.00,46.00
7437,7438,2894.38,117.00,39.00
7438,7439,8627.79,148.00,94.00
7439,7440,2536.92,82.00,54.00
7440,7441,7918.77,148.00,84.00
7441,7442,7071.62,129.00,73.00
7442,7443,5854.63,152.00,65.00
7443,7444,15098.50,246.00,112.00
7444,7445,22346.72,260.00,141.00
7445,7446,8995.74,172.00,83.00
7446,7447,12381.31,185.00,107.00
7447,7448,5759.67,144.00,74.00
7448,7449,11939.39,219.00,83.00
7449,7450,4375.88,126.00,48.00
7450,7451,3238.70,84.00,54.00
7451,7452,16583.55,158.00,150.00
7452,7453,14462.81,151.00,147.00
7453,7454,10072.30,133.00,113.00
7454,7455,4398.64,108.00,53.00
7455,7456,20125.12,213.00,161.00
7456,7457,2374.98,87.00,40.00
7457,7458,13029.22,151.00,124.00
7458,7459,14661.84,194.00,119.00
7459,7460,4980.40,123.00,85.00
7460,7461,3139.00,92.00,49.00
7461,7462,14800.56,335.00,74.00
7462,7463,44268.11,465.00,201.00
7463,7464,124709.01,529.00,398.00
7464,7465,20918.68,287.00,121.00
7465,7466,56623.48,410.00,246.00
7466,7467,17954.14,235.00,123.00
7467,7468,88005.72,536.00,304.00
7468,7469,20797.22,532.00,93.00
7469,7470,6208.52,152.00,69.00
7470,7471,8930.21,249.00,76.00
7471,7472,5427.46,142.00,73.00
7472,7473,8199.29,165.00,77.00
7473,7474,22699.53,459.00,143.00
7474,7475,33677.19,576.00,119.00
7475,7476,10534.63,196.00,96.00
7476,7477,62053.43,525.00,193.00
7477,7478,22102.92,227.00,140.00
7478,7479,3391.08,108.00,46.00
7479,7480,2647.41,91.00,41.00
7480,7481,9285.63,157.00,138.00
7481,7482,10208.58,131.00,129.00
7482,7483,8062.37,155.00,119.00
7483,7484,20898.96,206.00,156.00
7484,7485,11088.62,250.00,129.00
7485,7486,32874.73,280.00,158.00
7486,7487,4631.51,146.00,66.00
7487,7488,2652.79,82.00,42.00
7488,7489,3532.94,99.00,55.00
7489,7490,7693.16,136.00,89.00
7490,7491,10870.57,170.00,99.00
7491,7492,6345.47,153.00,81.00
7492,7493,11375.10,153.00,120.00
7493,7494,2926.33,84.00,51.00
7494,7495,3954.87,118.00,55.00
7495,7496,34064.00,263.00,200.00
7496,7497,12091.58,213.00,85.00
7497,7498,12850.74,238.00,106.00
7498,7499,5497.90,248.00,54.00
7499,7500,7198.09,101.00,97.00
7500,7501,3641.28,110.00,51.00
7501,7502,10908.87,228.00,63.00
7502,7503,4640.52,111.00,75.00
7503,7504,3225.49,114.00,43.00
7504,7505,13678.04,209.00,97.00
7505,7506,5285.24,105.00,71.00
7506,7507,5465.13,93.00,87.00
7507,7508,6338.81,162.00,74.00
7508,7509,3935.84,147.00,41.00
7509,7510,17282.86,503.00,98.00
7510,7511,8231.86,300.00,88.00
7511,7512,7241.01,150.00,81.00
7512,7513,10384.87,214.00,81.00
7513,7514,9439.60,136.00,98.00
7514,7515,11495.29,228.00,82.00
7515,7516,5287.64,101.00,80.00
7516,7517,2628.51,80.00,46.00
7517,7518,24021.66,208.00,168.00
7518,7519,4913.90,182.00,70.00
7519,7520,28326.82,302.00,153.00
7520,7521,6143.18,215.00,71.00
7521,7522,2941.55,71.00,50.00
7522,7523,8723.22,305.00,48.00
7523,7524,8090.49,214.00,77.00
7524,7525,8966.57,296.00,72.00
7525,7526,5275.17,128.00,80.00
7526,7527,4394.24,130.00,46.00
7527,7528,2821.63,118.00,31.00
7528,7529,5787.42,128.00,64.00
7529,7530,2256.13,63.00,56.00
7530,7531,4509.89,119.00,65.00
7531,7532,3831.70,102.00,59.00
7532,7533,3015.67,90.00,47.00
7533,7534,1626.94,57.00,48.00
7534,7535,1781.89,60.00,37.00
7535,7536,39932.72,281.00,202.00
7536,7537,9901.43,139.00,126.00
7537,7538,6922.96,200.00,58.00
7538,7539,4318.10,113.00,56.00
7539,7540,4831.75,136.00,56.00
7540,7541,10375.93,189.00,114.00
7541,7542,11967.55,161.00,120.00
7542,7543,2790.36,90.00,43.00
7543,7544,8235.50,152.00,83.00
7544,7545,20489.49,300.00,111.00
7545,7546,32347.69,391.00,167.00
7546,7547,94055.15,546.00,313.00
7547,7548,15027.47,237.00,152.00
7548,7549,125552.97,575.00,343.00
7549,7550,41598.30,402.00,219.00
7550,7551,14357.83,222.00,122.00
7551,7552,9179.44,163.00,80.00
7552,7553,7626.12,177.00,73.00
7553,7554,5922.16,172.00,67.00
7554,7555,15701.36,204.00,142.00
7555,7556,7757.73,235.00,111.00
7556,7557,16035.36,211.00,131.00
7557,7558,5010.63,135.00,58.00
7558,7559,2668.52,107.00,42.00
7559,7560,2448.37,85.00,39.00
7560,7561,20607.65,228.00,134.00
7561,7562,2894.59,93.00,66.00
7562,7563,10132.35,224.00,76.00
7563,7564,4117.54,100.00,68.00
7564,7565,2725.00,76.00,47.00
7565,7566,4642.66,131.00,51.00
7566,7567,2569.51,79.00,52.00
7567,7568,17333.33,381.00,129.00
7568,7569,6233.03,127.00,83.00
7569,7570,17535.87,268.00,130.00
7570,7571,5209.08,111.00,94.00
7571,7572,3720.37,90.00,72.00
7572,7573,9994.75,129.00,126.00
7573,7574,3597.82,123.00,51.00
7574,7575,17912.32,173.00,153.00
7575,7576,15262.31,171.00,130.00
7576,7577,6683.76,162.00,81.00
7577,7578,19020.75,277.00,130.00
7578,7579,11295.95,213.00,81.00
7579,7580,13523.33,190.00,126.00
7580,7581,12168.15,211.00,79.00
7581,7582,46884.36,345.00,226.00
7582,7583,14006.52,178.00,118.00
7583,7584,45959.54,342.00,207.00
7584,7585,11837.92,220.00,87.00
7585,7586,9017.07,182.00,86.00
7586,7587,8812.73,172.00,94.00
7587,7588,13451.09,182.00,105.00
7588,7589,6735.98,176.00,77.00
7589,7590,10028.10,151.00,111.00
7590,7591,6028.38,188.00,56.00
7591,7592,50338.94,453.00,187.00
7592,7593,7250.79,157.00,88.00
7593,7594,34091.17,355.00,187.00
7594,7595,11814.45,159.00,121.00
7595,7596,5080.64,113.00,73.00
7596,7597,15302.84,165.00,125.00
7597,7598,261.12,52.00,9.00
7598,7599,36136.62,322.00,217.00
7599,7600,19117.30,361.00,121.00
7600,7601,30510.17,243.00,197.00
7601,7602,46353.23,444.00,179.00
7602,7603,10160.74,156.00,104.00
7603,7604,13441.27,219.00,100.00
7604,7605,4886.64,106.00,72.00
7605,7606,16301.01,408.00,100.00
7606,7607,18422.79,259.00,144.00
7607,7608,22619.44,261.00,158.00
7608,7609,12215.81,202.00,78.00
7609,7610,10840.96,193.00,115.00
7610,7611,7261.66,175.00,60.00
7611,7612,3123.15,67.00,55.00
7612,7613,3798.80,70.00,66.00
7613,7614,4555.21,98.00,61.00
7614,7615,4219.26,97.00,59.00
7615,7616,13133.28,312.00,95.00
7616,7617,11046.39,224.00,88.00
7617,7618,6188.21,140.00,69.00
7618,7619,6714.61,120.00,89.00
7619,7620,15153.48,187.00,138.00
7620,7621,3611.91,107.00,49.00
7621,7622,1019.23,107.00,29.00
7622,7623,29855.19,310.00,163.00
7623,7624,6593.39,129.00,73.00
7624,7625,5418.31,143.00,53.00
7625,7626,23212.69,203.00,161.00
7626,7627,8163.32,123.00,102.00
7627,7628,4605.76,165.00,77.00
7628,7629,11195.95,172.00,103.00
7629,7630,105463.14,625.00,263.00
7630,7631,22721.05,235.00,148.00
7631,7632,6799.92,225.00,62.00
7632,7633,28339.92,236.00,171.00
7633,7634,12997.20,359.00,75.00
7634,7635,4661.00,153.00,42.00
7635,7636,13873.28,156.00,146.00
7636,7637,5617.58,106.00,70.00
7637,7638,19386.71,363.00,95.00
7638,7639,13143.70,174.00,97.00
7639,7640,102550.94,460.00,331.00
7640,7641,14028.57,171.00,161.00
7641,7642,17464.88,447.00,100.00
7642,7643,37784.08,283.00,179.00
7643,7644,20844.90,281.00,137.00
7644,7645,16656.23,288.00,110.00
7645,7646,8672.99,295.00,54.00
7646,7647,36327.51,530.00,147.00
7647,7648,5113.51,122.00,71.00
7648,7649,7593.34,225.00,79.00
7649,7650,11605.91,239.00,101.00
7650,7651,24365.92,225.00,165.00
7651,7652,11608.03,247.00,92.00
7652,7653,21289.47,353.00,107.00
7653,7654,19101.04,178.00,156.00
7654,7655,8611.27,288.00,83.00
7655,7656,5102.31,215.00,46.00
7656,7657,22813.90,465.00,92.00
7657,7658,8233.19,180.00,86.00
7658,7659,3198.28,123.00,40.00
7659,7660,2835.46,159.00,49.00
7660,7661,5212.09,149.00,53.00
7661,7662,8540.66,198.00,100.00
7662,7663,10197.39,275.00,89.00
7663,7664,3351.08,95.00,50.00
7664,7665,2727.51,134.00,43.00
7665,7666,2849.84,97.00,44.00
7666,7667,7470.80,234.00,61.00
7667,7668,5455.35,106.00,76.00
7668,7669,7022.28,119.00,87.00
7669,7670,8547.91,240.00,81.00
7670,7671,7988.97,297.00,50.00
7671,7672,2470.40,92.00,34.00
7672,7673,31263.88,372.00,179.00
7673,7674,5514.97,193.00,58.00
7674,7675,4911.13,169.00,67.00
7675,7676,80925.93,501.00,264.00
7676,7677,15280.08,193.00,124.00
7677,7678,11135.75,150.00,120.00
7678,7679,31590.27,352.00,169.00
7679,7680,8525.97,170.00,92.00
7680,7681,17578.08,218.00,134.00
7681,7682,14668.93,321.00,85.00
7682,7683,41785.19,299.00,175.00
7683,7684,8781.21,202.00,87.00
7684,7685,7528.55,165.00,84.00
7685,7686,18581.36,278.00,94.00
7686,7687,13708.76,146.00,134.00
7687,7688,10850.75,248.00,111.00
7688,7689,4923.82,125.00,62.00
7689,7690,24349.06,363.00,171.00
7690,7691,39824.65,511.00,156.00
7691,7692,8513.05,202.00,82.00
7692,7693,5718.13,154.00,58.00
7693,7694,8605.02,293.00,68.00
7694,7695,4735.56,153.00,59.00
7695,7696,4322.97,126.00,50.00
7696,7697,21125.77,200.00,155.00
7697,7698,26887.08,206.00,177.00
7698,7699,12155.32,176.00,152.00
7699,7700,17415.08,186.00,126.00
7700,7701,16147.40,193.00,124.00
7701,7702,10976.30,210.00,69.00
7702,7703,6636.33,165.00,71.00
7703,7704,3381.59,88.00,53.00
7704,7705,4083.02,101.00,56.00
7705,7706,85396.96,561.00,243.00
7706,7707,8311.31,169.00,87.00
7707,7708,47181.86,417.00,160.00
7708,7709,88071.96,386.00,320.00
7709,7710,14521.07,153.00,139.00
7710,7711,22695.39,219.00,170.00
7711,7712,8253.99,201.00,117.00
7712,7713,10315.32,135.00,111.00
7713,7714,7222.14,172.00,69.00
7714,7715,13699.50,202.00,115.00
7715,7716,3557.24,96.00,55.00
7716,7717,5943.44,155.00,56.00
7717,7718,12015.83,247.00,85.00
7718,7719,8931.63,288.00,75.00
7719,7720,14439.88,177.00,169.00
7720,7721,5128.01,134.00,81.00
7721,7722,4983.85,195.00,54.00
7722,7723,9369.96,218.00,78.00
7723,7724,10987.47,149.00,114.00
7724,7725,6379.78,199.00,59.00
7725,7726,3636.20,77.00,62.00
7726,7727,2704.46,155.00,36.00
7727,7728,5525.53,148.00,74.00
7728,7729,4896.45,161.00,44.00
7729,7730,7255.57,245.00,61.00
7730,7731,5844.52,204.00,51.00
7731,7732,9814.70,160.00,106.00
7732,7733,106931.84,624.00,299.00
7733,7734,31155.91,236.00,208.00
7734,7735,16344.11,258.00,111.00
7735,7736,34273.17,375.00,157.00
7736,7737,9685.60,191.00,101.00
7737,7738,21588.89,252.00,146.00
7738,7739,6940.32,126.00,116.00
7739,7740,22136.51,300.00,150.00
7740,7741,15864.67,343.00,76.00
7741,7742,4934.44,174.00,54.00
7742,7743,3127.57,140.00,54.00
7743,7744,4675.13,166.00,52.00
7744,7745,9398.69,188.00,92.00
7745,7746,10035.77,182.00,109.00
7746,7747,24053.31,325.00,144.00
7747,7748,16437.29,352.00,101.00
7748,7749,16020.89,204.00,120.00
7749,7750,6735.35,168.00,73.00
7750,7751,6988.95,221.00,58.00
7751,7752,14398.59,232.00,123.00
7752,7753,9672.21,178.00,104.00
7753,7754,8327.07,201.00,73.00
7754,7755,6875.22,212.00,58.00
7755,7756,10685.26,151.00,116.00
7756,7757,6217.93,236.00,48.00
7757,7758,22950.29,335.00,119.00
7758,7759,12419.13,178.00,120.00
7759,7760,15892.41,261.00,108.00
7760,7761,85.25,32.00,4.00
7761,7762,13350.75,374.00,88.00
7762,7763,10563.73,174.00,99.00
7763,7764,6331.65,132.00,84.00
7764,7765,14813.68,366.00,101.00
7765,7766,14939.62,251.00,113.00
7766,7767,17345.26,294.00,96.00
7767,7768,12362.98,356.00,77.00
7768,7769,37143.02,236.00,229.00
7769,7770,14114.60,218.00,112.00
7770,7771,9019.53,224.00,82.00
7771,7772,13832.73,300.00,102.00
7772,7773,8213.58,116.00,98.00
7773,7774,22542.35,427.00,125.00
7774,7775,9987.06,129.00,122.00
7775,7776,7161.31,186.00,75.00
7776,7777,16933.89,280.00,130.00
7777,7778,34490.74,408.00,143.00
7778,7779,20660.13,206.00,179.00
7779,7780,12629.88,222.00,194.00
7780,7781,7258.35,117.00,105.00
7781,7782,10720.77,210.00,83.00
7782,7783,22809.46,222.00,160.00
7783,7784,66996.19,496.00,227.00
7784,7785,5346.03,240.00,59.00
7785,7786,22039.74,215.00,171.00
7786,7787,5823.68,211.00,67.00
7787,7788,8806.76,193.00,97.00
7788,7789,5697.97,215.00,62.00
7789,7790,248.30,38.00,10.00
7790,7791,56658.35,407.00,225.00
7791,7792,4671.19,149.00,66.00
7792,7793,13391.89,169.00,112.00
7793,7794,5083.66,172.00,70.00
7794,7795,3594.29,114.00,46.00
7795,7796,6758.06,140.00,86.00
7796,7797,5850.23,165.00,66.00
7797,7798,7790.15,117.00,108.00
7798,7799,9959.07,208.00,69.00
7799,7800,5803.84,147.00,66.00
7800,7801,7465.14,122.00,104.00
7801,7802,7513.21,211.00,70.00
7802,7803,2313.36,91.00,37.00
7803,7804,3319.98,114.00,42.00
7804,7805,2834.87,82.00,45.00
7805,7806,2249.80,71.00,43.00
7806,7807,13429.43,224.00,132.00
7807,7808,9866.68,167.00,86.00
7808,7809,10932.57,175.00,115.00
7809,7810,12210.57,436.00,60.00
7810,7811,50941.06,493.00,153.00
7811,7812,5527.73,112.00,71.00
7812,7813,4043.51,139.00,39.00
7813,7814,6686.04,194.00,66.00
7814,7815,13541.27,164.00,122.00
7815,7816,16990.42,221.00,151.00
7816,7817,37086.57,303.00,198.00
7817,7818,11943.91,432.00,60.00
7818,7819,2531.49,120.00,36.00
7819,7820,7555.24,223.00,54.00
7820,7821,3763.63,138.00,48.00
7821,7822,22246.29,334.00,113.00
7822,7823,12048.37,188.00,104.00
7823,7824,5425.81,226.00,59.00
7824,7825,20724.01,248.00,146.00
7825,7826,10215.09,211.00,101.00
7826,7827,3458.96,127.00,62.00
7827,7828,2638.36,83.00,39.00
7828,7829,5983.23,116.00,70.00
7829,7830,14494.04,172.00,155.00
7830,7831,2602.88,69.00,54.00
7831,7832,1820.61,59.00,40.00
7832,7833,4344.71,89.00,63.00
7833,7834,9169.08,213.00,76.00
7834,7835,5735.01,198.00,56.00
7835,7836,7336.29,195.00,73.00
7836,7837,9049.40,149.00,97.00
7837,7838,3951.93,149.00,40.00
7838,7839,10839.57,193.00,109.00
7839,7840,6111.53,126.00,70.00
7840,7841,11507.46,168.00,110.00
7841,7842,15680.58,279.00,118.00
7842,7843,3634.16,160.00,47.00
7843,7844,3497.64,155.00,44.00
7844,7845,7693.56,193.00,74.00
7845,7846,10386.35,272.00,61.00
7846,7847,10484.07,186.00,109.00
7847,7848,28340.39,330.00,137.00
7848,7849,12442.30,182.00,96.00
7849,7850,12129.68,331.00,111.00
7850,7851,24346.69,339.00,129.00
7851,7852,13102.08,182.00,117.00
7852,7853,4094.21,169.00,48.00
7853,7854,4119.11,181.00,44.00
7854,7855,5786.90,123.00,82.00
7855,7856,8352.68,129.00,102.00
7856,7857,4897.49,97.00,70.00
7857,7858,4911.26,118.00,99.00
7858,7859,6252.12,121.00,78.00
7859,7860,4665.24,96.00,82.00
7860,7861,6114.42,141.00,73.00
7861,7862,49484.30,443.00,323.00
7862,7863,5010.94,204.00,47.00
7863,7864,11649.39,184.00,133.00
7864,7865,10350.68,241.00,91.00
7865,7866,44871.33,397.00,195.00
7866,7867,4133.40,136.00,49.00
7867,7868,5210.59,99.00,68.00
7868,7869,9698.02,157.00,90.00
7869,7870,3346.84,76.00,60.00
7870,7871,5611.56,162.00,78.00
7871,7872,6119.67,207.00,53.00
7872,7873,5510.50,114.00,74.00
7873,7874,4388.00,98.00,80.00
7874,7875,9357.09,122.00,115.00
7875,7876,5861.58,120.00,85.00
7876,7877,10832.01,166.00,113.00
7877,7878,2039.62,56.00,49.00
7878,7879,7373.15,133.00,83.00
7879,7880,35613.41,415.00,142.00
7880,7881,30667.40,393.00,153.00
7881,7882,179194.91,684.00,406.00
7882,7883,5870.07,149.00,71.00
7883,7884,10178.29,278.00,75.00
7884,7885,14029.17,183.00,145.00
7885,7886,9926.65,303.00,73.00
7886,7887,6267.24,159.00,66.00
7887,7888,12051.28,292.00,91.00
7888,7889,22603.20,223.00,172.00
7889,7890,10593.29,202.00,84.00
7890,7891,12463.38,178.00,111.00
7891,7892,48862.55,422.00,197.00
7892,7893,70605.76,396.00,248.00
7893,7895,11229.24,147.00,107.00
7894,7896,20982.71,398.00,147.00
7895,7897,6304.72,189.00,90.00
7896,7898,24533.83,264.00,189.00
7897,7899,88.69,37.00,5.00
7898,7900,7950.98,251.00,71.00
7899,7901,4860.96,135.00,82.00
7900,7902,7458.33,163.00,62.00
7901,7903,13247.12,162.00,112.00
7902,7904,6927.07,125.00,75.00
7903,7905,17959.22,202.00,145.00
7904,7906,3913.47,140.00,45.00
7905,7907,6719.29,159.00,77.00
7906,7908,4198.01,144.00,47.00
7907,7909,16566.91,286.00,109.00
7908,7910,9980.18,243.00,81.00
7909,7911,14264.55,326.00,95.00
7910,7912,13832.55,269.00,121.00
7911,7913,25359.75,313.00,163.00
7912,7914,8511.86,146.00,95.00
7913,7915,33562.26,301.00,193.00
7914,7916,9875.66,175.00,98.00
7915,7917,10294.22,133.00,126.00
7916,7918,25451.47,387.00,141.00
7917,7919,61841.01,369.00,329.00
7918,7920,12397.85,297.00,92.00
7919,7921,10091.42,208.00,84.00
7920,7922,10002.20,306.00,79.00
7921,7923,10839.75,368.00,99.00
7922,7924,41873.48,439.00,154.00
7923,7925,26926.83,327.00,151.00
7924,7926,36821.08,544.00,182.00
7925,7927,21984.30,301.00,163.00
7926,7928,21732.13,293.00,164.00
7927,7929,4510.73,115.00,50.00
7928,7930,7660.92,249.00,62.00
7929,7931,6978.07,224.00,50.00
7930,7932,2598.18,133.00,35.00
7931,7933,4315.51,169.00,46.00
7932,7934,7845.96,186.00,63.00
7933,7935,9507.56,246.00,68.00
7934,7936,8021.97,121.00,97.00
7935,7937,120293.20,772.00,324.00
7936,7938,12847.48,160.00,119.00
7937,7939,10667.04,230.00,76.00
7938,7940,25279.32,193.00,192.00
7939,7941,15000.95,235.00,98.00
7940,7942,19225.97,339.00,147.00
7941,7943,23704.45,384.00,178.00
7942,7944,28696.39,429.00,165.00
7943,7945,10477.83,172.00,90.00
7944,7946,14189.62,174.00,108.00
7945,7947,9269.17,202.00,73.00
7946,7948,8089.82,257.00,92.00
7947,7949,108017.77,595.00,331.00
7948,7950,80295.62,419.00,270.00
7949,7951,10677.52,226.00,76.00
7950,7952,18008.27,260.00,100.00
7951,7953,3122.60,87.00,46.00
7952,7954,8137.15,253.00,65.00
7953,7955,11738.32,156.00,110.00
7954,7956,17910.35,299.00,104.00
7955,7957,14964.72,190.00,111.00
7956,7958,7186.47,132.00,72.00
7957,7959,14112.04,304.00,95.00
7958,7960,5308.01,97.00,68.00
7959,7961,5572.62,114.00,70.00
7960,7962,16448.68,173.00,130.00
7961,7963,7548.60,102.00,93.00
7962,7964,8154.75,216.00,72.00
7963,7965,8699.31,127.00,112.00
7964,7966,4193.19,104.00,68.00
7965,7967,7319.23,170.00,104.00
7966,7968,7551.40,162.00,80.00
7967,7969,7877.77,166.00,121.00
7968,7970,9339.86,220.00,80.00
7969,7971,9766.89,245.00,92.00
7970,7972,5015.47,88.00,82.00
7971,7973,10991.16,201.00,107.00
7972,7974,12175.22,292.00,98.00
7973,7975,6193.23,119.00,83.00
7974,7976,3214.31,140.00,56.00
7975,7977,2834.16,88.00,42.00
7976,7978,6633.35,98.00,98.00
7977,7979,4393.34,101.00,78.00
7978,7980,5490.14,147.00,56.00
7979,7981,20650.92,270.00,139.00
7980,7982,4101.97,120.00,50.00
7981,7983,9587.61,143.00,97.00
7982,7984,8090.43,204.00,70.00
7983,7985,9228.63,166.00,104.00
7984,7986,7427.82,209.00,59.00
7985,7987,23963.22,459.00,130.00
7986,7988,7625.19,165.00,106.00
7987,7989,9899.25,259.00,68.00
7988,7990,32696.17,401.00,155.00
7989,7991,5998.73,133.00,59.00
7990,7992,4736.98,152.00,51.00
7991,7993,3751.62,106.00,46.00
7992,7994,7529.36,144.00,81.00
7993,7995,7933.26,245.00,63.00
7994,7996,3942.04,123.00,43.00
7995,7997,7442.82,237.00,53.00
7996,7998,20529.46,444.00,152.00
7997,7999,13194.80,278.00,82.00
7998,8000,3204.00,127.00,38.00
7999,8001,12563.21,214.00,95.00
8000,8002,2724.74,75.00,52.00
8001,8003,6816.03,222.00,43.00
8002,8004,11603.51,197.00,115.00
8003,8005,2887.20,87.00,50.00
8004,8006,9810.63,190.00,89.00
8005,8007,5550.21,173.00,61.00
8006,8008,5142.84,178.00,50.00
8007,8009,39578.38,374.00,214.00
8008,8010,15743.44,253.00,113.00
8009,8011,8872.40,287.00,66.00
8010,8012,68259.43,576.00,228.00
8011,8013,55211.91,505.00,204.00
8012,8014,2893.54,96.00,55.00
8013,8015,5377.63,146.00,70.00
8014,8016,108565.37,549.00,422.00
8015,8017,48473.76,548.00,152.00
8016,8018,13915.69,220.00,104.00
8017,8019,9239.14,268.00,75.00
8018,8020,30711.96,384.00,196.00
8019,8021,44621.74,315.00,216.00
8020,8022,55175.32,547.00,223.00
8021,8023,16212.36,236.00,113.00
8022,8024,7004.16,97.00,90.00
8023,8025,13297.25,263.00,104.00
8024,8026,7128.91,177.00,62.00
8025,8027,9325.09,237.00,70.00
8026,8028,13914.52,222.00,130.00
8027,8029,7584.72,148.00,79.00
8028,8030,2755.44,67.00,54.00
8029,8031,2912.23,82.00,51.00
8030,8032,11622.99,169.00,118.00
8031,8033,10158.32,235.00,94.00
8032,8034,11340.62,307.00,81.00
8033,8035,10954.26,240.00,69.00
8034,8036,7782.21,169.00,80.00
8035,8037,14898.21,271.00,117.00
8036,8038,7957.13,196.00,81.00
8037,8039,10490.94,200.00,84.00
8038,8040,9670.88,183.00,81.00
8039,8041,4328.88,152.00,44.00
8040,8042,3083.43,130.00,43.00
8041,8043,6957.11,217.00,59.00
8042,8044,19098.51,337.00,108.00
8043,8045,20346.66,418.00,102.00
8044,8046,5935.82,154.00,53.00
8045,8047,6396.19,239.00,40.00
8046,8048,22585.63,342.00,105.00
8047,8049,3731.93,122.00,45.00
8048,8050,6391.26,142.00,69.00
8049,8051,3187.53,125.00,45.00
8050,8052,16811.91,367.00,192.00
8051,8053,4608.70,156.00,59.00
8052,8054,11369.31,179.00,90.00
8053,8055,5084.67,171.00,73.00
8054,8056,20876.15,537.00,147.00
8055,8057,12539.49,475.00,71.00
8056,8058,5355.14,96.00,92.00
8057,8059,4613.26,137.00,61.00
8058,8060,30106.72,361.00,164.00
8059,8061,8454.74,286.00,61.00
8060,8062,18102.58,243.00,159.00
8061,8063,10414.96,198.00,117.00
8062,8064,9732.85,248.00,127.00
8063,8065,5956.68,171.00,75.00
8064,8066,12218.17,294.00,112.00
8065,8067,12596.12,185.00,116.00
8066,8068,20208.75,356.00,166.00
8067,8069,7854.52,182.00,75.00
8068,8070,6209.52,154.00,66.00
8069,8071,5136.15,165.00,72.00
8070,8072,3878.85,163.00,46.00
8071,8073,8796.17,146.00,105.00
8072,8074,18380.95,374.00,122.00
8073,8075,5137.27,148.00,52.00
8074,8076,3353.21,180.00,32.00
8075,8077,7294.66,166.00,61.00
8076,8078,13931.88,194.00,109.00
8077,8079,4489.41,95.00,69.00
8078,8080,5485.38,172.00,52.00
8079,8081,4511.14,147.00,49.00
8080,8082,2858.44,115.00,41.00
8081,8083,3708.13,87.00,56.00
8082,8084,6073.47,154.00,82.00
8083,8085,10348.42,190.00,107.00
8084,8086,8979.99,232.00,67.00
8085,8087,5076.29,110.00,66.00
8086,8088,16174.81,294.00,127.00
8087,8089,28866.53,268.00,169.00
8088,8090,8116.53,228.00,55.00
8089,8091,4043.21,114.00,54.00
8090,8092,3561.75,142.00,45.00
8091,8093,7023.03,169.00,99.00
8092,8094,5357.06,239.00,65.00
8093,8095,14978.52,208.00,105.00
8094,8096,5365.20,164.00,59.00
8095,8097,5652.51,131.00,75.00
8096,8098,6606.59,155.00,64.00
8097,8099,3387.83,121.00,43.00
8098,8100,7819.62,171.00,91.00
8099,8101,6169.20,106.00,86.00
8100,8102,3007.64,105.00,50.00
8101,8103,6074.16,203.00,49.00
8102,8104,3724.62,114.00,62.00
8103,8105,4071.24,100.00,54.00
8104,8106,4911.10,99.00,68.00
8105,8107,8063.07,171.00,70.00
8106,8108,10324.31,250.00,95.00
8107,8109,17513.31,348.00,122.00
8108,8110,6185.15,137.00,62.00
8109,8111,5828.80,191.00,63.00
8110,8112,4492.22,161.00,53.00
8111,8113,9975.52,175.00,89.00
8112,8114,8998.31,140.00,102.00
8113,8115,11064.34,152.00,128.00
8114,8116,18022.28,247.00,141.00
8115,8117,8015.25,142.00,102.00
8116,8118,9839.30,261.00,137.00
8117,8119,8702.90,195.00,90.00
8118,8120,12722.81,204.00,109.00
8119,8121,25617.48,253.00,144.00
8120,8122,12963.30,205.00,114.00
8121,8123,14901.93,164.00,131.00
8122,8124,6499.64,129.00,122.00
8123,8125,7469.34,179.00,79.00
8124,8126,6923.88,152.00,64.00
8125,8127,3663.67,112.00,53.00
8126,8128,7286.83,216.00,63.00
8127,8129,8948.75,169.00,82.00
8128,8130,5575.82,101.00,83.00
8129,8131,9409.33,255.00,86.00
8130,8132,24087.79,256.00,178.00
8131,8133,35902.41,501.00,174.00
8132,8134,15019.57,281.00,116.00
8133,8135,10861.15,214.00,82.00
8134,8136,14852.54,377.00,93.00
8135,8137,82.99,45.00,3.00
8136,8138,6675.99,164.00,68.00
8137,8139,92091.67,556.00,238.00
8138,8140,89614.59,430.00,381.00
8139,8141,5942.90,120.00,73.00
8140,8142,37369.96,468.00,179.00
8141,8143,21611.00,215.00,199.00
8142,8144,9213.86,233.00,64.00
8143,8145,16220.22,168.00,141.00
8144,8146,42222.89,470.00,201.00
8145,8147,9140.72,268.00,66.00
8146,8148,7060.27,230.00,82.00
8147,8149,32735.85,498.00,183.00
8148,8150,5372.28,102.00,77.00
8149,8151,3573.07,140.00,39.00
8150,8152,4294.36,98.00,69.00
8151,8153,8330.03,129.00,87.00
8152,8154,7528.42,104.00,95.00
8153,8155,8388.02,174.00,87.00
8154,8156,5455.87,166.00,75.00
8155,8157,7259.04,158.00,76.00
8156,8158,12472.89,168.00,129.00
8157,8159,13028.74,260.00,103.00
8158,8160,34196.62,426.00,140.00
8159,8161,5182.23,142.00,80.00
8160,8162,11282.69,311.00,109.00
8161,8163,8153.26,194.00,87.00
8162,8164,21068.90,396.00,102.00
8163,8165,6812.29,122.00,91.00
8164,8166,9164.52,148.00,91.00
8165,8167,4237.98,95.00,82.00
8166,8168,5501.99,144.00,53.00
8167,8169,4026.99,145.00,47.00
8168,8170,3965.13,120.00,58.00
8169,8171,4719.06,119.00,75.00
8170,8172,2717.16,83.00,53.00
8171,8173,4435.81,104.00,62.00
8172,8174,5398.14,105.00,75.00
8173,8175,4288.96,127.00,56.00
8174,8176,2985.04,113.00,43.00
8175,8177,4069.18,106.00,51.00
8176,8178,5471.86,126.00,108.00
8177,8179,11197.64,168.00,109.00
8178,8180,10740.94,129.00,113.00
8179,8181,6782.27,145.00,65.00
8180,8182,11213.97,168.00,107.00
8181,8183,12513.70,150.00,118.00
8182,8184,8164.54,207.00,86.00
8183,8185,3493.11,84.00,62.00
8184,8186,2273.77,84.00,39.00
8185,8187,4518.26,132.00,52.00
8186,8188,16344.23,186.00,130.00
8187,8189,25443.92,251.00,193.00
8188,8190,6901.77,139.00,89.00
8189,8191,1815.65,73.00,37.00
8190,8192,4036.72,83.00,57.00
8191,8193,1976.40,70.00,37.00
8192,8194,7279.56,150.00,86.00
8193,8195,3930.53,80.00,72.00
8194,8196,6683.38,186.00,85.00
8195,8197,19705.60,276.00,141.00
8196,8198,37480.68,343.00,191.00
8197,8199,890.51,37.00,30.00
8198,8200,15936.11,181.00,144.00
8199,8201,2086.37,99.00,34.00
8200,8202,2053.66,54.00,46.00
8201,8203,2231.46,73.00,46.00
8202,8204,1970.92,75.00,42.00
8203,8205,6573.70,160.00,80.00
8204,8206,8619.04,135.00,134.00
8205,8207,4714.00,171.00,63.00
8206,8208,24912.74,251.00,142.00
8207,8209,5347.01,156.00,57.00
8208,8210,5046.62,103.00,80.00
8209,8211,2067.32,98.00,32.00
8210,8212,1748.29,88.00,34.00
8211,8213,3257.94,105.00,57.00
8212,8214,5473.48,173.00,54.00
8213,8215,16257.28,186.00,142.00
8214,8216,7685.15,182.00,72.00
8215,8217,4113.71,85.00,65.00
8216,8218,4847.15,146.00,61.00
8217,8219,8391.94,218.00,78.00
8218,8220,4719.04,120.00,57.00
8219,8221,11852.25,155.00,119.00
8220,8222,5119.61,102.00,81.00
8221,8223,4599.72,116.00,66.00
8222,8224,7083.17,206.00,71.00
8223,8225,6114.55,205.00,63.00
8224,8226,5767.44,137.00,58.00
8225,8227,4736.91,162.00,68.00
8226,8228,1731.18,60.00,38.00
8227,8229,7043.21,155.00,61.00
8228,8230,2252.95,96.00,36.00
8229,8231,2519.51,125.00,32.00
8230,8232,2765.27,88.00,39.00
8231,8233,4463.19,119.00,57.00
8232,8234,5304.29,211.00,57.00
8233,8235,13874.93,288.00,74.00
8234,8236,3536.56,93.00,48.00
8235,8237,6158.65,176.00,55.00
8236,8238,7245.47,211.00,67.00
8237,8239,5915.16,145.00,71.00
8238,8240,5373.68,162.00,58.00
8239,8241,3475.76,76.00,55.00
8240,8242,4751.16,128.00,61.00
8241,8243,2112.54,59.00,50.00
8242,8244,13208.90,245.00,92.00
8243,8245,5393.82,138.00,59.00
8244,8246,15634.21,317.00,123.00
8245,8247,9979.42,153.00,86.00
8246,8248,12506.71,233.00,76.00
8247,8249,10599.47,331.00,63.00
8248,8250,16750.21,317.00,106.00
8249,8251,6449.39,161.00,107.00
8250,8252,15156.36,254.00,95.00
8251,8253,7557.17,198.00,63.00
8252,8254,11675.37,206.00,75.00
8253,8255,6311.16,137.00,94.00
8254,8256,7393.05,113.00,87.00
8255,8257,11848.07,162.00,118.00
8256,8258,13402.31,166.00,119.00
8257,8259,35871.27,477.00,129.00
8258,8260,36247.24,466.00,144.00
8259,8261,6020.03,282.00,73.00
8260,8262,4050.94,116.00,50.00
8261,8263,4859.27,136.00,61.00
8262,8264,15526.92,242.00,124.00
8263,8265,10853.39,233.00,88.00
8264,8266,10324.60,193.00,97.00
8265,8267,4283.73,170.00,56.00
8266,8268,4051.43,150.00,50.00
8267,8269,3784.26,121.00,67.00
8268,8270,13584.55,224.00,126.00
8269,8271,10589.63,284.00,112.00
8270,8272,8566.35,191.00,99.00
8271,8273,4370.65,91.00,64.00
8272,8274,2480.03,106.00,40.00
8273,8275,2135.63,83.00,38.00
8274,8276,13465.91,182.00,145.00
8275,8277,4199.45,143.00,56.00
8276,8278,904.66,44.00,30.00
8277,8279,2851.72,84.00,46.00
8278,8280,2078.95,73.00,39.00
8279,8281,2097.24,67.00,44.00
8280,8282,3701.12,99.00,60.00
8281,8283,1905.90,59.00,44.00
8282,8284,1464.30,65.00,28.00
8283,8285,2317.58,75.00,42.00
8284,8286,5724.32,215.00,74.00
8285,8287,1340.99,48.00,36.00
8286,8288,1433.52,50.00,36.00
8287,8289,1924.77,80.00,35.00
8288,8290,5061.06,180.00,74.00
8289,8291,2736.41,83.00,44.00
8290,8292,8977.54,158.00,90.00
8291,8293,6062.59,171.00,87.00
8292,8294,6096.91,144.00,78.00
8293,8295,2082.67,76.00,58.00
8294,8296,4914.02,91.00,76.00
8295,8297,1738.04,84.00,33.00
8296,8298,3990.65,121.00,60.00
8297,8299,10214.61,208.00,74.00
8298,8300,6353.07,102.00,92.00
8299,8301,12599.76,178.00,113.00
8300,8302,3834.81,126.00,43.00
8301,8303,5369.21,117.00,72.00
8302,8304,8471.26,226.00,87.00
8303,8305,7935.55,144.00,92.00
8304,8306,5490.69,166.00,63.00
8305,8307,1698.13,152.00,40.00
8306,8308,4582.40,128.00,63.00
8307,8309,10355.75,278.00,95.00
8308,8310,7039.69,171.00,93.00
8309,8311,3474.86,106.00,48.00
8310,8312,2991.70,112.00,41.00
8311,8313,2073.17,85.00,60.00
8312,8314,3148.68,167.00,43.00
8313,8315,3869.53,109.00,78.00
8314,8316,6158.92,154.00,72.00
8315,8317,8211.94,311.00,51.00
8316,8318,2479.65,101.00,36.00
8317,8319,6542.88,117.00,81.00
8318,8320,5071.95,105.00,75.00
8319,8321,7962.50,244.00,78.00
8320,8322,7587.76,122.00,105.00
8321,8323,7884.17,239.00,69.00
8322,8324,5700.87,213.00,59.00
8323,8325,7230.95,231.00,64.00
8324,8326,11667.91,232.00,114.00
8325,8327,6741.31,128.00,83.00
8326,8328,7899.06,180.00,77.00
8327,8329,4625.22,108.00,54.00
8328,8330,14641.21,371.00,110.00
8329,8331,3999.15,132.00,57.00
8330,8332,1964.08,116.00,40.00
8331,8333,13872.07,218.00,134.00
8332,8334,14281.95,180.00,136.00
8333,8335,4562.40,132.00,97.00
8334,8336,4215.65,128.00,68.00
8335,8337,6358.40,202.00,71.00
8336,8338,5797.83,154.00,63.00
8337,8339,4598.87,190.00,40.00
8338,8340,6731.31,226.00,65.00
8339,8341,9387.77,174.00,126.00
8340,8342,8243.82,182.00,95.00
8341,8343,10207.94,191.00,75.00
8342,8344,7642.22,197.00,80.00
8343,8345,25394.16,237.00,158.00
8344,8346,9418.28,130.00,119.00
8345,8347,4516.41,126.00,60.00
8346,8348,9827.27,237.00,80.00
8347,8349,15939.90,216.00,150.00
8348,8350,11271.88,151.00,126.00
8349,8351,16561.11,359.00,121.00
8350,8352,4362.06,175.00,67.00
8351,8353,3299.14,140.00,41.00
8352,8354,3068.87,97.00,58.00
8353,8355,4863.55,89.00,70.00
8354,8356,25754.61,243.00,179.00
8355,8357,7148.80,201.00,85.00
8356,8358,16657.07,292.00,123.00
8357,8359,10874.36,274.00,95.00
8358,8360,12338.14,168.00,124.00
8359,8361,3264.94,86.00,61.00
8360,8362,11892.68,265.00,100.00
8361,8363,3823.94,118.00,44.00
8362,8364,7987.21,196.00,74.00
8363,8365,4032.04,157.00,49.00
8364,8366,4205.10,145.00,42.00
8365,8367,3228.94,124.00,50.00
8366,8368,3633.26,131.00,42.00
8367,8369,5670.55,169.00,58.00
8368,8370,3885.96,104.00,60.00
8369,8371,9440.46,212.00,74.00
8370,8372,11938.83,257.00,92.00
8371,8373,11697.59,157.00,111.00
8372,8374,6950.36,163.00,77.00
8373,8375,4994.66,144.00,66.00
8374,8376,6609.45,146.00,70.00
8375,8377,3892.24,167.00,40.00
8376,8378,8756.40,309.00,91.00
8377,8379,8360.16,291.00,67.00
8378,8380,19146.50,478.00,84.00
8379,8381,7473.10,121.00,102.00
8380,8382,4685.79,122.00,58.00
8381,8383,5149.03,182.00,47.00
8382,8384,10801.56,196.00,99.00
8383,8385,11460.21,254.00,109.00
8384,8386,17092.31,322.00,129.00
8385,8387,4915.00,152.00,59.00
8386,8388,3805.97,132.00,48.00
8387,8389,4324.19,135.00,45.00
8388,8390,6694.16,144.00,59.00
8389,8391,12013.71,301.00,58.00
8390,8392,26661.74,194.00,192.00
8391,8393,16984.21,339.00,92.00
8392,8394,43811.93,694.00,131.00
8393,8395,14176.15,388.00,94.00
8394,8396,21649.63,657.00,80.00
8395,8397,14282.01,236.00,100.00
8396,8398,8165.31,226.00,68.00
8397,8399,14374.08,332.00,102.00
8398,8400,5449.99,147.00,52.00
8399,8401,12820.71,290.00,78.00
8400,8402,8593.39,197.00,65.00
8401,8403,4548.94,145.00,44.00
8402,8404,5527.48,150.00,54.00
8403,8405,10002.03,183.00,80.00
8404,8406,19902.28,474.00,100.00
8405,8407,11617.19,258.00,63.00
8406,8408,11459.28,277.00,67.00
8407,8409,11455.37,275.00,65.00
8408,8410,69574.75,937.00,167.00
8409,8411,5334.38,178.00,49.00
8410,8412,3473.28,135.00,47.00
8411,8413,6202.01,162.00,58.00
8412,8414,4408.62,120.00,60.00
8413,8415,1624.85,71.00,37.00
8414,8416,2381.09,85.00,47.00
8415,8417,6032.17,166.00,62.00
8416,8418,3597.59,145.00,54.00
8417,8419,2175.92,91.00,42.00
8418,8420,3522.80,129.00,60.00
8419,8421,3808.80,134.00,47.00
8420,8422,4950.41,122.00,59.00
8421,8423,4139.29,114.00,58.00
8422,8424,11033.03,267.00,71.00
8423,8425,3037.78,82.00,50.00
8424,8426,3858.15,111.00,52.00
8425,8427,1438.74,92.00,37.00
8426,8428,23982.37,287.00,176.00
8427,8429,3604.92,117.00,47.00
8428,8430,1331.11,59.00,33.00
8429,8431,3061.37,106.00,52.00
8430,8432,1459.37,67.00,34.00
8431,8433,18560.02,203.00,132.00
8432,8434,27565.89,388.00,99.00
8433,8435,4811.52,105.00,84.00
8434,8436,5929.11,144.00,65.00
8435,8437,55051.48,563.00,157.00
8436,8438,35364.05,347.00,163.00
8437,8439,81907.68,636.00,402.00
8438,8440,2094.41,72.00,39.00
8439,8441,6000.62,160.00,60.00
8440,8442,8655.22,209.00,75.00
8441,8443,5773.13,159.00,54.00
8442,8444,5321.63,152.00,80.00
8443,8445,3623.41,147.00,53.00
8444,8446,6535.83,151.00,77.00
8445,8447,24594.65,293.00,156.00
8446,8448,12871.15,262.00,67.00
8447,8449,10227.97,261.00,73.00
8448,8450,3685.01,107.00,58.00
8449,8451,5772.01,122.00,70.00
8450,8452,1957.84,75.00,40.00
8451,8453,2859.29,103.00,45.00
8452,8454,8357.72,245.00,69.00
8453,8455,4767.05,142.00,56.00
8454,8456,2783.57,61.00,60.00
8455,8457,1796.05,53.00,44.00
8456,8458,3109.93,98.00,47.00
8457,8459,1575.62,88.00,36.00
8458,8460,10257.19,185.00,104.00
8459,8461,7900.41,221.00,65.00
8460,8462,5842.76,213.00,64.00
8461,8463,5260.50,203.00,54.00
8462,8464,2806.64,111.00,44.00
8463,8465,3576.21,106.00,56.00
8464,8466,5890.39,185.00,55.00
8465,8467,3364.55,133.00,45.00
8466,8468,5224.17,172.00,58.00
8467,8469,2129.77,88.00,38.00
8468,8470,1979.88,98.00,35.00
8469,8471,2893.66,109.00,42.00
8470,8472,2991.04,121.00,46.00
8471,8473,2390.74,104.00,34.00
8472,8474,4430.92,191.00,68.00
8473,8475,3997.12,113.00,56.00
8474,8476,10256.92,253.00,64.00
8475,8477,16703.38,288.00,98.00
8476,8478,1232.00,50.00,37.00
8477,8479,1485.79,72.00,32.00
8478,8480,4276.49,167.00,45.00
8479,8481,5674.21,185.00,56.00
8480,8482,3593.15,126.00,51.00
8481,8483,5155.67,177.00,49.00
8482,8484,2856.99,98.00,43.00
8483,8485,1365.31,77.00,30.00
8484,8486,6448.79,148.00,64.00
8485,8487,2485.80,90.00,46.00
8486,8488,2730.51,90.00,48.00
8487,8489,3026.15,137.00,36.00
8488,8490,1041.87,53.00,29.00
8489,8491,1372.92,85.00,30.00
8490,8492,2229.11,83.00,43.00
8491,8493,3100.16,82.00,51.00
8492,8494,6502.35,177.00,69.00
8493,8495,8205.48,103.00,102.00
8494,8496,4537.64,126.00,61.00
8495,8497,3992.60,95.00,74.00
8496,8498,4519.81,190.00,48.00
8497,8499,1582.03,54.00,44.00
8498,8500,4807.76,135.00,77.00
8499,8501,864.71,48.00,26.00
8500,8502,3112.90,104.00,67.00
8501,8503,4188.15,85.00,77.00
8502,8504,4619.18,117.00,66.00
8503,8505,1225.57,44.00,40.00
8504,8506,883.05,43.00,31.00
8505,8507,3356.12,91.00,47.00
8506,8508,2456.28,90.00,42.00
8507,8509,3575.59,113.00,47.00
8508,8510,2349.22,80.00,41.00
8509,8511,2913.18,92.00,43.00
8510,8512,3420.58,99.00,48.00
8511,8513,16479.65,289.00,84.00
8512,8514,1501.79,73.00,28.00
8513,8515,1555.54,76.00,33.00
8514,8516,2272.94,70.00,50.00
8515,8517,6373.17,161.00,72.00
8516,8518,4762.12,124.00,56.00
8517,8519,8405.39,115.00,112.00
8518,8520,919.78,49.00,25.00
8519,8521,4740.85,117.00,54.00
8520,8522,1638.72,52.00,48.00
8521,8523,6262.40,171.00,60.00
8522,8524,2153.39,86.00,36.00
8523,8525,4945.38,149.00,50.00
8524,8526,7102.70,208.00,97.00
8525,8527,6782.11,132.00,107.00
8526,8528,4251.26,103.00,69.00
8527,8529,3322.33,95.00,72.00
8528,8530,169927.92,818.00,337.00
8529,8531,5241.45,145.00,55.00
8530,8532,2250.37,64.00,46.00
8531,8533,6293.23,204.00,69.00
8532,8534,10819.26,201.00,80.00
8533,8535,17950.64,305.00,96.00
8534,8536,6209.50,133.00,65.00
8535,8537,7168.11,168.00,74.00
8536,8538,9485.81,134.00,99.00
8537,8539,6051.77,178.00,59.00
8538,8540,4761.79,142.00,54.00
8539,8541,3185.27,109.00,54.00
8540,8542,1449.89,69.00,34.00
8541,8543,829.02,43.00,27.00
8542,8544,933.84,42.00,34.00
8543,8545,6967.61,142.00,78.00
8544,8546,5670.71,111.00,71.00
8545,8547,4800.27,110.00,62.00
8546,8548,2043.47,71.00,38.00
8547,8549,1614.35,59.00,39.00
8548,8550,2933.87,114.00,52.00
8549,8551,4020.76,118.00,51.00
8550,8552,17647.91,254.00,119.00
8551,8553,30537.73,303.00,163.00
8552,8554,5380.49,106.00,71.00
8553,8555,6742.10,143.00,77.00
8554,8556,3183.73,94.00,47.00
8555,8557,4743.47,131.00,65.00
8556,8558,7679.12,187.00,59.00
8557,8559,16480.74,298.00,92.00
8558,8560,1286.81,73.00,28.00
8559,8561,7140.95,183.00,73.00
8560,8562,6332.92,111.00,85.00
8561,8563,2474.60,96.00,42.00
8562,8564,2751.56,110.00,38.00
8563,8565,56422.35,468.00,210.00
8564,8566,16787.54,306.00,97.00
8565,8567,13375.87,185.00,129.00
8566,8568,5292.80,185.00,54.00
8567,8569,8737.41,249.00,73.00
8568,8570,1388.65,47.00,45.00
8569,8571,1963.00,85.00,33.00
8570,8572,18239.39,266.00,124.00
8571,8573,1567.90,81.00,29.00
8572,8574,1640.95,80.00,32.00
8573,8575,18288.55,353.00,146.00
8574,8576,22334.89,257.00,181.00
8575,8577,1791.56,58.00,41.00
8576,8578,4304.59,105.00,59.00
8577,8579,3150.32,138.00,50.00
8578,8580,4437.96,145.00,55.00
8579,8581,64889.52,770.00,152.00
8580,8582,7010.59,169.00,68.00
8581,8583,1313.99,66.00,35.00
8582,8584,9824.92,168.00,87.00
8583,8585,35993.28,349.00,194.00
8584,8586,13996.31,168.00,121.00
8585,8587,13280.47,239.00,95.00
8586,8588,1920.80,95.00,32.00
8587,8589,1462.17,58.00,37.00
8588,8590,5295.54,185.00,63.00
8589,8591,6048.97,206.00,68.00
8590,8592,3620.49,111.00,60.00
8591,8593,4233.93,116.00,57.00
8592,8594,7465.76,115.00,87.00
8593,8595,1781.37,49.00,48.00
8594,8596,6138.15,132.00,64.00
8595,8597,1812.62,66.00,36.00
8596,8598,7774.14,238.00,62.00
8597,8599,2074.48,70.00,45.00
8598,8600,3813.98,100.00,55.00
8599,8601,2350.03,69.00,46.00
8600,8602,17623.60,192.00,162.00
8601,8603,3180.87,128.00,40.00
8602,8604,19830.38,196.00,137.00
8603,8605,2371.49,88.00,46.00
8604,8606,1713.17,56.00,42.00
8605,8607,2035.79,80.00,37.00
8606,8608,3190.52,96.00,44.00
8607,8609,4817.71,124.00,57.00
8608,8610,3172.95,106.00,48.00
8609,8611,1310.52,63.00,33.00
8610,8612,2172.50,98.00,29.00
8611,8613,1118.79,46.00,32.00
8612,8614,3650.69,209.00,36.00
8613,8615,2891.82,77.00,57.00
8614,8616,1814.89,78.00,32.00
8615,8617,2869.34,72.00,60.00
8616,8618,8437.13,151.00,73.00
8617,8619,7117.82,162.00,80.00
8618,8620,4753.32,128.00,50.00
8619,8621,4149.82,82.00,80.00
8620,8622,50864.48,303.00,212.00
8621,8623,2062.40,108.00,33.00
8622,8624,4642.97,88.00,77.00
8623,8625,2856.29,82.00,55.00
8624,8626,7320.58,207.00,63.00
8625,8627,2810.40,137.00,42.00
8626,8628,2362.92,76.00,48.00
8627,8629,4342.69,152.00,48.00
8628,8630,3293.56,74.00,60.00
8629,8631,7095.39,156.00,70.00
8630,8632,3795.79,80.00,63.00
8631,8633,5330.65,155.00,56.00
8632,8634,3761.88,126.00,70.00
8633,8635,11596.01,253.00,77.00
8634,8636,4299.03,146.00,54.00
8635,8637,8364.78,163.00,82.00
8636,8638,5072.83,92.00,79.00
8637,8639,11132.39,200.00,112.00
8638,8640,6261.49,156.00,60.00
8639,8641,4511.70,88.00,80.00
8640,8642,2720.84,74.00,48.00
8641,8643,5448.86,105.00,69.00
8642,8644,5055.29,141.00,57.00
8643,8645,80242.74,472.00,313.00
8644,8646,40097.98,350.00,155.00
8645,8647,24885.02,340.00,100.00
8646,8648,36225.25,334.00,190.00
8647,8649,48264.83,446.00,185.00
8648,8650,10073.36,260.00,71.00
8649,8651,10141.22,136.00,119.00
8650,8652,10678.25,149.00,106.00
8651,8653,84594.68,530.00,355.00
8652,8654,2267.44,91.00,33.00
8653,8655,1685.93,67.00,36.00
8654,8656,4942.53,192.00,51.00
8655,8657,2697.98,76.00,47.00
8656,8658,2023.70,74.00,40.00
8657,8659,9986.12,209.00,75.00
8658,8660,15410.17,332.00,81.00
8659,8661,13454.95,224.00,96.00
8660,8662,5306.71,123.00,74.00
8661,8663,2007.30,64.00,46.00
8662,8664,2511.53,72.00,56.00
8663,8665,4140.54,134.00,45.00
8664,8666,2393.86,59.00,53.00
8665,8667,3851.47,144.00,48.00
8666,8668,991.92,41.00,32.00
8667,8669,6216.12,181.00,57.00
8668,8670,1312.37,45.00,38.00
8669,8671,1761.15,68.00,35.00
8670,8672,1625.34,66.00,32.00
8671,8673,10755.43,248.00,100.00
8672,8674,6321.13,142.00,78.00
8673,8675,2652.70,59.00,56.00
8674,8676,1939.91,56.00,44.00
8675,8677,3085.65,76.00,61.00
8676,8678,7354.71,142.00,79.00
8677,8679,25263.94,488.00,108.00
8678,8680,5587.68,167.00,52.00
8679,8681,5661.90,128.00,64.00
8680,8682,3521.31,126.00,45.00
8681,8683,8318.35,246.00,50.00
8682,8684,3418.43,98.00,47.00
8683,8685,9288.87,246.00,79.00
8684,8686,7527.70,140.00,75.00
8685,8687,4466.28,133.00,61.00
8686,8688,8687.27,178.00,78.00
8687,8689,4809.91,151.00,56.00
8688,8690,4064.47,103.00,60.00
8689,8691,13349.55,200.00,104.00
8690,8692,8626.07,132.00,86.00
8691,8693,7316.40,236.00,52.00
8692,8694,12259.00,270.00,77.00
8693,8695,3957.93,136.00,46.00
8694,8696,9554.36,129.00,100.00
8695,8697,3371.70,91.00,60.00
8696,8698,8505.40,221.00,62.00
8697,8699,9800.06,214.00,91.00
8698,8700,6938.51,112.00,98.00
8699,8701,14764.05,245.00,115.00
8700,8702,5921.55,162.00,60.00
8701,8703,2272.16,57.00,56.00
8702,8704,2923.06,82.00,52.00
8703,8705,2353.14,91.00,45.00
8704,8706,2878.53,96.00,45.00
8705,8707,8387.58,186.00,75.00
8706,8708,1538.60,64.00,42.00
8707,8709,4260.31,122.00,64.00
8708,8710,1542.13,61.00,34.00
8709,8711,1523.98,58.00,34.00
8710,8712,2725.16,86.00,39.00
8711,8713,3910.52,126.00,57.00
8712,8714,5710.38,147.00,56.00
8713,8715,4384.48,151.00,49.00
8714,8716,4086.52,111.00,54.00
8715,8717,899.45,39.00,30.00
8716,8718,1187.53,45.00,36.00
8717,8719,2181.67,60.00,48.00
8718,8720,1137.22,50.00,31.00
8719,8721,4157.67,96.00,62.00
8720,8722,3496.30,106.00,50.00
8721,8723,3671.14,83.00,78.00
8722,8724,6454.69,153.00,58.00
8723,8725,9479.15,182.00,105.00
8724,8726,8987.01,164.00,85.00
8725,8727,1075.38,49.00,34.00
8726,8728,6788.65,132.00,83.00
8727,8729,5595.97,134.00,63.00
8728,8730,1606.74,80.00,26.00
8729,8731,1133.25,67.00,26.00
8730,8732,936.90,53.00,25.00
8731,8733,2106.97,81.00,40.00
8732,8734,3789.12,105.00,48.00
8733,8735,2269.99,76.00,38.00
8734,8736,2641.62,100.00,43.00
8735,8737,1852.62,65.00,40.00
8736,8738,902.30,48.00,27.00
8737,8739,3018.93,96.00,61.00
8738,8740,2853.90,96.00,50.00
8739,8741,5255.75,149.00,52.00
8740,8742,3578.11,120.00,53.00
8741,8743,3517.75,90.00,65.00
8742,8744,3538.56,97.00,54.00
8743,8745,2698.30,87.00,42.00
8744,8746,3375.58,111.00,44.00
8745,8747,4735.62,116.00,56.00
8746,8748,1632.32,82.00,32.00
8747,8749,2070.99,67.00,38.00
8748,8750,1269.31,50.00,33.00
8749,8751,1637.55,59.00,34.00
8750,8752,2355.36,84.00,47.00
8751,8753,1922.37,78.00,41.00
8752,8754,3723.47,123.00,55.00
8753,8755,2683.59,107.00,37.00
8754,8756,2083.86,78.00,38.00
8755,8757,1374.53,61.00,30.00
8756,8758,2821.92,87.00,49.00
8757,8759,2134.36,65.00,45.00
8758,8760,12556.09,198.00,119.00
8759,8761,5513.73,138.00,64.00
8760,8762,6454.00,124.00,92.00
8761,8763,1297.30,60.00,30.00
8762,8764,2389.74,76.00,45.00
8763,8765,4731.91,160.00,46.00
8764,8766,4667.53,103.00,59.00
8765,8767,2458.39,87.00,38.00
8766,8768,2590.91,82.00,48.00
8767,8769,3945.45,81.00,66.00
8768,8770,2590.05,71.00,48.00
8769,8771,2958.79,113.00,42.00
8770,8772,2547.81,104.00,33.00
8771,8773,9777.03,189.00,97.00
8772,8774,14408.02,276.00,94.00
8773,8775,3125.64,114.00,41.00
8774,8776,3615.18,107.00,45.00
8775,8777,1413.91,60.00,41.00
8776,8778,4328.91,82.00,75.00
8777,8779,3560.22,100.00,50.00
8778,8780,1898.90,82.00,35.00
8779,8781,1465.58,42.00,42.00
8780,8782,17850.83,256.00,121.00
8781,8783,14091.47,248.00,91.00
8782,8784,4320.08,84.00,83.00
8783,8785,2816.55,78.00,48.00
8784,8786,5693.17,93.00,92.00
8785,8787,3727.23,111.00,43.00
8786,8788,8189.20,140.00,74.00
8787,8789,1588.75,74.00,37.00
8788,8790,19985.07,239.00,126.00
8789,8791,8453.02,186.00,78.00
8790,8792,3612.40,82.00,55.00
8791,8793,1512.38,59.00,34.00
8792,8794,1866.36,77.00,36.00
8793,8795,6348.68,110.00,88.00
8794,8796,4013.71,82.00,71.00
8795,8797,5159.19,140.00,61.00
8796,8798,9307.46,141.00,100.00
8797,8799,3497.79,81.00,68.00
8798,8800,2081.82,79.00,39.00
8799,8801,4851.28,127.00,64.00
8800,8802,2911.60,105.00,42.00
8801,8803,4991.77,131.00,64.00
8802,8804,1941.29,75.00,35.00
8803,8805,29676.43,304.00,151.00
8804,8806,1306.80,66.00,27.00
8805,8807,8857.07,240.00,68.00
8806,8808,47087.99,417.00,173.00
8807,8809,12179.24,196.00,97.00
8808,8810,6497.52,214.00,69.00
8809,8811,8755.42,162.00,77.00
8810,8812,2018.07,119.00,31.00
8811,8813,2261.57,84.00,36.00
8812,8814,2322.12,89.00,34.00
8813,8815,10213.60,246.00,73.00
8814,8816,4123.78,110.00,49.00
8815,8817,10952.06,143.00,128.00
8816,8818,7950.29,143.00,70.00
8817,8819,19374.08,245.00,155.00
8818,8820,49669.07,570.00,133.00
8819,8821,13836.61,209.00,96.00
8820,8822,8884.17,200.00,86.00
8821,8823,18000.99,329.00,81.00
8822,8824,3144.41,131.00,39.00
8823,8825,28374.97,284.00,154.00
8824,8826,2618.83,86.00,40.00
8825,8827,2901.20,73.00,50.00
8826,8828,3702.31,101.00,46.00
8827,8829,1207.86,78.00,28.00
8828,8830,2479.45,112.00,37.00
8829,8831,1145.13,59.00,29.00
8830,8832,1739.78,79.00,36.00
8831,8833,4840.27,165.00,54.00
8832,8834,4252.57,130.00,47.00
8833,8835,4957.48,169.00,56.00
8834,8836,11211.30,254.00,96.00
8835,8837,4494.71,252.00,45.00
8836,8838,9630.87,216.00,71.00
8837,8839,16254.59,297.00,100.00
8838,8840,2108.09,55.00,55.00
8839,8841,7852.20,132.00,82.00
8840,8842,1982.83,62.00,43.00
8841,8843,1469.93,66.00,32.00
8842,8844,2993.80,116.00,39.00
8843,8845,4205.77,143.00,52.00
8844,8846,3971.30,116.00,50.00
8845,8847,5128.76,104.00,74.00
8846,8848,3966.65,157.00,42.00
8847,8849,2472.65,96.00,42.00
8848,8850,8314.45,185.00,59.00
8849,8851,6686.56,186.00,57.00
8850,8852,3851.77,106.00,47.00
8851,8853,1324.61,51.00,33.00
8852,8854,6475.83,207.00,56.00
8853,8855,3544.64,105.00,56.00
8854,8856,1052.54,68.00,23.00
8855,8857,2626.35,103.00,42.00
8856,8858,5511.71,108.00,82.00
8857,8859,1911.98,108.00,30.00
8858,8860,96195.43,478.00,329.00
8859,8861,6424.66,186.00,55.00
8860,8862,10158.17,145.00,115.00
8861,8863,6611.81,120.00,86.00
8862,8864,7037.91,122.00,101.00
8863,8865,24893.01,243.00,220.00
8864,8866,4226.38,125.00,52.00
8865,8867,15116.07,445.00,77.00
8866,8868,5738.66,132.00,67.00
8867,8869,4608.22,118.00,60.00
8868,8870,5967.28,156.00,70.00
8869,8871,6930.82,133.00,68.00
8870,8872,3029.72,95.00,47.00
8871,8873,2933.22,107.00,46.00
8872,8874,9483.11,201.00,90.00
8873,8875,7771.75,173.00,72.00
8874,8876,13093.36,137.00,133.00
8875,8877,3390.95,117.00,56.00
8876,8878,10191.70,183.00,98.00
8877,8879,20395.07,351.00,97.00
8878,8880,5759.13,100.00,81.00
8879,8881,12101.77,188.00,111.00
8880,8882,1912.21,74.00,33.00
8881,8883,3130.97,86.00,67.00
8882,8884,6803.81,139.00,85.00
8883,8885,4846.99,125.00,62.00
8884,8886,9722.82,219.00,83.00
8885,8887,10415.37,173.00,80.00
8886,8888,3330.86,111.00,52.00
8887,8889,10260.55,166.00,98.00
8888,8890,3705.74,95.00,51.00
8889,8891,3057.74,85.00,57.00
8890,8892,5354.31,146.00,58.00
8891,8893,1922.74,82.00,34.00
8892,8894,4262.33,124.00,66.00
8893,8895,43196.42,321.00,226.00
8894,8896,6656.51,117.00,116.00
8895,8897,9155.59,200.00,86.00
8896,8898,11860.60,128.00,123.00
8897,8899,7570.26,118.00,80.00
8898,8900,19304.25,244.00,120.00
8899,8901,16517.62,181.00,156.00
8900,8902,1397.31,84.00,24.00
8901,8903,3097.46,118.00,36.00
8902,8904,2627.93,92.00,45.00
8903,8905,1289.30,53.00,31.00
8904,8906,1773.50,57.00,39.00
8905,8907,1170.16,61.00,27.00
8906,8908,1998.25,75.00,39.00
8907,8909,1978.30,86.00,32.00
8908,8910,1144.91,65.00,25.00
8909,8911,4003.39,149.00,51.00
8910,8912,2754.44,117.00,36.00
8911,8913,4905.28,147.00,62.00
8912,8914,9908.60,313.00,59.00
8913,8915,4226.08,134.00,47.00
8914,8916,8029.59,208.00,65.00
8915,8917,21554.41,296.00,120.00
8916,8918,79768.44,573.00,226.00
8917,8919,6421.75,271.00,58.00
8918,8920,4117.96,182.00,45.00
8919,8921,2398.86,115.00,27.00
8920,8922,5038.78,102.00,66.00
8921,8923,3913.62,198.00,39.00
8922,8924,2551.97,85.00,47.00
8923,8925,1281.76,49.00,31.00
8924,8926,1191.30,47.00,32.00
8925,8927,610.10,37.00,23.00
8926,8928,6830.47,113.00,82.00
8927,8929,1272.86,67.00,29.00
8928,8930,1694.09,67.00,37.00
8929,8931,1990.41,64.00,40.00
8930,8932,7119.47,213.00,52.00
8931,8933,7938.94,253.00,61.00
8932,8934,2357.48,76.00,39.00
8933,8935,4314.21,158.00,53.00
8934,8936,1390.29,71.00,31.00
8935,8937,2299.24,147.00,27.00
8936,8938,3241.75,155.00,41.00
8937,8939,1859.13,91.00,37.00
8938,8940,936.79,45.00,33.00
8939,8941,752.61,40.00,27.00
8940,8942,1987.44,92.00,35.00
8941,8943,4395.02,129.00,45.00
8942,8944,4126.35,117.00,53.00
8943,8945,1077.44,65.00,33.00
8944,8946,4105.40,110.00,66.00
8945,8947,1364.79,47.00,37.00
8946,8948,2954.78,105.00,59.00
8947,8949,3085.02,128.00,46.00
8948,8950,685.44,45.00,21.00
8949,8951,2700.25,85.00,47.00
8950,8952,1959.40,80.00,41.00
8951,8953,2535.96,97.00,45.00
8952,8954,1879.46,82.00,32.00
8953,8955,1290.05,87.00,24.00
8954,8956,1922.42,72.00,38.00
8955,8957,20955.70,420.00,78.00
8956,8958,14238.50,214.00,102.00
8957,8959,2683.58,96.00,48.00
8958,8960,8570.79,177.00,70.00
8959,8961,2803.81,89.00,50.00
8960,8962,808.86,45.00,23.00
8961,8963,11635.65,194.00,95.00
8962,8964,998.54,54.00,25.00
8963,8965,8019.02,215.00,68.00
8964,8966,12058.60,229.00,96.00
8965,8967,43241.71,484.00,196.00
8966,8968,15402.76,224.00,113.00
8967,8969,2716.22,78.00,48.00
8968,8970,1810.44,52.00,48.00
8969,8971,1532.32,65.00,33.00
8970,8972,528.73,30.00,22.00
8971,8973,19833.88,240.00,134.00
8972,8974,57022.53,556.00,195.00
8973,8975,3777.02,116.00,52.00
8974,8976,4099.85,193.00,37.00
8975,8977,1265.68,69.00,25.00
8976,8978,1790.58,94.00,30.00
8977,8979,2505.06,108.00,32.00
8978,8980,992.35,44.00,35.00
8979,8981,1644.66,65.00,39.00
8980,8982,1032.96,61.00,27.00
8981,8983,1646.46,78.00,31.00
8982,8984,2302.06,128.00,38.00
8983,8985,1284.29,58.00,30.00
8984,8986,1812.76,67.00,34.00
8985,8987,696.32,39.00,24.00
8986,8988,5285.30,89.00,81.00
8987,8989,1760.67,57.00,37.00
8988,8990,1941.17,74.00,35.00
8989,8991,1587.37,62.00,40.00
8990,8992,3371.13,119.00,47.00
8991,8993,698.79,36.00,23.00
8992,8994,790.61,38.00,27.00
8993,8995,652.65,36.00,24.00
8994,8996,1562.11,66.00,35.00
8995,8997,5887.22,114.00,72.00
8996,8998,1010.35,62.00,24.00
8997,8999,980.10,59.00,27.00
8998,9000,5038.12,107.00,73.00
8999,9001,3295.19,86.00,51.00
9000,9002,1688.84,76.00,36.00
9001,9003,694.96,52.00,21.00
9002,9004,2940.95,144.00,32.00
9003,9005,11829.75,157.00,147.00
9004,9006,1520.31,64.00,30.00
9005,9007,5372.87,140.00,59.00
9006,9008,6899.66,140.00,78.00
9007,9009,2891.94,114.00,40.00
9008,9010,6032.25,121.00,73.00
9009,9011,1974.70,76.00,38.00
9010,9012,3749.48,131.00,38.00
9011,9013,539.73,34.00,20.00
9012,9014,3228.52,174.00,36.00
9013,9015,2081.48,79.00,35.00
9014,9016,1765.65,81.00,33.00
9015,9017,2407.60,127.00,34.00
9016,9018,4772.96,113.00,70.00
9017,9019,12795.94,292.00,96.00
9018,9020,5548.27,192.00,48.00
9019,9021,2050.77,75.00,36.00
9020,9022,572.90,33.00,21.00
9021,9023,605.32,38.00,22.00
9022,9024,2837.07,98.00,38.00
9023,9025,1288.66,50.00,37.00
9024,9026,19579.62,257.00,114.00
9025,9027,710.64,34.00,27.00
9026,9028,1057.21,52.00,25.00
9027,9029,861.21,45.00,24.00
9028,9030,1240.95,62.00,31.00
9029,9031,1577.17,75.00,28.00
9030,9032,2533.81,89.00,41.00
9031,9033,3148.14,83.00,50.00
9032,9034,9669.38,172.00,94.00
9033,9035,6848.96,189.00,54.00
9034,9036,2155.31,70.00,39.00
9035,9037,3776.35,112.00,45.00
9036,9038,674.98,37.00,24.00
9037,9039,1493.05,67.00,32.00
9038,9040,9447.12,174.00,75.00
9039,9041,3112.09,117.00,46.00
9040,9042,9296.75,136.00,97.00
9041,9043,3553.60,136.00,43.00
9042,9044,1090.24,64.00,25.00
9043,9045,1668.81,62.00,35.00
9044,9046,1114.64,64.00,28.00
9045,9047,2359.80,119.00,28.00
9046,9048,7007.13,108.00,90.00
9047,9049,7144.32,139.00,94.00
9048,9050,1914.20,92.00,30.00
9049,9051,3504.68,100.00,61.00
9050,9052,830.86,46.00,27.00
9051,9053,1259.54,51.00,36.00
9052,9054,4375.61,117.00,58.00
9053,9055,5155.14,133.00,81.00
9054,9056,1481.18,66.00,32.00
9055,9057,1821.47,84.00,36.00
9056,9058,3009.98,107.00,43.00
9057,9059,3740.77,101.00,48.00
9058,9060,1370.36,57.00,30.00
9059,9061,1099.68,41.00,34.00
9060,9062,1304.29,51.00,33.00
9061,9063,1165.60,70.00,26.00
9062,9064,5052.23,194.00,55.00
9063,9065,538.36,33.00,21.00
9064,9066,1190.87,67.00,23.00
9065,9067,4635.31,154.00,45.00
9066,9068,5576.04,132.00,64.00
9067,9069,11636.58,208.00,122.00
9068,9070,6791.46,166.00,69.00
9069,9071,46203.02,392.00,190.00
9070,9072,2473.68,86.00,41.00
9071,9073,8398.65,171.00,81.00
9072,9074,5971.43,122.00,77.00
9073,9075,4988.35,138.00,62.00
9074,9076,1943.76,92.00,33.00
9075,9077,6340.10,148.00,71.00
9076,9078,7051.05,146.00,72.00
9077,9079,10131.76,218.00,117.00
9078,9080,1505.65,57.00,37.00
9079,9081,1146.11,60.00,27.00
9080,9082,1185.01,46.00,30.00
9081,9083,7011.94,209.00,63.00
9082,9084,6782.19,212.00,49.00
9083,9085,2401.12,147.00,27.00
9084,9086,2366.37,143.00,25.00
9085,9087,5527.43,154.00,50.00
9086,9088,5644.70,250.00,43.00
9087,9089,5002.21,213.00,36.00
9088,9090,4518.19,260.00,28.00
9089,9091,4527.43,149.00,42.00
9090,9092,4656.61,113.00,60.00
9091,9093,3225.04,115.00,39.00
9092,9094,11719.00,180.00,101.00
9093,9095,3969.09,123.00,57.00
9094,9096,13055.03,168.00,108.00
9095,9097,17011.04,272.00,101.00
9096,9098,26378.20,298.00,159.00
9097,9099,3226.53,126.00,43.00
9098,9100,8377.50,306.00,46.00
9099,9101,2526.59,93.00,35.00
9100,9102,2103.00,83.00,38.00
9101,9103,1712.04,106.00,25.00
9102,9104,2347.53,66.00,46.00
9103,9105,1847.70,62.00,40.00
9104,9106,2768.58,87.00,44.00
9105,9107,5127.05,132.00,58.00
9106,9108,4519.11,204.00,41.00
9107,9109,6650.83,215.00,72.00
9108,9110,2051.50,61.00,52.00
9109,9111,3043.20,86.00,43.00
9110,9112,3569.05,101.00,57.00
9111,9113,9151.98,136.00,100.00
9112,9114,3536.03,84.00,59.00
9113,9115,3506.12,109.00,55.00
9114,9116,6880.72,117.00,86.00
9115,9117,5413.61,152.00,61.00
9116,9118,756.17,34.00,29.00
9117,9119,20865.44,272.00,143.00
9118,9120,4067.98,101.00,63.00
9119,9121,27526.53,300.00,145.00
9120,9122,7448.18,147.00,78.00
9121,9123,1029.98,49.00,28.00
9122,9124,8111.46,273.00,56.00
9123,9125,11963.21,250.00,83.00
9124,9126,1598.13,76.00,31.00
9125,9127,9398.29,168.00,90.00
9126,9128,7436.30,207.00,74.00
9127,9129,4391.70,141.00,46.00
9128,9130,11213.38,203.00,80.00
9129,9131,3459.58,131.00,52.00
9130,9132,11457.51,272.00,68.00
9131,9133,13218.47,295.00,76.00
9132,9134,1772.72,109.00,27.00
9133,9135,3217.42,75.00,63.00
9134,9136,3513.46,142.00,38.00
9135,9137,5886.91,302.00,56.00
9136,9138,6264.44,186.00,68.00
9137,9139,7353.21,103.00,99.00
9138,9140,2998.50,74.00,58.00
9139,9141,8061.97,179.00,77.00
9140,9142,7847.54,186.00,87.00
9141,9143,2064.86,72.00,36.00
9142,9144,10049.39,223.00,74.00
9143,9145,4773.49,175.00,53.00
9144,9146,2365.29,107.00,31.00
9145,9147,1274.37,71.00,26.00
9146,9148,1485.94,51.00,40.00
9147,9149,1306.48,48.00,38.00
9148,9150,1339.54,47.00,37.00
9149,9151,1505.48,79.00,31.00
9150,9152,1064.27,57.00,29.00
9151,9153,15124.65,186.00,109.00
9152,9154,1561.27,80.00,27.00
9153,9155,4237.06,111.00,67.00
9154,9156,915.38,42.00,28.00
9155,9157,1706.88,84.00,34.00
9156,9158,3499.29,99.00,56.00
9157,9159,1237.88,53.00,34.00
9158,9160,1076.77,38.00,36.00
9159,9161,599.51,44.00,18.00
9160,9162,956.37,49.00,28.00
9161,9163,2531.11,87.00,43.00
9162,9164,644.62,48.00,20.00
9163,9165,2488.24,135.00,42.00
9164,9166,998.62,52.00,31.00
9165,9167,2577.13,122.00,40.00
9166,9168,5259.80,165.00,52.00
9167,9169,10631.60,163.00,96.00
9168,9170,2486.28,95.00,39.00
9169,9171,1772.49,71.00,38.00
9170,9172,1829.16,60.00,39.00
9171,9173,40445.39,256.00,206.00
9172,9174,13632.97,190.00,113.00
9173,9175,4499.80,98.00,77.00
9174,9176,2624.95,84.00,50.00
9175,9177,26836.68,294.00,165.00
9176,9178,1242.33,70.00,34.00
9177,9179,1213.18,46.00,37.00
9178,9180,2037.16,62.00,45.00
9179,9181,1903.40,56.00,46.00
9180,9182,1760.11,64.00,33.00
9181,9183,1516.28,56.00,36.00
9182,9184,2907.91,84.00,45.00
9183,9185,18957.51,231.00,132.00
9184,9186,8440.93,161.00,87.00
9185,9187,126250.29,912.00,245.00
9186,9188,2827.92,83.00,44.00
9187,9189,807.09,43.00,24.00
9188,9190,10040.58,210.00,77.00
9189,9191,4619.71,127.00,57.00
9190,9192,3450.75,107.00,56.00
9191,9193,7015.89,142.00,76.00
9192,9194,1031.80,56.00,23.00
9193,9195,2942.60,74.00,52.00
9194,9196,995.18,45.00,27.00
9195,9197,2818.50,73.00,54.00
9196,9198,2227.20,70.00,47.00
9197,9199,3674.65,112.00,51.00
9198,9200,9029.88,163.00,92.00
9199,9201,2607.18,70.00,49.00
9200,9202,2008.76,81.00,38.00
9201,9203,2332.96,100.00,43.00
9202,9204,1480.11,72.00,30.00
9203,9205,2650.78,74.00,50.00
9204,9206,3577.64,94.00,64.00
9205,9207,2358.69,63.00,57.00
9206,9208,707.97,34.00,28.00
9207,9209,961.46,46.00,29.00
9208,9210,2479.82,89.00,39.00
9209,9211,1142.57,57.00,28.00
9210,9212,1721.80,63.00,36.00
9211,9213,2823.42,108.00,39.00
9212,9214,1330.18,67.00,30.00
9213,9215,2896.64,84.00,49.00
9214,9216,2436.89,70.00,47.00
9215,9217,4344.09,118.00,58.00
9216,9218,4760.71,119.00,58.00
9217,9219,1793.65,55.00,46.00
9218,9220,1965.22,86.00,50.00
9219,9221,7347.72,168.00,78.00
9220,9222,3863.45,138.00,56.00
9221,9223,988.76,45.00,30.00
9222,9224,1323.69,54.00,32.00
9223,9225,379.83,24.00,20.00
9224,9226,1860.33,68.00,46.00
9225,9227,1543.22,74.00,28.00
9226,9228,2124.37,69.00,40.00
9227,9229,1515.94,68.00,35.00
9228,9230,2172.57,85.00,37.00
9229,9231,2815.11,112.00,45.00
9230,9232,1230.41,57.00,27.00
9231,9233,2583.33,122.00,43.00
9232,9234,1803.01,74.00,36.00
9233,9235,1371.79,66.00,30.00
9234,9236,3044.32,147.00,39.00
9235,9237,969.19,47.00,27.00
9236,9238,2256.57,96.00,41.00
9237,9239,3749.67,112.00,48.00
9238,9240,4094.34,118.00,57.00
9239,9241,2426.90,83.00,49.00
9240,9242,2950.21,105.00,39.00
9241,9243,5825.32,190.00,53.00
9242,9244,3087.50,100.00,48.00
9243,9245,3944.96,134.00,49.00
9244,9246,4275.40,137.00,48.00
9245,9247,838.45,59.00,24.00
9246,9248,1846.66,65.00,38.00
9247,9249,1516.51,72.00,28.00
9248,9250,1284.66,45.00,38.00
9249,9251,4938.86,129.00,63.00
9250,9252,12190.65,210.00,95.00
9251,9253,2553.54,94.00,50.00
9252,9254,3233.71,108.00,45.00
9253,9255,1880.52,63.00,36.00
9254,9256,1745.82,55.00,39.00
9255,9257,3311.57,88.00,49.00
9256,9258,795.24,41.00,27.00
9257,9259,3575.94,118.00,53.00
9258,9260,3660.33,153.00,61.00
9259,9261,2749.86,71.00,55.00
9260,9262,1995.73,93.00,35.00
9261,9263,1785.57,74.00,32.00
9262,9264,2384.72,84.00,43.00
9263,9265,1623.77,57.00,37.00
9264,9266,988.15,39.00,31.00
9265,9267,1061.49,68.00,29.00
9266,9268,1393.54,59.00,31.00
9267,9269,2917.87,102.00,41.00
9268,9270,1017.35,49.00,25.00
9269,9271,655.64,37.00,23.00
9270,9272,538.72,33.00,26.00
9271,9273,613.61,32.00,25.00
9272,9274,3769.51,128.00,58.00
9273,9275,1255.04,62.00,28.00
9274,9276,1214.80,65.00,27.00
9275,9277,3127.37,114.00,36.00
9276,9278,3992.70,108.00,50.00
9277,9279,3316.45,65.00,64.00
9278,9280,1349.64,57.00,32.00
9279,9281,1194.80,57.00,28.00
9280,9282,1584.48,58.00,37.00
9281,9283,8129.93,155.00,93.00
9282,9284,5175.80,94.00,84.00
9283,9285,1094.37,43.00,33.00
9284,9286,1762.47,57.00,41.00
9285,9287,1149.16,42.00,40.00
9286,9288,4316.11,125.00,56.00
9287,9289,2008.37,67.00,41.00
9288,9290,2248.87,74.00,38.00
9289,9291,1429.48,49.00,38.00
9290,9292,1183.12,55.00,31.00
9291,9293,1288.69,62.00,33.00
9292,9294,1276.26,45.00,35.00
9293,9295,2996.32,99.00,44.00
9294,9296,3715.03,105.00,48.00
9295,9297,871.67,41.00,28.00
9296,9298,1419.87,49.00,37.00
9297,9299,1005.91,51.00,26.00
9298,9300,2842.59,111.00,42.00
9299,9301,1142.69,59.00,34.00
9300,9302,1247.16,59.00,27.00
9301,9303,1064.25,56.00,23.00
9302,9304,1371.98,48.00,37.00
9303,9305,1550.89,73.00,29.00
9304,9306,993.54,50.00,25.00
9305,9307,1026.61,49.00,27.00
9306,9308,957.00,48.00,26.00
9307,9309,1118.88,46.00,33.00
9308,9310,4614.45,127.00,47.00
9309,9311,2841.67,100.00,47.00
9310,9312,34088.86,310.00,146.00
9311,9313,2477.95,97.00,47.00
9312,9314,1691.63,59.00,39.00
9313,9315,1993.81,72.00,47.00
9314,9316,3065.25,96.00,42.00
9315,9317,4135.31,114.00,54.00
9316,9318,3039.49,134.00,39.00
9317,9319,2522.57,64.00,51.00
9318,9320,3835.98,112.00,45.00
9319,9321,4170.73,142.00,46.00
9320,9322,2692.04,107.00,34.00
9321,9323,2737.38,104.00,37.00
9322,9324,2131.56,74.00,44.00
9323,9325,2177.56,84.00,36.00
9324,9326,1800.84,74.00,33.00
9325,9327,1271.59,64.00,29.00
9326,9328,721.59,38.00,28.00
9327,9329,1840.29,67.00,40.00
9328,9330,917.62,45.00,33.00
9329,9331,1039.11,39.00,34.00
9330,9332,3878.18,107.00,57.00
9331,9333,1541.54,70.00,31.00
9332,9334,4161.04,114.00,59.00
9333,9335,771.34,41.00,25.00
9334,9336,2902.69,102.00,50.00
9335,9337,1993.37,66.00,43.00
9336,9338,2086.39,108.00,31.00
9337,9339,1341.99,57.00,31.00
9338,9340,7250.73,262.00,62.00
9339,9341,13910.87,170.00,140.00
9340,9342,1625.84,75.00,35.00
9341,9343,1164.60,40.00,37.00
9342,9344,1165.72,85.00,29.00
9343,9345,3638.17,100.00,60.00
9344,9346,13493.54,198.00,143.00
9345,9347,2976.39,118.00,38.00
9346,9348,5208.84,145.00,60.00
9347,9349,14051.66,272.00,89.00
9348,9350,5166.73,104.00,95.00
9349,9351,2314.03,131.00,30.00
9350,9352,19463.65,231.00,132.00
9351,9353,6712.75,104.00,88.00
9352,9354,8913.48,198.00,60.00
9353,9355,2224.51,99.00,29.00
9354,9356,3201.75,119.00,41.00
9355,9357,4814.10,158.00,59.00
9356,9358,7183.54,215.00,51.00
9357,9359,3927.53,116.00,69.00
9358,9360,2307.24,77.00,51.00
9359,9361,8027.72,217.00,54.00
9360,9362,1441.37,56.00,34.00
9361,9363,1983.16,69.00,43.00
9362,9364,7506.71,151.00,90.00
9363,9365,9910.07,230.00,88.00
9364,9366,2827.01,79.00,53.00
9365,9367,5946.66,193.00,72.00
9366,9368,4379.14,149.00,68.00
9367,9369,1572.86,71.00,31.00
9368,9370,4255.53,83.00,83.00
9369,9371,2604.84,126.00,36.00
9370,9372,9240.20,202.00,91.00
9371,9373,9401.73,157.00,130.00
9372,9374,1174.48,74.00,24.00
9373,9375,1093.04,53.00,28.00
9374,9376,4215.42,143.00,56.00
9375,9377,6056.89,140.00,74.00
9376,9378,2762.94,96.00,43.00
9377,9379,14342.57,202.00,117.00
9378,9380,1528.27,70.00,37.00
9379,9381,2275.60,121.00,28.00
9380,9382,7938.99,211.00,78.00
9381,9383,23799.98,356.00,155.00
9382,9384,2124.56,67.00,41.00
9383,9385,2284.45,78.00,45.00
9384,9386,3273.91,141.00,36.00
9385,9387,2198.67,65.00,42.00
9386,9388,3767.10,133.00,57.00
9387,9389,2069.62,60.00,43.00
9388,9390,1045.34,53.00,28.00
9389,9391,2125.19,75.00,44.00
9390,9392,1232.26,68.00,27.00
9391,9393,1757.12,74.00,40.00
9392,9394,1105.26,51.00,31.00
9393,9395,3042.13,98.00,42.00
9394,9396,1033.57,58.00,31.00
9395,9397,2006.15,61.00,47.00
9396,9398,707.16,47.00,25.00
9397,9399,2237.76,71.00,42.00
9398,9400,1073.26,57.00,27.00
9399,9401,530.15,36.00,20.00
9400,9402,2151.96,92.00,38.00
9401,9403,1388.13,72.00,26.00
9402,9404,1671.10,67.00,44.00
9403,9405,1136.68,68.00,24.00
9404,9406,881.23,46.00,27.00
9405,9407,1468.25,56.00,35.00
9406,9408,2091.54,75.00,38.00
9407,9409,1411.99,93.00,29.00
9408,9410,1410.21,83.00,27.00
9409,9411,1469.87,74.00,31.00
9410,9412,1070.46,55.00,25.00
9411,9413,1922.56,63.00,41.00
9412,9414,2168.94,93.00,35.00
9413,9415,788.65,39.00,29.00
9414,9416,1679.02,99.00,23.00
9415,9417,1482.80,61.00,35.00
9416,9418,18700.26,260.00,107.00
9417,9419,3335.85,93.00,53.00
9418,9420,1600.62,63.00,38.00
9419,9421,2648.72,115.00,32.00
9420,9422,2109.54,89.00,37.00
9421,9423,1195.97,69.00,28.00
9422,9424,1241.66,64.00,27.00
9423,9425,3693.01,158.00,48.00
9424,9426,1568.07,81.00,26.00
9425,9427,5431.85,171.00,53.00
9426,9428,3206.96,170.00,33.00
9427,9429,2060.85,92.00,31.00
9428,9430,1735.49,85.00,28.00
9429,9431,2318.32,72.00,45.00
9430,9432,712.63,49.00,20.00
9431,9433,870.06,57.00,22.00
9432,9434,3586.95,190.00,36.00
9433,9435,17775.03,258.00,110.00
9434,9436,2651.17,94.00,40.00
9435,9437,3722.19,167.00,57.00
9436,9438,1811.00,80.00,35.00
9437,9439,2834.58,103.00,47.00
9438,9440,1900.41,96.00,31.00
9439,9441,1532.18,99.00,33.00
9440,9442,3754.49,178.00,33.00
9441,9443,2984.06,121.00,41.00
9442,9444,2461.30,82.00,48.00
9443,9445,1059.51,60.00,25.00
9444,9446,871.23,43.00,27.00
9445,9447,563.43,34.00,21.00
9446,9448,752.59,32.00,30.00
9447,9449,2027.88,61.00,42.00
9448,9450,1020.70,44.00,30.00
9449,9451,1019.36,37.00,33.00
9450,9452,953.04,44.00,30.00
9451,9453,687.74,34.00,24.00
9452,9454,870.76,42.00,27.00
9453,9455,1132.95,51.00,30.00
9454,9456,1699.72,73.00,34.00
9455,9457,1491.44,82.00,36.00
9456,9458,1695.04,70.00,35.00
9457,9459,2452.50,86.00,38.00
9458,9460,1492.83,65.00,31.00
9459,9461,1724.57,64.00,37.00
9460,9462,1076.37,52.00,30.00
9461,9463,1036.92,52.00,30.00
9462,9464,1869.69,84.00,33.00
9463,9465,1219.15,60.00,33.00
9464,9466,1437.32,54.00,39.00
9465,9467,2664.57,80.00,50.00
9466,9468,1037.33,47.00,32.00
9467,9469,1045.37,44.00,32.00
9468,9470,855.50,38.00,28.00
9469,9471,1120.59,57.00,25.00
9470,9472,3737.02,153.00,37.00
9471,9473,1120.77,53.00,25.00
9472,9474,679.97,40.00,21.00
9473,9475,3358.72,120.00,40.00
9474,9476,1751.83,100.00,29.00
9475,9477,2820.63,119.00,49.00
9476,9478,1527.97,71.00,39.00
9477,9479,918.59,48.00,27.00
9478,9480,3304.18,128.00,56.00
9479,9481,3249.43,143.00,34.00
9480,9482,2316.98,114.00,35.00
9481,9483,1997.33,115.00,32.00
9482,9484,2974.58,97.00,47.00
9483,9485,1077.24,52.00,27.00
9484,9486,915.18,45.00,28.00
9485,9487,3137.77,139.00,37.00
9486,9488,916.71,44.00,29.00
9487,9489,2303.88,70.00,48.00
9488,9490,1362.04,64.00,28.00
9489,9491,1458.07,77.00,26.00
9490,9492,1392.99,72.00,27.00
9491,9493,1317.52,69.00,27.00
9492,9494,2696.47,102.00,41.00
9493,9495,1355.33,78.00,27.00
9494,9496,1595.62,55.00,39.00
9495,9497,1084.00,58.00,30.00
9496,9498,655.35,42.00,21.00
9497,9499,4030.34,87.00,68.00
9498,9500,1138.97,52.00,29.00
9499,9501,1530.95,86.00,32.00
9500,9502,2133.50,69.00,38.00
9501,9503,2326.62,91.00,41.00
9502,9504,1428.49,53.00,36.00
9503,9505,1446.66,65.00,32.00
9504,9506,1381.03,48.00,36.00
9505,9507,1791.31,58.00,39.00
9506,9508,936.80,46.00,27.00
9507,9509,993.25,39.00,32.00
9508,9510,3380.36,91.00,48.00
9509,9511,2773.23,132.00,36.00
9510,9512,2369.44,93.00,34.00
9511,9513,3572.96,180.00,34.00
9512,9514,4368.32,138.00,48.00
9513,9515,1013.36,50.00,27.00
9514,9516,2200.46,84.00,39.00
9515,9517,4276.21,93.00,71.00
9516,9518,2324.44,80.00,38.00
9517,9519,4091.00,76.00,70.00
9518,9520,2585.78,70.00,46.00
9519,9521,1327.56,61.00,29.00
9520,9522,1276.79,60.00,30.00
9521,9523,2376.56,66.00,43.00
9522,9524,6503.51,109.00,82.00
9523,9525,880.13,40.00,28.00
9524,9526,7537.07,199.00,55.00
9525,9527,1679.02,63.00,44.00
9526,9528,3285.19,107.00,56.00
9527,9529,11172.15,159.00,94.00
9528,9530,6194.17,205.00,49.00
9529,9531,1022.65,47.00,30.00
9530,9532,2026.50,73.00,36.00
9531,9533,1378.49,61.00,30.00
9532,9534,2161.94,81.00,38.00
9533,9535,1193.76,49.00,30.00
9534,9536,8225.79,147.00,98.00
9535,9537,1587.67,66.00,33.00
9536,9538,1838.43,68.00,40.00
9537,9539,4849.24,136.00,80.00
9538,9540,1422.21,62.00,28.00
9539,9541,312.91,27.00,15.00
9540,9542,361.52,28.00,16.00
9541,9543,1104.55,58.00,25.00
9542,9544,19320.27,225.00,137.00
9543,9545,3379.07,131.00,54.00
9544,9546,2009.72,83.00,40.00
9545,9547,2110.85,73.00,35.00
9546,9548,4230.86,84.00,76.00
9547,9549,3884.59,104.00,49.00
9548,9550,7796.66,157.00,79.00
9549,9551,2524.16,85.00,40.00
9550,9552,2104.23,77.00,41.00
9551,9553,7365.55,167.00,60.00
9552,9554,1950.34,81.00,38.00
9553,9555,1174.91,50.00,30.00
9554,9556,2605.17,90.00,46.00
9555,9557,1712.68,70.00,36.00
9556,9558,1188.25,57.00,30.00
9557,9559,1462.89,56.00,36.00
9558,9560,884.87,40.00,29.00
9559,9561,2555.90,61.00,58.00
9560,9562,1316.25,55.00,31.00
9561,9563,3301.55,122.00,43.00
9562,9564,2165.55,86.00,34.00
9563,9565,1477.77,90.00,22.00
9564,9566,1340.26,53.00,42.00
9565,9567,1625.21,69.00,36.00
9566,9568,3075.58,76.00,53.00
9567,9569,6081.86,140.00,57.00
9568,9570,5581.09,163.00,44.00
9569,9571,6006.92,152.00,57.00
9570,9572,1432.21,70.00,32.00
9571,9573,6098.63,139.00,71.00
9572,9574,2621.04,103.00,45.00
9573,9575,5069.56,109.00,69.00
9574,9576,1056.92,51.00,29.00
9575,9577,1571.71,50.00,41.00
9576,9578,743.86,38.00,25.00
9577,9579,566.31,33.00,22.00
9578,9580,926.23,45.00,26.00
9579,9581,779.60,49.00,26.00
9580,9582,5540.54,110.00,71.00
9581,9583,1866.92,56.00,44.00
9582,9584,1988.86,52.00,49.00
9583,9585,671.72,33.00,25.00
9584,9586,885.35,40.00,26.00
9585,9587,585.41,33.00,23.00
9586,9588,708.24,37.00,25.00
9587,9589,1804.64,71.00,40.00
9588,9590,937.15,60.00,27.00
9589,9591,1882.55,84.00,44.00
9590,9592,815.66,40.00,27.00
9591,9593,2604.93,95.00,47.00
9592,9594,5124.73,148.00,67.00
9593,9595,1573.19,57.00,36.00
9594,9596,1794.93,91.00,30.00
9595,9597,1826.14,82.00,32.00
9596,9598,994.12,42.00,34.00
9597,9599,1251.88,54.00,37.00
9598,9600,1095.88,55.00,32.00
9599,9601,1349.80,63.00,33.00
9600,9602,897.29,33.00,32.00
9601,9603,1236.96,55.00,31.00
9602,9604,6235.27,244.00,49.00
9603,9605,11056.92,284.00,81.00
9604,9606,11094.88,304.00,73.00
9605,9607,6070.44,243.00,56.00
9606,9608,5824.02,254.00,39.00
9607,9609,1629.10,74.00,30.00
9608,9610,579.07,40.00,21.00
9609,9611,748.18,44.00,22.00
9610,9612,1143.07,61.00,31.00
9611,9613,3416.67,109.00,56.00
9612,9614,6011.64,276.00,39.00
9613,9615,4223.14,118.00,47.00
9614,9616,2523.88,133.00,35.00
9615,9617,1670.46,75.00,33.00
9616,9618,1313.18,73.00,33.00
9617,9619,2907.68,93.00,44.00
9618,9620,2035.49,92.00,30.00
9619,9621,1867.27,81.00,33.00
9620,9622,3522.27,123.00,44.00
9621,9623,1568.35,68.00,33.00
9622,9624,1748.87,61.00,40.00
9623,9625,4548.49,148.00,53.00
9624,9626,2990.72,96.00,48.00
9625,9627,947.00,45.00,26.00
9626,9628,1307.29,47.00,35.00
9627,9629,2183.04,92.00,37.00
9628,9630,2660.07,87.00,41.00
9629,9631,481.38,29.00,21.00
9630,9632,1750.91,98.00,26.00
9631,9633,1236.05,49.00,33.00
9632,9634,1124.25,54.00,26.00
9633,9635,1123.71,71.00,20.00
9634,9636,1519.91,68.00,31.00
9635,9637,1303.53,53.00,33.00
9636,9638,1918.35,54.00,49.00
9637,9639,4404.30,122.00,58.00
9638,9640,1759.92,59.00,37.00
9639,9641,1130.81,68.00,29.00
9640,9642,7140.51,108.00,90.00
9641,9643,3392.64,67.00,61.00
9642,9644,1014.40,53.00,31.00
9643,9645,2569.12,117.00,35.00
9644,9646,751.54,57.00,20.00
9645,9647,3380.98,100.00,49.00
9646,9648,3782.41,78.00,72.00
9647,9649,1854.69,89.00,36.00
9648,9650,1790.19,74.00,41.00
9649,9651,2014.47,93.00,30.00
9650,9652,2911.68,82.00,46.00
9651,9653,1759.14,63.00,37.00
9652,9654,1478.10,62.00,38.00
9653,9655,2696.41,107.00,42.00
9654,9656,1491.36,81.00,28.00
9655,9657,3313.00,137.00,43.00
9656,9658,2197.07,79.00,41.00
9657,9659,1057.27,67.00,25.00
9658,9660,2653.71,91.00,46.00
9659,9661,2026.77,72.00,43.00
9660,9662,997.49,36.00,35.00
9661,9663,1421.50,53.00,36.00
9662,9664,1246.87,56.00,30.00
9663,9665,601.25,36.00,22.00
9664,9666,1177.60,56.00,27.00
9665,9667,988.22,38.00,33.00
9666,9668,2951.55,92.00,49.00
9667,9669,3153.25,97.00,47.00
9668,9670,1040.00,54.00,29.00
9669,9671,1612.79,67.00,37.00
9670,9672,10798.31,257.00,61.00
9671,9673,1331.09,59.00,28.00
9672,9674,1129.71,50.00,30.00
9673,9675,1083.59,42.00,33.00
9674,9676,841.48,35.00,30.00
9675,9677,1600.73,50.00,45.00
9676,9678,4335.75,85.00,65.00
9677,9679,1038.45,57.00,25.00
9678,9680,3138.44,88.00,52.00
9679,9681,1351.60,54.00,33.00
9680,9682,865.76,47.00,29.00
9681,9683,1239.76,46.00,35.00
9682,9684,1098.81,50.00,30.00
9683,9685,922.45,53.00,25.00
9684,9686,925.38,46.00,26.00
9685,9687,1639.47,49.00,44.00
9686,9688,584.92,36.00,22.00
9687,9689,1496.71,65.00,33.00
9688,9690,758.55,33.00,31.00
9689,9691,1166.36,42.00,33.00
9690,9692,1349.85,51.00,41.00
9691,9693,883.43,39.00,27.00
9692,9694,2207.33,77.00,48.00
9693,9695,2146.13,66.00,43.00
9694,9696,1374.72,64.00,32.00
9695,9697,3401.03,71.00,67.00
9696,9698,1386.35,54.00,34.00
9697,9699,2059.81,75.00,40.00
9698,9700,1357.05,57.00,35.00
9699,9701,1675.35,60.00,38.00
9700,9702,1258.62,48.00,33.00
9701,9703,1404.69,53.00,34.00
9702,9704,898.88,52.00,28.00
9703,9705,1825.47,68.00,34.00
9704,9706,855.59,44.00,27.00
9705,9707,844.26,41.00,31.00
9706,9708,1086.17,60.00,32.00
9707,9709,1725.30,99.00,31.00
9708,9710,1296.08,69.00,29.00
9709,9711,2649.32,94.00,51.00
9710,9712,5770.42,134.00,62.00
9711,9713,1010.07,42.00,29.00
9712,9714,1033.91,58.00,25.00
9713,9715,910.05,46.00,25.00
9714,9716,1392.92,49.00,36.00
9715,9717,1583.06,68.00,31.00
9716,9718,1177.75,60.00,31.00
9717,9719,2756.31,110.00,46.00
9718,9720,4021.17,152.00,44.00
9719,9721,2739.67,90.00,44.00
9720,9722,705.75,33.00,27.00
9721,9723,1799.80,73.00,39.00
9722,9724,5905.78,173.00,80.00
9723,9725,1982.90,61.00,52.00
9724,9726,4396.05,106.00,55.00
9725,9727,1835.25,103.00,30.00
9726,9728,2948.63,121.00,33.00
9727,9729,1480.47,61.00,42.00
9728,9730,2858.94,73.00,54.00
9729,9731,909.15,47.00,27.00
9730,9732,2165.08,90.00,41.00
9731,9733,1359.14,53.00,33.00
9732,9734,920.80,57.00,23.00
9733,9735,872.74,37.00,30.00
9734,9736,1625.58,88.00,34.00
9735,9737,3365.99,101.00,44.00
9736,9738,1419.49,46.00,44.00
9737,9739,1058.16,61.00,26.00
9738,9740,2534.94,87.00,40.00
9739,9741,1098.85,64.00,27.00
9740,9742,2261.12,62.00,46.00
9741,9743,798.70,39.00,27.00
9742,9744,2620.08,124.00,35.00
9743,9745,1338.16,58.00,33.00
9744,9746,1147.15,40.00,39.00
9745,9747,995.91,41.00,34.00
9746,9748,3935.77,88.00,58.00
9747,9749,698.78,41.00,22.00
9748,9750,2611.74,71.00,50.00
9749,9751,941.79,44.00,27.00
9750,9752,493.52,26.00,24.00
9751,9753,2613.05,89.00,47.00
9752,9754,1728.74,58.00,39.00
9753,9755,1479.99,70.00,29.00
9754,9756,860.26,37.00,30.00
9755,9757,1799.01,79.00,31.00
9756,9758,8959.23,140.00,109.00
9757,9759,6808.72,145.00,66.00
9758,9760,3253.48,100.00,56.00
9759,9761,1230.06,69.00,28.00
9760,9762,2115.47,74.00,40.00
9761,9763,4773.25,113.00,58.00
9762,9764,12352.93,204.00,107.00
9763,9765,48555.72,363.00,216.00
9764,9766,1103.13,52.00,28.00
9765,9767,891.32,34.00,33.00
9766,9768,1019.32,37.00,32.00
9767,9769,1864.51,57.00,45.00
9768,9770,896.18,42.00,27.00
9769,9771,1122.84,51.00,26.00
9770,9772,882.48,49.00,25.00
9771,9773,4019.35,99.00,55.00
9772,9774,4411.35,94.00,92.00
9773,9775,4524.38,128.00,52.00
9774,9776,1985.82,81.00,43.00
9775,9777,3553.75,81.00,58.00
9776,9778,3180.16,67.00,62.00
9777,9779,1710.65,56.00,38.00
9778,9780,2609.95,93.00,42.00
9779,9781,2160.99,75.00,44.00
9780,9782,3304.21,112.00,55.00
9781,9783,823.91,48.00,25.00
9782,9784,5855.92,144.00,68.00
9783,9785,1525.42,63.00,33.00
9784,9786,2472.30,70.00,57.00
9785,9787,1713.61,59.00,39.00
9786,9788,3448.27,91.00,53.00
9787,9789,1219.20,53.00,31.00
9788,9790,1279.95,69.00,30.00
9789,9791,2374.66,85.00,38.00
9790,9792,3202.64,106.00,39.00
9791,9793,2121.32,59.00,50.00
9792,9794,3365.26,121.00,46.00
9793,9795,2916.06,97.00,42.00
9794,9796,3723.87,93.00,56.00
9795,9797,2484.79,68.00,48.00
9796,9798,812.44,40.00,34.00
9797,9799,1127.63,49.00,32.00
9798,9800,754.93,44.00,25.00
9799,9801,2286.30,126.00,35.00
9800,9802,1486.22,72.00,31.00
9801,9803,1743.61,91.00,33.00
9802,9804,4935.33,94.00,88.00
9803,9805,3221.07,88.00,54.00
9804,9806,1073.67,40.00,36.00
9805,9807,1363.02,54.00,33.00
9806,9808,1952.89,72.00,38.00
9807,9809,1812.12,68.00,39.00
9808,9810,2562.74,73.00,45.00
9809,9811,2149.99,64.00,47.00
9810,9812,1135.90,67.00,26.00
9811,9813,4640.15,83.00,79.00
9812,9814,4408.80,162.00,53.00
9813,9815,1822.52,88.00,33.00
9814,9816,1463.35,48.00,40.00
9815,9817,1610.93,67.00,28.00
9816,9818,995.84,40.00,34.00
9817,9819,845.37,51.00,22.00
9818,9820,1535.33,89.00,35.00
9819,9821,3412.19,89.00,50.00
9820,9822,2798.56,111.00,46.00
9821,9823,1364.98,51.00,37.00
9822,9824,1789.39,90.00,32.00
9823,9825,1452.64,61.00,31.00
9824,9826,1836.45,78.00,34.00
9825,9827,1163.46,50.00,31.00
9826,9828,2070.97,64.00,47.00
9827,9829,1604.75,54.00,36.00
9828,9830,1743.87,75.00,30.00
9829,9831,2098.30,89.00,39.00
9830,9832,1485.79,55.00,37.00
9831,9833,2600.94,70.00,60.00
9832,9834,1617.99,52.00,40.00
9833,9835,4650.73,103.00,58.00
9834,9836,1111.24,38.00,36.00
9835,9837,1983.71,60.00,43.00
9836,9838,828.81,37.00,29.00
9837,9839,4879.69,99.00,78.00
9838,9840,1626.92,46.00,41.00
9839,9841,2049.53,64.00,40.00
9840,9842,3606.68,114.00,42.00
9841,9843,854.93,39.00,29.00
9842,9844,700.76,31.00,28.00
9843,9845,636.94,37.00,24.00
9844,9846,478.96,28.00,22.00
9845,9847,726.26,40.00,24.00
9846,9848,1247.14,56.00,33.00
9847,9849,2729.94,114.00,31.00
9848,9850,5381.77,146.00,57.00
9849,9851,827.47,57.00,26.00
9850,9852,6165.04,139.00,67.00
9851,9853,2655.21,71.00,60.00
9852,9854,1865.95,87.00,37.00
9853,9855,3083.82,68.00,67.00
9854,9856,3563.64,75.00,67.00
9855,9857,2788.22,71.00,57.00
9856,9858,4611.61,110.00,65.00
9857,9859,2593.80,71.00,50.00
9858,9860,1201.66,76.00,27.00
9859,9861,2178.51,76.00,46.00
9860,9862,940.19,43.00,27.00
9861,9863,573.15,32.00,24.00
9862,9864,1463.33,51.00,37.00
9863,9865,1212.53,56.00,29.00
9864,9866,2383.89,99.00,41.00
9865,9867,1614.04,58.00,36.00
9866,9868,936.92,57.00,23.00
9867,9869,2704.80,109.00,38.00
9868,9870,2555.01,100.00,38.00
9869,9871,3747.14,158.00,42.00
9870,9872,3909.89,183.00,42.00
9871,9873,1014.02,75.00,24.00
9872,9874,1538.27,77.00,33.00
9873,9875,1880.98,83.00,50.00
9874,9876,3214.72,121.00,54.00
9875,9877,1966.69,88.00,46.00
9876,9878,2096.94,121.00,30.00
9877,9879,2641.69,115.00,39.00
9878,9880,1905.91,63.00,41.00
9879,9881,2925.23,71.00,57.00
9880,9882,18619.47,219.00,110.00
9881,9883,2207.67,87.00,35.00
9882,9884,4080.08,99.00,53.00
9883,9885,1371.16,62.00,31.00
9884,9886,2397.49,84.00,46.00
9885,9887,1493.43,56.00,37.00
9886,9888,1189.91,74.00,24.00
9887,9889,1886.27,54.00,46.00
9888,9890,4664.01,81.00,77.00
9889,9891,1828.74,61.00,41.00
9890,9892,2663.68,96.00,34.00
9891,9893,886.56,44.00,26.00
9892,9894,611.45,31.00,24.00
9893,9895,1783.86,51.00,43.00
9894,9896,1187.57,69.00,29.00
9895,9897,1501.86,81.00,37.00
9896,9898,4636.20,182.00,42.00
9897,9899,1920.94,63.00,41.00
9898,9900,5044.04,134.00,49.00
9899,9901,3082.18,123.00,38.00
9900,9902,3336.28,121.00,44.00
9901,9903,1819.78,109.00,30.00
9902,9904,1839.39,85.00,38.00
9903,9905,1266.11,65.00,26.00
9904,9906,1269.47,75.00,24.00
9905,9907,3260.80,73.00,66.00
9906,9908,2244.95,111.00,36.00
9907,9909,1964.25,100.00,32.00
9908,9910,2661.10,136.00,36.00
9909,9911,2937.80,152.00,36.00
9910,9912,3780.54,170.00,44.00
9911,9913,2572.70,77.00,48.00
9912,9914,1503.72,72.00,33.00
9913,9915,4510.80,105.00,58.00
9914,9916,3747.31,114.00,51.00
9915,9917,1810.75,71.00,41.00
9916,9918,1955.78,68.00,43.00
9917,9919,6579.67,119.00,106.00
9918,9920,1415.27,58.00,31.00
9919,9921,3281.54,122.00,61.00
9920,9922,2033.19,107.00,33.00
9921,9923,7274.79,202.00,68.00
9922,9924,7389.15,313.00,51.00
9923,9925,10330.49,272.00,58.00
9924,9926,1804.74,84.00,30.00
9925,9927,1642.04,81.00,33.00
9926,9928,24853.22,277.00,155.00
9927,9929,1453.23,59.00,39.00
9928,9930,1329.03,73.00,32.00
9929,9931,828.41,41.00,28.00
9930,9932,3002.56,123.00,44.00
9931,9933,10432.64,173.00,82.00
9932,9934,7502.09,246.00,54.00
9933,9935,1557.55,58.00,45.00
9934,9936,1440.10,78.00,32.00
9935,9937,1491.45,80.00,27.00
9936,9938,1687.32,66.00,36.00
9937,9939,720.96,53.00,21.00
9938,9940,1689.77,96.00,27.00
9939,9941,25018.54,275.00,163.00
9940,9942,2959.69,80.00,47.00
9941,9943,3357.34,93.00,73.00
9942,9944,3190.31,104.00,47.00
9943,9945,3298.15,104.00,60.00
9944,9946,5347.19,129.00,66.00
9945,9947,9372.70,236.00,79.00
9946,9948,2324.47,109.00,51.00
9947,9949,2764.63,109.00,43.00
9948,9950,3218.26,119.00,43.00
9949,9951,1226.91,74.00,27.00
9950,9952,5930.38,119.00,80.00
9951,9953,1350.94,72.00,27.00
9952,9954,25953.06,241.00,169.00
9953,9955,1217.15,59.00,27.00
9954,9956,4332.49,122.00,55.00
9955,9957,4375.21,99.00,59.00
9956,9958,1464.09,74.00,29.00
9957,9959,788.23,40.00,26.00
9958,9960,3151.88,95.00,49.00
9959,9961,785.12,36.00,29.00
9960,9962,2315.31,57.00,53.00
9961,9963,1202.61,57.00,32.00
9962,9964,15770.47,158.00,140.00
9963,9965,1868.25,63.00,41.00
9964,9966,5448.38,130.00,71.00
9965,9967,18285.67,268.00,110.00
9966,9968,1872.84,89.00,36.00
9967,9969,2715.54,98.00,48.00
9968,9970,733.50,49.00,27.00
9969,9971,768.72,41.00,32.00
9970,9972,724.87,33.00,27.00
9971,9973,440.65,34.00,21.00
9972,9974,690.78,38.00,23.00
9973,9975,1604.02,65.00,40.00
9974,9976,696.18,35.00,25.00
9975,9977,1359.27,45.00,40.00
9976,9978,1186.98,79.00,27.00
9977,9979,3260.77,132.00,46.00
9978,9980,1497.28,62.00,34.00
9979,9981,1431.96,58.00,34.00
9980,9982,1998.81,67.00,37.00
9981,9983,4538.72,88.00,77.00
9982,9984,10699.33,297.00,59.00
9983,9985,1243.77,49.00,36.00
9984,9986,1014.27,52.00,28.00
9985,9987,935.33,43.00,28.00
9986,9988,1995.01,79.00,37.00
9987,9989,2003.71,71.00,41.00
9988,9990,596.84,44.00,20.00
9989,9991,672.46,37.00,29.00
9990,9992,1805.74,61.00,40.00
9991,9993,1216.48,63.00,30.00
9992,9994,1385.85,55.00,38.00
9993,9995,1844.35,85.00,33.00
9994,9996,1705.26,86.00,34.00
9995,9997,1540.33,51.00,44.00
9996,9998,1586.45,56.00,39.00
9997,9999,2372.05,85.00,60.00
9998,10000,1885.36,74.00,32.00
9999,10001,2617.83,124.00,43.00
10000,10002,740.84,46.00,21.00
10001,10003,892.39,35.00,32.00
10002,10004,851.22,40.00,29.00
10003,10005,2513.99,119.00,40.00
10004,10006,1336.96,88.00,23.00
10005,10007,1224.95,40.00,36.00
10006,10008,1475.73,56.00,34.00
10007,10009,4753.87,123.00,75.00
10008,10010,2365.99,83.00,36.00
10009,10011,33160.63,451.00,139.00
10010,10012,7131.16,245.00,55.00
10011,10013,3589.10,94.00,61.00
10012,10014,1710.22,65.00,44.00
10013,10015,1957.65,68.00,38.00
10014,10016,3083.71,121.00,34.00
10015,10017,2200.80,74.00,39.00
10016,10018,2213.36,73.00,41.00
10017,10019,966.52,60.00,28.00
10018,10020,1001.75,52.00,34.00
10019,10021,6459.62,103.00,95.00
10020,10022,2904.74,109.00,46.00
10021,10023,2162.31,119.00,33.00
10022,10024,1392.71,50.00,38.00
10023,10025,5809.39,131.00,67.00
10024,10026,4958.10,112.00,98.00
10025,10027,2234.83,102.00,34.00
10026,10028,3795.01,114.00,52.00
10027,10029,13885.21,210.00,117.00
10028,10030,2452.89,101.00,35.00
10029,10031,2719.26,82.00,50.00
10030,10032,1389.69,64.00,31.00
10031,10033,698.11,50.00,20.00
10032,10034,1436.11,66.00,33.00
10033,10035,5117.71,128.00,68.00
10034,10036,1348.28,57.00,36.00
10035,10037,1484.99,68.00,35.00
10036,10038,4176.24,140.00,42.00
10037,10039,3004.48,108.00,37.00
10038,10040,4154.42,118.00,44.00
10039,10041,2842.62,105.00,38.00
10040,10042,2718.40,125.00,38.00
10041,10043,1590.96,63.00,35.00
10042,10044,2580.50,76.00,52.00
10043,10045,1575.63,57.00,35.00
10044,10046,956.81,63.00,28.00
10045,10047,3770.31,109.00,48.00
10046,10048,1323.22,69.00,28.00
10047,10049,1525.89,81.00,26.00
10048,10050,5621.47,132.00,64.00
10049,10051,9299.06,184.00,72.00
10050,10052,1226.48,50.00,34.00
10051,10053,726.97,43.00,27.00
10052,10054,2326.19,77.00,49.00
10053,10055,1716.68,66.00,37.00
10054,10056,4450.81,106.00,80.00
10055,10057,3805.62,159.00,50.00
10056,10058,2183.88,79.00,38.00
10057,10059,3243.35,96.00,45.00
10058,10060,5966.43,148.00,57.00
10059,10061,4413.47,133.00,57.00
10060,10062,1858.63,66.00,38.00
10061,10063,1588.39,79.00,35.00
10062,10064,2215.13,60.00,51.00
10063,10065,1399.38,48.00,36.00
10064,10066,885.07,41.00,27.00
10065,10067,2806.97,111.00,32.00
10066,10068,903.99,35.00,34.00
10067,10069,581.69,39.00,22.00
10068,10070,641.54,38.00,23.00
10069,10071,1006.63,54.00,30.00
10070,10072,999.51,42.00,30.00
10071,10073,8848.01,139.00,89.00
10072,10074,1984.42,73.00,32.00
10073,10075,3145.37,101.00,46.00
10074,10076,782.59,49.00,23.00
10075,10077,1323.24,62.00,30.00
10076,10078,1596.05,71.00,33.00
10077,10079,3685.56,150.00,40.00
10078,10080,1519.23,68.00,29.00
10079,10081,1010.40,51.00,26.00
10080,10082,4963.23,171.00,46.00
10081,10083,3697.65,74.00,64.00
10082,10084,1027.00,58.00,27.00
10083,10085,3636.50,100.00,53.00
10084,10086,2566.14,115.00,36.00
10085,10087,3500.11,95.00,61.00
10086,10088,1590.19,71.00,34.00
10087,10089,2892.16,65.00,58.00
10088,10090,2753.57,74.00,53.00
10089,10091,2770.11,73.00,51.00
10090,10092,7694.46,148.00,80.00
10091,10093,2887.02,111.00,39.00
10092,10094,2775.68,108.00,44.00
10093,10095,5253.52,112.00,77.00
10094,10096,2358.90,70.00,54.00
10095,10097,951.59,57.00,26.00
10096,10098,1434.92,58.00,31.00
10097,10099,1435.12,95.00,24.00
10098,10100,1520.03,77.00,30.00
10099,10101,1086.48,59.00,26.00
10100,10102,1415.04,65.00,32.00
10101,10103,2203.72,71.00,43.00
10102,10104,883.84,46.00,28.00
10103,10105,624.34,51.00,21.00
10104,10106,1431.00,59.00,31.00
10105,10107,732.39,46.00,25.00
10106,10108,596.29,47.00,18.00
10107,10109,981.27,50.00,27.00
10108,10110,638.08,38.00,24.00
10109,10111,1476.46,66.00,34.00
10110,10112,1142.22,78.00,28.00
10111,10113,1332.24,75.00,25.00
10112,10114,917.44,36.00,32.00
10113,10115,1601.51,68.00,37.00
10114,10116,1704.36,95.00,36.00
10115,10117,1569.63,60.00,37.00
10116,10118,2052.27,77.00,34.00
10117,10119,831.04,55.00,25.00
10118,10120,1046.41,54.00,28.00
10119,10121,581.02,30.00,25.00
10120,10122,715.96,40.00,21.00
10121,10123,1177.91,64.00,27.00
10122,10124,985.11,36.00,34.00
10123,10125,738.64,43.00,20.00
10124,10126,667.40,37.00,26.00
10125,10127,1238.45,40.00,36.00
10126,10128,2454.93,110.00,39.00
10127,10129,8504.69,185.00,65.00
10128,10130,1315.05,44.00,40.00
10129,10131,2021.30,63.00,45.00
10130,10132,770.45,45.00,24.00
10131,10133,5599.75,146.00,56.00
10132,10134,1633.08,69.00,38.00
10133,10135,1112.47,66.00,27.00
10134,10136,2190.56,85.00,45.00
10135,10137,3046.68,94.00,58.00
10136,10138,8847.51,131.00,115.00
10137,10139,5762.46,106.00,87.00
10138,10140,1835.88,57.00,46.00
10139,10141,856.23,58.00,23.00
10140,10142,2519.47,85.00,45.00
10141,10143,2858.35,92.00,50.00
10142,10144,3222.10,95.00,57.00
10143,10145,1939.45,65.00,43.00
10144,10146,2330.77,65.00,52.00
10145,10147,1100.92,60.00,31.00
10146,10148,1526.28,53.00,45.00
10147,10149,642.32,37.00,21.00
10148,10150,2064.09,69.00,50.00
10149,10151,758.44,36.00,26.00
10150,10152,1685.76,70.00,39.00
10151,10153,1127.66,61.00,26.00
10152,10154,949.93,48.00,27.00
10153,10155,1179.92,58.00,33.00
10154,10156,1053.72,44.00,32.00
10155,10157,2507.34,98.00,43.00
10156,10158,655.84,37.00,23.00
10157,10159,620.24,38.00,23.00
10158,10160,562.99,39.00,18.00
10159,10161,970.07,48.00,25.00
10160,10162,2713.27,76.00,56.00
10161,10163,2182.45,66.00,60.00
10162,10164,1161.68,56.00,30.00
10163,10165,2601.78,90.00,64.00
10164,10166,1567.97,99.00,26.00
10165,10167,1469.32,75.00,29.00
10166,10168,2684.39,63.00,61.00
10167,10169,2460.11,65.00,54.00
10168,10170,2415.58,112.00,39.00
10169,10171,5485.04,171.00,50.00
10170,10172,1456.78,63.00,33.00
10171,10173,4427.93,180.00,42.00
10172,10174,2207.78,91.00,37.00
10173,10175,1630.48,70.00,32.00
10174,10176,1328.49,44.00,43.00
10175,10177,1703.25,57.00,41.00
10176,10178,1245.38,58.00,35.00
10177,10179,4766.87,117.00,78.00
10178,10180,1802.65,76.00,32.00
10179,10181,3710.82,84.00,82.00
10180,10182,1575.17,54.00,39.00
10181,10183,1571.20,79.00,47.00
10182,10184,770.35,38.00,27.00
10183,10185,1155.07,46.00,33.00
10184,10186,1000.85,38.00,35.00
10185,10187,2883.01,81.00,56.00
10186,10188,1153.96,56.00,27.00
10187,10189,3787.05,101.00,50.00
10188,10190,5038.30,95.00,70.00
10189,10191,1337.70,74.00,30.00
10190,10192,9893.34,150.00,92.00
10191,10193,13775.72,202.00,90.00
10192,10194,1553.87,74.00,35.00
10193,10195,1029.14,46.00,36.00
10194,10196,556.99,39.00,21.00
10195,10197,1136.03,40.00,39.00
10196,10198,1829.32,54.00,50.00
10197,10199,3182.28,103.00,47.00
10198,10200,4844.38,122.00,62.00
10199,10201,4978.45,139.00,47.00
10200,10202,6088.55,139.00,86.00
10201,10203,3557.72,157.00,49.00
10202,10204,2506.66,81.00,46.00
10203,10205,2519.87,76.00,45.00
10204,10206,2459.61,83.00,40.00
10205,10207,3003.31,107.00,43.00
10206,10208,3909.99,177.00,47.00
10207,10209,4990.61,170.00,47.00
10208,10210,3437.45,94.00,59.00
10209,10211,918.57,47.00,29.00
10210,10212,2131.90,67.00,47.00
10211,10213,4926.00,146.00,56.00
10212,10214,1878.85,61.00,42.00
10213,10215,1960.84,61.00,42.00
10214,10216,1581.78,64.00,32.00
10215,10217,1288.52,48.00,35.00
10216,10218,2284.35,62.00,58.00
10217,10219,4430.34,120.00,66.00
10218,10220,2946.26,89.00,53.00
10219,10221,2254.31,81.00,41.00
10220,10222,4632.45,106.00,75.00
10221,10223,1358.00,76.00,23.00
10222,10224,1832.40,71.00,41.00
10223,10225,1321.45,57.00,36.00
10224,10226,2807.48,92.00,48.00
10225,10227,3335.17,92.00,57.00
10226,10228,4031.80,154.00,61.00
10227,10229,1757.40,87.00,29.00
10228,10230,2424.57,94.00,45.00
10229,10231,1944.29,66.00,59.00
10230,10232,13735.59,233.00,97.00
10231,10233,5156.22,181.00,68.00
10232,10234,3922.28,123.00,62.00
10233,10235,4722.26,92.00,89.00
10234,10236,14987.65,235.00,93.00
10235,10237,1918.38,65.00,58.00
10236,10238,2859.98,95.00,48.00
10237,10239,2930.06,170.00,27.00
10238,10240,12967.67,261.00,105.00
10239,10241,2075.36,108.00,42.00
10240,10242,11585.88,206.00,79.00
10241,10243,14508.24,206.00,112.00
10242,10244,7622.78,107.00,103.00
10243,10245,2574.75,113.00,46.00
10244,10246,7424.71,243.00,50.00
10245,10247,4248.89,115.00,55.00
10246,10248,2680.30,112.00,44.00
10247,10249,2314.69,65.00,55.00
10248,10250,3857.69,99.00,58.00
10249,10251,4626.32,143.00,53.00
10250,10252,5035.58,125.00,76.00
10251,10253,5189.47,120.00,69.00
10252,10254,1316.66,64.00,30.00
10253,10255,29378.18,368.00,140.00
10254,10256,30068.51,321.00,134.00
10255,10257,45488.06,520.00,138.00
10256,10258,892.95,57.00,20.00
10257,10259,1294.60,68.00,28.00
10258,10260,8845.93,219.00,68.00
10259,10261,1870.34,77.00,38.00
10260,10262,8466.81,258.00,51.00
10261,10263,6972.68,267.00,45.00
10262,10264,1369.31,71.00,33.00
10263,10265,1732.47,76.00,36.00
10264,10266,935.07,54.00,25.00
10265,10267,1121.69,58.00,25.00
10266,10268,1519.49,55.00,36.00
10267,10269,1230.41,67.00,29.00
10268,10270,1918.33,101.00,31.00
10269,10271,1144.86,49.00,33.00
10270,10272,4963.02,117.00,58.00
10271,10273,1421.89,53.00,39.00
10272,10274,1398.32,53.00,42.00
10273,10275,2128.18,89.00,38.00
10274,10276,1162.56,42.00,32.00
10275,10277,1072.74,42.00,34.00
10276,10278,2724.90,69.00,51.00
10277,10279,1335.63,64.00,34.00
10278,10280,1568.24,65.00,37.00
10279,10281,5150.37,92.00,71.00
10280,10282,3236.15,82.00,55.00
10281,10283,1678.52,62.00,36.00
10282,10284,10511.90,164.00,87.00
10283,10285,1476.39,49.00,37.00
10284,10286,857.59,55.00,25.00
10285,10287,1731.08,65.00,40.00
10286,10288,666.67,41.00,23.00
10287,10289,1500.21,60.00,35.00
10288,10290,910.19,43.00,28.00
10289,10291,2641.04,111.00,39.00
10290,10292,2016.94,88.00,41.00
10291,10293,1272.06,69.00,28.00
10292,10294,2808.26,118.00,43.00
10293,10295,3399.01,110.00,53.00
10294,10296,1157.00,47.00,41.00
10295,10297,3295.27,116.00,50.00
10296,10298,1732.00,72.00,39.00
10297,10299,2875.99,102.00,41.00
10298,10300,2529.13,84.00,40.00
10299,10301,4077.00,93.00,60.00
10300,10302,1806.66,70.00,42.00
10301,10303,1161.16,55.00,31.00
10302,10304,2294.35,90.00,37.00
10303,10305,815.86,42.00,29.00
10304,10306,1857.37,61.00,42.00
10305,10307,1714.23,67.00,37.00
10306,10308,556.34,31.00,23.00
10307,10309,520.31,29.00,23.00
10308,10310,776.83,41.00,26.00
10309,10311,1243.44,39.00,39.00
10310,10312,674.48,37.00,26.00
10311,10313,1173.18,69.00,26.00
10312,10314,849.67,37.00,28.00
10313,10315,544.40,30.00,23.00
10314,10316,7172.29,116.00,88.00
10315,10317,1643.37,51.00,48.00
10316,10318,7564.80,140.00,85.00
10317,10319,6271.60,145.00,58.00
10318,10320,9832.76,118.00,114.00
10319,10321,9098.30,232.00,54.00
10320,10322,3974.18,94.00,72.00
10321,10323,2209.44,105.00,38.00
10322,10324,2668.12,128.00,34.00
10323,10325,7879.60,220.00,61.00
10324,10326,7026.08,206.00,70.00
10325,10327,14097.46,262.00,114.00
10326,10328,8342.17,205.00,103.00
10327,10329,1988.67,98.00,29.00
10328,10330,2884.11,117.00,49.00
10329,10331,778.70,41.00,26.00
10330,10332,1001.32,60.00,26.00
10331,10333,544.53,31.00,23.00
10332,10334,1185.94,54.00,30.00
10333,10335,1156.80,63.00,27.00
10334,10336,879.86,36.00,30.00
10335,10337,5301.08,109.00,77.00
10336,10338,6026.03,115.00,80.00
10337,10339,3536.78,143.00,41.00
10338,10340,2282.70,85.00,37.00
10339,10341,4098.50,123.00,50.00
10340,10342,6778.28,99.00,86.00
10341,10343,3388.39,90.00,50.00
10342,10344,3307.64,155.00,47.00
10343,10345,2687.48,75.00,50.00
10344,10346,7630.52,193.00,61.00
10345,10347,1603.02,84.00,27.00
10346,10348,3195.00,106.00,41.00
10347,10349,1439.68,51.00,43.00
10348,10350,1934.69,63.00,53.00
10349,10351,3371.58,106.00,48.00
10350,10352,1097.51,55.00,33.00
10351,10353,3610.09,108.00,55.00
10352,10354,6564.20,139.00,90.00
10353,10355,5653.47,129.00,76.00
10354,10356,2736.53,87.00,50.00
10355,10357,11194.75,168.00,107.00
10356,10358,1540.66,67.00,35.00
10357,10359,2243.60,83.00,45.00
10358,10360,2504.01,97.00,45.00
10359,10361,1039.43,63.00,23.00
10360,10362,2767.00,103.00,45.00
10361,10363,11459.74,231.00,128.00
10362,10364,2769.88,148.00,31.00
10363,10365,1106.04,67.00,24.00
10364,10366,7855.23,201.00,63.00
10365,10367,5583.58,171.00,56.00
10366,10368,2199.42,62.00,48.00
10367,10369,2065.75,60.00,51.00
10368,10370,1031.48,52.00,28.00
10369,10371,7712.82,129.00,92.00
10370,10372,25375.28,367.00,129.00
10371,10373,1433.39,76.00,26.00
10372,10374,1659.08,61.00,40.00
10373,10375,10422.56,176.00,133.00
10374,10376,1104.04,52.00,26.00
10375,10377,8522.61,156.00,102.00
10376,10378,5335.72,99.00,79.00
10377,10379,1814.17,66.00,38.00
10378,10380,2184.16,96.00,38.00
10379,10381,989.97,44.00,36.00
10380,10382,1208.63,55.00,30.00
10381,10383,85769.43,857.00,230.00
10382,10384,8860.39,224.00,84.00
10383,10385,8938.33,222.00,59.00
10384,10386,2776.51,73.00,65.00
10385,10387,2445.88,116.00,45.00
10386,10388,9928.97,204.00,76.00
10387,10389,4787.22,124.00,62.00
10388,10390,2166.38,65.00,51.00
10389,10391,1889.18,92.00,33.00
10390,10392,24904.66,473.00,83.00
10391,10393,5504.53,107.00,102.00
10392,10394,1621.80,68.00,41.00
10393,10395,3144.05,95.00,49.00
10394,10396,1754.34,66.00,38.00
10395,10397,13186.20,230.00,87.00
10396,10398,4944.27,131.00,56.00
10397,10399,9281.72,144.00,112.00
10398,10400,4642.78,135.00,51.00
10399,10401,8026.19,207.00,57.00
10400,10402,8680.51,166.00,85.00
10401,10403,4021.44,99.00,60.00
10402,10404,1121.19,63.00,24.00
10403,10405,21591.93,200.00,135.00
10404,10406,6792.37,119.00,78.00
10405,10407,849.00,35.00,33.00
10406,10408,1055.84,44.00,32.00
10407,10409,604.67,37.00,22.00
10408,10410,548.26,39.00,21.00
10409,10411,527.22,27.00,24.00
10410,10412,2818.37,161.00,30.00
10411,10413,1087.79,48.00,38.00
10412,10414,759.21,35.00,28.00
10413,10415,753.44,48.00,23.00
10414,10416,1387.31,48.00,43.00
10415,10417,1169.28,58.00,33.00
10416,10418,3129.75,83.00,48.00
10417,10419,486.33,26.00,24.00
10418,10420,1109.19,51.00,30.00
10419,10421,1274.25,59.00,28.00
10420,10422,4337.00,86.00,67.00
10421,10423,958.88,56.00,27.00
10422,10424,1383.71,70.00,30.00
10423,10425,1286.26,52.00,36.00
10424,10426,621.66,34.00,24.00
10425,10427,1033.23,72.00,22.00
10426,10428,762.22,45.00,22.00
10427,10429,471.37,30.00,26.00
10428,10430,3844.94,92.00,56.00
10429,10431,1533.30,62.00,34.00
10430,10432,480.22,26.00,23.00
10431,10433,4062.81,163.00,48.00
10432,10434,15183.04,177.00,132.00
10433,10435,1623.27,72.00,33.00
10434,10436,2024.45,79.00,45.00
10435,10437,3226.30,76.00,61.00
10436,10438,3182.96,68.00,54.00
10437,10439,7430.49,157.00,64.00
10438,10440,853.39,37.00,27.00
10439,10441,1043.78,55.00,27.00
10440,10442,1457.63,67.00,30.00
10441,10443,1700.76,73.00,33.00
10442,10444,754.47,35.00,26.00
10443,10445,9081.16,250.00,57.00
10444,10446,1723.01,84.00,35.00
10445,10447,3153.17,116.00,51.00
10446,10448,4213.93,158.00,44.00
10447,10449,4573.42,187.00,55.00
10448,10450,3711.72,172.00,45.00
10449,10451,2887.84,137.00,32.00
10450,10452,7092.87,180.00,70.00
10451,10453,6734.92,189.00,63.00
10452,10454,11262.19,175.00,101.00
10453,10455,2985.94,97.00,49.00
10454,10456,1403.02,45.00,42.00
10455,10457,12545.68,340.00,66.00
10456,10458,2418.20,100.00,47.00
10457,10459,1879.64,87.00,32.00
10458,10460,1676.78,84.00,38.00
10459,10461,1777.46,77.00,37.00
10460,10462,2857.69,153.00,41.00
10461,10463,1558.29,79.00,36.00
10462,10464,2268.11,110.00,30.00
10463,10465,1007.32,55.00,23.00
10464,10466,1341.79,68.00,34.00
10465,10467,1925.41,76.00,31.00
10466,10468,7554.25,147.00,81.00
10467,10469,2096.48,96.00,33.00
10468,10470,3171.56,114.00,47.00
10469,10471,3738.12,96.00,61.00
10470,10472,15191.59,298.00,80.00
10471,10473,3390.76,113.00,54.00
10472,10474,35709.65,257.00,222.00
10473,10475,2733.19,95.00,45.00
10474,10476,24729.19,479.00,165.00
10475,10477,7209.05,273.00,66.00
10476,10478,15616.26,293.00,82.00
10477,10479,17339.04,322.00,93.00
10478,10480,5100.03,141.00,58.00
10479,10481,1414.44,73.00,28.00
10480,10482,952.79,41.00,32.00
10481,10483,1097.79,63.00,29.00
10482,10484,1022.50,48.00,28.00
10483,10485,3071.96,114.00,56.00
10484,10486,2547.00,105.00,48.00
10485,10487,2621.64,108.00,39.00
10486,10488,2364.48,114.00,36.00
10487,10489,957.49,41.00,30.00
10488,10490,1145.73,51.00,34.00
10489,10491,1884.73,91.00,41.00
10490,10492,537.66,32.00,21.00
10491,10493,2209.89,65.00,43.00
10492,10494,2092.08,82.00,35.00
10493,10495,2358.83,110.00,32.00
10494,10496,2754.66,108.00,42.00
10495,10497,1658.89,80.00,28.00
10496,10498,1922.31,100.00,28.00
10497,10499,5608.28,137.00,69.00
10498,10500,1071.22,46.00,31.00
10499,10501,1792.70,77.00,35.00
10500,10502,708.26,31.00,29.00
10501,10503,394.48,25.00,21.00
10502,10504,1157.43,47.00,33.00
10503,10505,2947.52,130.00,46.00
10504,10506,2212.78,72.00,43.00
10505,10507,6158.75,180.00,47.00
10506,10508,878.31,37.00,31.00
10507,10509,2120.06,58.00,57.00
10508,10510,2400.99,119.00,45.00
10509,10511,2233.85,98.00,32.00
10510,10512,3065.97,108.00,41.00
10511,10513,1722.21,105.00,29.00
10512,10514,2869.92,115.00,33.00
10513,10515,7455.81,215.00,62.00
10514,10516,2207.91,57.00,55.00
10515,10517,5806.85,175.00,58.00
10516,10518,3208.57,135.00,54.00
10517,10519,1062.99,53.00,34.00
10518,10520,3536.48,97.00,51.00
10519,10521,1851.96,57.00,46.00
10520,10522,3885.88,148.00,63.00
10521,10523,1606.00,73.00,32.00
10522,10524,2025.22,100.00,31.00
10523,10525,852.83,35.00,34.00
10524,10526,1009.61,51.00,24.00
10525,10527,1520.45,66.00,34.00
10526,10528,5766.33,179.00,50.00
10527,10529,896.12,45.00,29.00
10528,10530,5370.85,143.00,78.00
10529,10531,1836.14,104.00,30.00
10530,10532,1737.82,71.00,35.00
10531,10533,1501.11,63.00,35.00
10532,10534,2587.13,92.00,41.00
10533,10535,3489.47,95.00,63.00
10534,10536,3568.75,172.00,42.00
10535,10537,1109.03,54.00,27.00
10536,10538,2404.28,80.00,50.00
10537,10539,1351.83,67.00,35.00
10538,10540,6103.51,154.00,68.00
10539,10541,6662.98,163.00,63.00
10540,10542,1656.98,67.00,34.00
10541,10543,464.72,29.00,23.00
10542,10544,13266.27,194.00,123.00
10543,10545,5874.49,172.00,76.00
10544,10546,1198.58,59.00,33.00
10545,10547,1503.80,70.00,29.00
10546,10548,2918.59,129.00,43.00
10547,10549,2435.80,59.00,59.00
10548,10550,3007.07,91.00,51.00
10549,10551,696.15,53.00,25.00
10550,10552,4413.35,134.00,62.00
10551,10553,1884.01,85.00,34.00
10552,10554,1531.04,65.00,34.00
10553,10555,2859.15,106.00,39.00
10554,10556,2165.70,58.00,46.00
10555,10557,2718.88,135.00,35.00
10556,10558,1771.59,89.00,36.00
10557,10559,4306.83,132.00,66.00
10558,10560,1425.97,54.00,35.00
10559,10561,6017.60,101.00,87.00
10560,10562,1912.29,73.00,34.00
10561,10563,2741.48,105.00,45.00
10562,10564,1626.62,95.00,28.00
10563,10565,7371.05,161.00,72.00
10564,10566,7324.78,155.00,87.00
10565,10567,1767.78,87.00,29.00
10566,10568,2105.57,62.00,45.00
10567,10569,1657.45,59.00,37.00
10568,10570,5914.67,139.00,67.00
10569,10571,6763.90,172.00,75.00
10570,10572,1138.86,57.00,28.00
10571,10573,1902.97,79.00,31.00
10572,10574,1064.80,45.00,29.00
10573,10575,3615.89,144.00,49.00
10574,10576,4462.95,165.00,51.00
10575,10577,1910.94,56.00,46.00
10576,10578,2829.56,97.00,52.00
10577,10579,2041.37,80.00,43.00
10578,10580,3101.99,111.00,52.00
10579,10581,2273.28,95.00,41.00
10580,10582,3627.92,79.00,79.00
10581,10583,1337.81,75.00,26.00
10582,10584,1573.62,46.00,39.00
10583,10585,5071.03,265.00,51.00
10584,10586,1388.28,49.00,40.00
10585,10587,1347.11,55.00,35.00
10586,10588,2265.10,85.00,45.00
10587,10589,2749.35,104.00,42.00
10588,10590,2569.57,130.00,33.00
10589,10591,3973.60,128.00,48.00
10590,10592,1895.32,61.00,42.00
10591,10593,4083.04,146.00,69.00
10592,10594,2111.28,109.00,34.00
10593,10595,625.97,29.00,26.00
10594,10596,787.07,33.00,29.00
10595,10597,6021.65,135.00,77.00
10596,10598,1717.08,102.00,31.00
10597,10599,1735.41,82.00,31.00
10598,10600,2309.33,57.00,55.00
10599,10601,1131.47,63.00,25.00
10600,10602,2301.52,117.00,31.00
10601,10603,3454.25,84.00,60.00
10602,10604,3184.41,116.00,45.00
10603,10605,1679.51,51.00,47.00
10604,10606,1448.08,67.00,31.00
10605,10607,2388.59,113.00,33.00
10606,10608,1764.53,71.00,35.00
10607,10609,2132.68,62.00,47.00
10608,10610,2230.11,85.00,49.00
10609,10611,2986.86,103.00,43.00
10610,10612,1148.61,53.00,33.00
10611,10613,803.97,40.00,24.00
10612,10614,1843.19,85.00,33.00
10613,10615,1199.81,64.00,27.00
10614,10616,1797.52,58.00,38.00
10615,10617,1096.10,56.00,27.00
10616,10618,3296.27,154.00,38.00
10617,10619,1288.99,83.00,34.00
10618,10620,2031.23,74.00,43.00
10619,10621,1372.50,60.00,36.00
10620,10622,1530.95,62.00,34.00
10621,10623,1214.60,54.00,32.00
10622,10624,825.89,48.00,24.00
10623,10625,1956.66,70.00,38.00
10624,10626,2375.97,81.00,45.00
10625,10627,2068.73,96.00,35.00
10626,10628,1699.73,75.00,36.00
10627,10629,2447.94,72.00,53.00
10628,10630,4119.36,115.00,73.00
10629,10631,751.22,59.00,19.00
10630,10632,2514.83,103.00,42.00
10631,10633,3340.27,131.00,51.00
10632,10634,4167.85,121.00,50.00
10633,10635,1542.12,52.00,43.00
10634,10636,4691.33,182.00,65.00
10635,10637,9745.43,135.00,96.00
10636,10638,1319.79,74.00,30.00
10637,10639,1317.70,59.00,32.00
10638,10640,704.47,37.00,25.00
10639,10641,1380.26,67.00,29.00
10640,10642,1344.64,65.00,30.00
10641,10643,3034.76,173.00,32.00
10642,10644,5963.53,144.00,60.00
10643,10645,25071.06,321.00,124.00
10644,10646,10512.13,179.00,86.00
10645,10647,31813.24,414.00,169.00
10646,10648,8614.31,222.00,56.00
10647,10649,4161.34,98.00,68.00
10648,10650,3593.40,87.00,70.00
10649,10651,1624.93,58.00,35.00
10650,10652,2239.95,101.00,39.00
10651,10653,1887.83,70.00,34.00
10652,10654,1286.93,57.00,34.00
10653,10655,2327.47,100.00,43.00
10654,10656,8041.07,280.00,74.00
10655,10657,9866.90,218.00,83.00
10656,10658,2467.30,65.00,53.00
10657,10659,1333.06,68.00,28.00
10658,10660,2508.72,64.00,62.00
10659,10661,2043.82,60.00,50.00
10660,10662,1703.13,63.00,41.00
10661,10663,3251.27,93.00,51.00
10662,10664,2654.04,75.00,62.00
10663,10665,2763.70,85.00,49.00
10664,10666,5899.18,209.00,68.00
10665,10667,3002.94,147.00,46.00
10666,10668,3681.38,105.00,68.00
10667,10669,6988.06,236.00,90.00
10668,10670,1529.47,61.00,41.00
10669,10671,3782.70,74.00,69.00
10670,10672,1371.32,50.00,37.00
10671,10673,1614.82,65.00,31.00
10672,10674,1230.49,60.00,34.00
10673,10675,1337.55,52.00,34.00
10674,10676,5977.54,87.00,87.00
10675,10677,1132.18,44.00,32.00
10676,10678,1667.81,55.00,45.00
10677,10679,2135.87,72.00,39.00
10678,10680,729.52,35.00,25.00
10679,10681,1063.26,46.00,30.00
10680,10682,3002.69,153.00,33.00
10681,10683,3085.02,116.00,42.00
10682,10684,3993.80,131.00,52.00
10683,10685,1410.87,64.00,34.00
10684,10686,6024.14,219.00,55.00
10685,10687,6406.63,191.00,59.00
10686,10688,1999.37,83.00,33.00
10687,10689,5595.68,108.00,92.00
10688,10690,4756.97,151.00,50.00
10689,10691,2354.33,84.00,41.00
10690,10692,2237.11,102.00,32.00
10691,10693,2527.15,83.00,44.00
10692,10694,2053.39,88.00,33.00
10693,10695,887.34,38.00,32.00
10694,10696,58808.82,520.00,246.00
10695,10697,14430.73,189.00,164.00
10696,10698,1668.37,72.00,35.00
10697,10699,1039.02,44.00,32.00
10698,10700,1241.88,70.00,24.00
10699,10701,1243.45,52.00,32.00
10700,10702,1334.85,44.00,42.00
10701,10703,3020.80,103.00,51.00
10702,10704,1921.89,62.00,47.00
10703,10705,1657.29,85.00,33.00
10704,10706,4592.72,174.00,86.00
10705,10707,5289.59,212.00,86.00
10706,10708,2134.17,73.00,44.00
10707,10709,2442.87,94.00,41.00
10708,10710,2640.01,94.00,51.00
10709,10711,3746.58,105.00,65.00
10710,10712,1250.25,42.00,37.00
10711,10713,726.61,38.00,23.00
10712,10714,2593.93,102.00,36.00
10713,10715,3234.92,129.00,58.00
10714,10716,2441.30,105.00,38.00
10715,10717,722.47,42.00,25.00
10716,10718,2001.24,72.00,39.00
10717,10719,776.57,48.00,24.00
10718,10720,1997.49,82.00,39.00
10719,10721,1796.40,75.00,33.00
10720,10722,1459.91,50.00,49.00
10721,10723,2369.50,100.00,43.00
10722,10724,3397.41,100.00,55.00
10723,10725,2160.70,75.00,48.00
10724,10726,3940.45,176.00,57.00
10725,10727,2503.74,76.00,51.00
10726,10728,1519.58,71.00,30.00
10727,10729,892.41,43.00,26.00
10728,10730,1256.88,51.00,37.00
10729,10731,1035.92,41.00,32.00
10730,10732,568.43,28.00,27.00
10731,10733,1319.48,55.00,36.00
10732,10734,3480.52,75.00,72.00
10733,10735,1950.03,83.00,37.00
10734,10736,856.34,49.00,26.00
10735,10737,1364.75,48.00,41.00
10736,10738,1784.45,72.00,35.00
10737,10739,2221.85,70.00,57.00
10738,10740,2685.17,103.00,48.00
10739,10741,1947.40,55.00,53.00
10740,10742,3105.50,122.00,45.00
10741,10743,1091.63,58.00,26.00
10742,10744,669.38,50.00,18.00
10743,10745,3816.63,120.00,50.00
10744,10746,2599.96,64.00,53.00
10745,10747,1445.60,50.00,42.00
10746,10748,3459.91,122.00,50.00
10747,10749,1997.38,63.00,43.00
10748,10750,1987.35,63.00,43.00
10749,10751,1004.92,46.00,28.00
10750,10752,1858.25,73.00,37.00
10751,10753,706.93,48.00,20.00
10752,10754,1974.00,67.00,41.00
10753,10755,2754.54,91.00,50.00
10754,10756,1268.57,57.00,33.00
10755,10757,2150.46,69.00,45.00
10756,10758,1436.43,61.00,35.00
10757,10759,2786.34,77.00,51.00
10758,10760,1462.05,82.00,27.00
10759,10761,1408.58,73.00,25.00
10760,10762,2998.55,120.00,52.00
10761,10763,2911.53,104.00,46.00
10762,10764,2550.33,180.00,33.00
10763,10765,823.65,36.00,33.00
10764,10766,13177.96,196.00,114.00
10765,10767,1083.80,48.00,28.00
10766,10768,10186.53,157.00,103.00
10767,10769,1563.43,49.00,40.00
10768,10770,1861.37,79.00,31.00
10769,10771,799.53,41.00,32.00
10770,10772,1272.25,56.00,38.00
10771,10773,1042.59,44.00,32.00
10772,10774,801.35,45.00,23.00
10773,10775,3639.51,89.00,54.00
10774,10776,2436.25,67.00,52.00
10775,10777,2088.85,85.00,39.00
10776,10778,1028.18,48.00,28.00
10777,10779,1822.01,83.00,38.00
10778,10780,2608.83,73.00,54.00
10779,10781,994.74,54.00,26.00
10780,10782,759.87,41.00,28.00
10781,10783,1358.46,82.00,32.00
10782,10784,1967.63,55.00,54.00
10783,10785,883.49,62.00,25.00
10784,10786,2075.18,78.00,47.00
10785,10787,2170.78,76.00,48.00
10786,10788,1722.57,72.00,34.00
10787,10789,1951.81,70.00,40.00
10788,10790,1167.07,56.00,32.00
10789,10791,4841.53,105.00,68.00
10790,10792,1224.95,56.00,29.00
10791,10793,1929.52,68.00,40.00
10792,10794,2197.04,83.00,37.00
10793,10795,1203.03,54.00,31.00
10794,10796,905.58,51.00,27.00
10795,10797,1479.63,72.00,37.00
10796,10798,980.23,41.00,36.00
10797,10799,462.49,30.00,22.00
10798,10800,773.70,63.00,21.00
10799,10801,3028.67,78.00,71.00
10800,10802,2841.44,95.00,48.00
10801,10803,1439.06,49.00,44.00
10802,10804,2016.39,59.00,49.00
10803,10805,2755.24,75.00,66.00
10804,10806,3105.52,129.00,49.00
10805,10807,2949.77,84.00,49.00
10806,10808,1204.69,48.00,32.00
10807,10809,2570.40,97.00,41.00
10808,10810,1772.39,76.00,41.00
10809,10811,1881.38,72.00,31.00
10810,10812,2188.86,107.00,42.00
10811,10813,2771.33,80.00,60.00
10812,10814,1218.20,64.00,30.00
10813,10815,612.84,31.00,26.00
10814,10816,1433.65,63.00,36.00
10815,10817,660.60,40.00,23.00
10816,10818,664.36,45.00,21.00
10817,10819,2240.27,89.00,47.00
10818,10820,5407.19,141.00,90.00
10819,10821,1167.77,43.00,42.00
10820,10822,3630.40,115.00,62.00
10821,10823,2727.43,114.00,40.00
10822,10824,2405.85,126.00,42.00
10823,10825,1732.19,80.00,33.00
10824,10826,732.73,37.00,33.00
10825,10827,2800.09,113.00,39.00
10826,10828,1143.89,48.00,32.00
10827,10829,1667.09,91.00,29.00
10828,10830,6049.19,124.00,85.00
10829,10831,4146.82,104.00,56.00
10830,10832,3696.92,163.00,39.00
10831,10833,4636.76,186.00,45.00
10832,10834,1898.45,101.00,36.00
10833,10835,6975.66,118.00,85.00
10834,10836,3327.66,122.00,39.00
10835,10837,2910.46,86.00,62.00
10836,10838,1207.39,48.00,44.00
10837,10839,530.47,35.00,19.00
10838,10840,2370.50,83.00,52.00
10839,10841,1671.22,98.00,27.00
10840,10842,1906.25,71.00,52.00
10841,10843,3170.05,106.00,45.00
10842,10844,6875.03,171.00,60.00
10843,10845,2502.82,85.00,46.00
10844,10846,1208.35,64.00,31.00
10845,10847,928.39,47.00,26.00
10846,10848,2866.11,75.00,60.00
10847,10849,1412.25,51.00,39.00
10848,10850,4142.53,133.00,58.00
10849,10851,3015.61,130.00,42.00
10850,10852,1669.25,80.00,35.00
10851,10853,654.07,42.00,21.00
10852,10854,1241.52,56.00,32.00
10853,10855,1298.70,58.00,35.00
10854,10856,3467.65,135.00,43.00
10855,10857,1311.36,51.00,37.00
10856,10858,1267.29,50.00,33.00
10857,10859,1944.35,79.00,39.00
10858,10860,4158.76,128.00,70.00
10859,10861,2365.48,88.00,43.00
10860,10862,762.09,45.00,27.00
10861,10863,1657.16,81.00,34.00
10862,10864,1173.75,69.00,25.00
10863,10865,4064.97,118.00,53.00
10864,10866,10846.01,130.00,123.00
10865,10867,4247.46,128.00,53.00
10866,10868,1094.62,58.00,30.00
10867,10869,2052.35,116.00,36.00
10868,10870,1612.14,67.00,42.00
10869,10871,1642.10,72.00,30.00
10870,10872,950.12,48.00,25.00
10871,10873,966.39,49.00,27.00
10872,10874,2976.01,62.00,62.00
10873,10875,2488.80,97.00,41.00
10874,10876,1977.93,60.00,43.00
10875,10877,1124.08,57.00,28.00
10876,10878,1104.85,65.00,28.00
10877,10879,4164.78,85.00,69.00
10878,10880,1675.71,75.00,34.00
10879,10881,765.30,50.00,21.00
10880,10882,1871.76,65.00,43.00
10881,10883,1108.79,69.00,22.00
10882,10884,712.37,40.00,25.00
10883,10885,865.95,42.00,28.00
10884,10886,1895.72,67.00,44.00
10885,10887,2652.59,90.00,47.00
10886,10888,981.00,53.00,31.00
10887,10889,1099.10,63.00,33.00
10888,10890,1449.40,53.00,34.00
10889,10891,1102.12,38.00,35.00
10890,10892,2726.27,100.00,35.00
10891,10893,2210.06,99.00,35.00
10892,10894,2021.66,67.00,45.00
10893,10895,1119.81,64.00,29.00
10894,10896,1336.22,72.00,26.00
10895,10897,1051.57,48.00,27.00
10896,10898,683.61,30.00,29.00
10897,10899,1543.88,55.00,35.00
10898,10900,1470.23,56.00,46.00
10899,10901,1028.59,59.00,27.00
10900,10902,1006.70,47.00,29.00
10901,10903,1461.55,59.00,37.00
10902,10904,16770.05,218.00,104.00
10903,10905,1865.10,73.00,36.00
10904,10906,1136.39,47.00,32.00
10905,10907,903.65,50.00,29.00
10906,10908,1494.88,56.00,49.00
10907,10909,1086.95,49.00,30.00
10908,10910,1099.69,48.00,29.00
10909,10911,848.06,48.00,26.00
10910,10912,1533.20,59.00,39.00
10911,10913,2106.58,80.00,41.00
10912,10914,2900.71,80.00,59.00
10913,10915,2967.21,93.00,79.00
10914,10916,2184.99,73.00,46.00
10915,10917,1240.05,67.00,32.00
10916,10918,3412.91,69.00,65.00
10917,10919,3209.56,97.00,44.00
10918,10920,3152.08,80.00,54.00
10919,10921,1818.20,64.00,40.00
10920,10922,1548.32,66.00,34.00
10921,10923,582.11,30.00,26.00
10922,10924,1917.70,60.00,43.00
10923,10925,2414.08,75.00,45.00
10924,10926,7849.57,186.00,77.00
10925,10927,901.29,49.00,25.00
10926,10928,464.07,35.00,17.00
10927,10929,800.84,43.00,32.00
10928,10930,1113.45,43.00,38.00
10929,10931,6731.03,181.00,70.00
10930,10932,2799.09,101.00,46.00
10931,10933,7851.46,152.00,77.00
10932,10934,1402.42,57.00,32.00
10933,10935,3086.77,71.00,65.00
10934,10936,3101.54,87.00,51.00
10935,10937,585.73,34.00,23.00
10936,10938,731.82,44.00,24.00
10937,10939,4546.26,94.00,62.00
10938,10940,907.51,44.00,26.00
10939,10941,825.64,48.00,25.00
10940,10942,2480.59,86.00,40.00
10941,10943,1181.22,43.00,39.00
10942,10944,1412.12,76.00,32.00
10943,10945,579.69,31.00,22.00
10944,10946,9589.90,138.00,91.00
10945,10947,2239.30,97.00,34.00
10946,10948,3390.66,115.00,46.00
10947,10949,2613.43,90.00,41.00
10948,10950,3221.51,109.00,60.00
10949,10951,3356.79,90.00,52.00
10950,10952,1393.38,58.00,35.00
10951,10953,4555.56,117.00,69.00
10952,10954,668.37,40.00,21.00
10953,10955,1122.51,52.00,31.00
10954,10956,3842.60,139.00,45.00
10955,10957,2906.45,111.00,51.00
10956,10958,557.50,29.00,26.00
10957,10959,4148.93,91.00,64.00
10958,10960,931.89,41.00,29.00
10959,10961,439.86,40.00,19.00
10960,10962,3607.42,80.00,60.00
10961,10963,2623.81,81.00,46.00
10962,10964,2847.34,71.00,50.00
10963,10965,1011.11,41.00,30.00
10964,10966,2151.90,55.00,51.00
10965,10967,851.94,42.00,26.00
10966,10968,1549.77,74.00,31.00
10967,10969,1962.79,52.00,48.00
10968,10970,2525.81,71.00,58.00
10969,10971,2300.21,79.00,42.00
10970,10972,1117.43,49.00,31.00
10971,10973,1117.91,59.00,29.00
10972,10974,540.58,32.00,20.00
10973,10975,1358.00,48.00,35.00
10974,10976,1633.28,69.00,35.00
10975,10977,3157.48,81.00,61.00
10976,10978,1060.43,45.00,30.00
10977,10979,1912.35,69.00,40.00
10978,10980,2703.32,66.00,53.00
10979,10981,1299.13,57.00,30.00
10980,10982,1683.63,63.00,37.00
10981,10983,2625.18,59.00,55.00
10982,10984,1453.08,57.00,34.00
10983,10985,856.78,47.00,27.00
10984,10986,5083.43,143.00,70.00
10985,10987,3490.22,75.00,59.00
10986,10988,3070.87,89.00,66.00
10987,10989,3005.43,65.00,61.00
10988,10990,1080.35,47.00,30.00
10989,10991,3748.72,85.00,83.00
10990,10992,3577.21,135.00,37.00
10991,10993,1318.24,70.00,29.00
10992,10994,5176.08,95.00,69.00
10993,10995,2649.44,75.00,60.00
10994,10996,910.25,47.00,26.00
10995,10997,3175.24,77.00,63.00
10996,10998,6388.04,213.00,52.00
10997,10999,2773.91,65.00,58.00
10998,11000,1157.22,42.00,36.00
10999,11001,778.06,43.00,30.00
11000,11002,559.92,27.00,25.00
11001,11003,659.32,31.00,28.00
11002,11004,1161.00,42.00,34.00
11003,11005,585.34,29.00,25.00
11004,11006,4470.83,83.00,63.00
11005,11007,1028.31,81.00,21.00
11006,11008,918.97,38.00,30.00
11007,11009,1063.54,52.00,28.00
11008,11010,1772.95,87.00,29.00
11009,11011,1392.01,62.00,29.00
11010,11012,664.62,36.00,23.00
11011,11013,472.42,29.00,21.00
11012,11014,563.95,32.00,22.00
11013,11015,6226.18,173.00,68.00
11014,11016,9040.98,218.00,78.00
11015,11017,2963.19,92.00,48.00
11016,11018,2220.30,86.00,36.00
11017,11019,3522.51,80.00,67.00
11018,11020,1799.81,76.00,45.00
11019,11021,848.32,42.00,26.00
11020,11022,5314.87,158.00,55.00
11021,11023,1029.62,51.00,30.00
11022,11024,1016.84,51.00,26.00
11023,11025,5931.08,162.00,66.00
11024,11026,1835.36,56.00,45.00
11025,11027,1546.31,53.00,39.00
11026,11028,2388.56,76.00,42.00
11027,11029,2231.14,67.00,51.00
11028,11030,2306.50,77.00,50.00
11029,11031,1418.71,54.00,36.00
11030,11032,2618.22,89.00,54.00
11031,11033,470.43,24.00,24.00
11032,11034,769.67,39.00,27.00
11033,11035,2568.02,73.00,63.00
11034,11036,2054.12,66.00,49.00
11035,11037,3063.01,108.00,40.00
11036,11038,1084.73,74.00,27.00
11037,11039,5878.45,236.00,50.00
11038,11040,795.34,46.00,28.00
11039,11041,2045.44,111.00,32.00
11040,11042,874.46,41.00,29.00
11041,11043,711.89,50.00,21.00
11042,11044,879.22,46.00,25.00
11043,11045,862.85,42.00,30.00
11044,11046,1016.75,47.00,34.00
11045,11047,2360.28,81.00,41.00
11046,11048,8621.73,168.00,74.00
11047,11049,2010.14,63.00,44.00
11048,11050,563.76,39.00,19.00
11049,11051,802.86,44.00,25.00
11050,11052,359.30,30.00,19.00
11051,11053,3840.88,113.00,66.00
11052,11054,840.49,39.00,28.00
11053,11055,1834.01,88.00,37.00
11054,11056,2458.39,97.00,46.00
11055,11057,1020.61,45.00,28.00
11056,11058,477.49,39.00,21.00
11057,11059,871.59,55.00,23.00
11058,11060,1305.91,65.00,29.00
11059,11061,2193.45,80.00,46.00
11060,11062,786.57,53.00,23.00
11061,11063,2896.65,102.00,51.00
11062,11064,3363.27,100.00,44.00
11063,11065,4858.85,185.00,62.00
11064,11066,1449.12,83.00,32.00
11065,11067,3078.60,148.00,40.00
11066,11068,3934.17,112.00,52.00
11067,11069,2260.38,81.00,51.00
11068,11070,986.36,60.00,24.00
11069,11071,1486.44,84.00,28.00
11070,11072,4143.97,132.00,53.00
11071,11073,1187.13,59.00,38.00
11072,11074,2392.66,91.00,39.00
11073,11075,4501.79,101.00,62.00
11074,11076,941.54,43.00,29.00
11075,11077,476.95,28.00,21.00
11076,11078,1527.94,70.00,39.00
11077,11079,782.02,33.00,27.00
11078,11080,526.74,27.00,23.00
11079,11081,700.17,41.00,23.00
11080,11082,3101.93,121.00,39.00
11081,11083,513.95,33.00,21.00
11082,11084,881.09,44.00,31.00
11083,11085,5144.18,150.00,68.00
11084,11086,825.40,37.00,27.00
11085,11087,1717.09,68.00,39.00
11086,11088,5668.26,125.00,69.00
11087,11089,3754.84,151.00,37.00
11088,11090,1543.00,79.00,31.00
11089,11091,1689.43,71.00,37.00
11090,11092,1520.41,69.00,34.00
11091,11093,882.49,53.00,26.00
11092,11094,4878.79,133.00,75.00
11093,11095,2258.77,78.00,45.00
11094,11096,2471.73,91.00,40.00
11095,11097,1788.86,63.00,36.00
11096,11098,1438.29,58.00,32.00
11097,11099,999.78,50.00,24.00
11098,11100,3334.01,108.00,52.00
11099,11101,1863.55,81.00,38.00
11100,11102,4509.78,129.00,53.00
11101,11103,4834.03,171.00,52.00
11102,11104,6589.80,165.00,86.00
11103,11105,2700.00,71.00,68.00
11104,11106,3355.82,131.00,51.00
11105,11107,2249.31,60.00,57.00
11106,11108,1847.61,90.00,34.00
11107,11109,4299.08,135.00,64.00
11108,11110,1784.37,102.00,30.00
11109,11111,1351.20,56.00,50.00
11110,11112,1247.03,53.00,32.00
11111,11113,2582.30,70.00,53.00
11112,11114,1344.61,68.00,28.00
11113,11115,2101.70,85.00,51.00
11114,11116,1758.29,85.00,37.00
11115,11117,708.45,32.00,30.00
11116,11118,1435.82,80.00,32.00
11117,11119,2247.81,110.00,39.00
11118,11120,704.22,34.00,27.00
11119,11121,588.14,35.00,25.00
11120,11122,655.62,38.00,23.00
11121,11123,1362.02,43.00,38.00
11122,11124,1632.88,61.00,43.00
11123,11125,3782.86,113.00,56.00
11124,11126,5181.42,165.00,68.00
11125,11127,3483.17,113.00,54.00
11126,11128,2502.48,117.00,41.00
11127,11129,713.37,45.00,21.00
11128,11130,1846.29,94.00,29.00
11129,11131,3225.51,87.00,52.00
11130,11132,1758.24,65.00,39.00
11131,11133,1616.70,71.00,34.00
11132,11134,1060.30,70.00,23.00
11133,11135,1164.13,53.00,36.00
11134,11136,3876.25,95.00,62.00
11135,11137,2773.66,114.00,40.00
11136,11138,2280.89,97.00,31.00
11137,11139,2282.02,87.00,38.00
11138,11140,7172.72,177.00,75.00
11139,11141,1670.01,90.00,28.00
11140,11142,904.84,38.00,31.00
11141,11143,654.11,32.00,26.00
11142,11144,2218.55,77.00,40.00
11143,11145,998.71,55.00,28.00
11144,11146,1404.37,59.00,36.00
11145,11147,4706.87,169.00,60.00
11146,11148,4655.52,113.00,83.00
11147,11149,962.52,44.00,27.00
11148,11150,687.50,41.00,22.00
11149,11151,1829.07,84.00,32.00
11150,11152,3249.84,124.00,42.00
11151,11153,585.86,37.00,21.00
11152,11154,3821.07,131.00,41.00
11153,11155,1249.50,78.00,28.00
11154,11156,1020.04,59.00,25.00
11155,11157,1951.25,69.00,40.00
11156,11158,2469.13,72.00,51.00
11157,11159,2199.33,82.00,40.00
11158,11160,1198.80,57.00,28.00
11159,11161,818.47,50.00,28.00
11160,11162,1311.06,73.00,33.00
11161,11163,636.58,32.00,24.00
11162,11164,1909.46,60.00,45.00
11163,11165,1984.56,67.00,44.00
11164,11166,5511.91,156.00,69.00
11165,11167,3889.91,217.00,59.00
11166,11168,1876.45,63.00,39.00
11167,11169,6095.53,140.00,61.00
11168,11170,1116.16,44.00,34.00
11169,11171,633.63,36.00,23.00
11170,11172,1106.86,53.00,27.00
11171,11173,2191.52,75.00,48.00
11172,11174,866.51,38.00,27.00
11173,11175,2354.37,71.00,51.00
11174,11176,1092.82,59.00,25.00
11175,11177,796.93,31.00,30.00
11176,11178,1525.11,46.00,39.00
11177,11179,1337.95,49.00,37.00
11178,11180,2788.67,85.00,65.00
11179,11181,1822.89,72.00,41.00
11180,11182,5307.20,229.00,42.00
11181,11183,2990.13,134.00,54.00
11182,11184,2184.53,101.00,32.00
11183,11185,5780.88,122.00,102.00
11184,11186,10101.65,187.00,88.00
11185,11187,3807.68,121.00,44.00
11186,11188,3583.01,108.00,59.00
11187,11189,9493.78,283.00,88.00
11188,11190,2378.50,75.00,44.00
11189,11191,11547.49,328.00,91.00
11190,11192,688.49,33.00,24.00
11191,11193,1832.88,66.00,42.00
11192,11194,2031.05,82.00,40.00
11193,11195,1240.90,44.00,36.00
11194,11196,1165.69,60.00,25.00
11195,11197,849.45,36.00,32.00
11196,11198,924.92,43.00,27.00
11197,11199,2385.13,79.00,45.00
11198,11200,11231.34,234.00,104.00
11199,11201,7802.04,248.00,57.00
11200,11202,2567.62,104.00,38.00
11201,11203,610.12,32.00,24.00
11202,11204,1893.36,65.00,36.00
11203,11205,958.63,52.00,27.00
11204,11206,971.95,43.00,33.00
11205,11207,923.29,56.00,26.00
11206,11208,2526.27,91.00,41.00
11207,11209,778.46,36.00,27.00
11208,11210,538.32,27.00,24.00
11209,11211,4729.36,100.00,74.00
11210,11212,1198.19,48.00,32.00
11211,11213,1579.39,55.00,36.00
11212,11214,3626.90,123.00,40.00
11213,11215,1970.08,98.00,29.00
11214,11216,894.91,47.00,30.00
11215,11217,914.54,43.00,32.00
11216,11218,2263.55,86.00,40.00
11217,11219,1005.07,52.00,26.00
11218,11220,587.63,33.00,26.00
11219,11221,1939.11,91.00,30.00
11220,11222,1305.51,51.00,32.00
11221,11223,1360.40,49.00,34.00
11222,11224,1731.37,79.00,35.00
11223,11225,1094.11,68.00,23.00
11224,11226,3180.14,128.00,49.00
11225,11227,2538.29,71.00,47.00
11226,11228,3752.45,90.00,69.00
11227,11229,1276.20,43.00,37.00
11228,11230,657.88,41.00,21.00
11229,11231,3821.52,100.00,55.00
11230,11232,4147.15,127.00,68.00
11231,11233,3473.78,141.00,60.00
11232,11234,3329.25,92.00,61.00
11233,11235,15828.92,201.00,101.00
11234,11236,3671.14,83.00,69.00
11235,11237,2303.87,73.00,45.00
11236,11238,5440.79,127.00,60.00
11237,11239,842.53,35.00,30.00
11238,11240,1736.53,69.00,42.00
11239,11241,3169.32,142.00,35.00
11240,11242,912.09,51.00,26.00
11241,11243,536.60,29.00,22.00
11242,11244,1496.03,46.00,44.00
11243,11245,2599.18,97.00,45.00
11244,11246,2161.45,79.00,37.00
11245,11247,1877.27,63.00,46.00
11246,11248,1564.83,81.00,28.00
11247,11249,1675.85,69.00,46.00
11248,11250,692.85,37.00,24.00
11249,11251,889.64,39.00,30.00
11250,11252,2003.36,84.00,32.00
11251,11253,1405.22,81.00,26.00
11252,11254,1357.38,64.00,25.00
11253,11255,1610.05,53.00,44.00
11254,11256,2357.14,59.00,53.00
11255,11257,2025.17,94.00,38.00
11256,11258,5547.37,134.00,52.00
11257,11259,3908.04,99.00,54.00
11258,11260,1314.27,70.00,28.00
11259,11261,1340.15,43.00,39.00
11260,11262,992.86,63.00,21.00
11261,11263,1048.45,50.00,26.00
11262,11264,1107.35,53.00,31.00
11263,11265,1737.30,88.00,26.00
11264,11266,1231.91,70.00,30.00
11265,11267,2494.27,92.00,49.00
11266,11268,1071.36,57.00,27.00
11267,11269,2111.90,71.00,40.00
11268,11270,3407.45,91.00,60.00
11269,11271,7701.24,139.00,73.00
11270,11272,2139.94,72.00,36.00
11271,11273,535.25,27.00,23.00
11272,11274,5379.01,125.00,85.00
11273,11275,2939.41,119.00,39.00
11274,11276,6800.50,129.00,76.00
11275,11277,2235.46,65.00,44.00
11276,11278,1720.06,52.00,42.00
11277,11279,879.22,38.00,29.00
11278,11280,2552.10,84.00,46.00
11279,11281,4090.75,94.00,66.00
11280,11282,2032.28,70.00,46.00
11281,11283,729.55,30.00,30.00
11282,11284,1751.58,60.00,37.00
11283,11285,1601.76,63.00,33.00
11284,11286,1016.28,46.00,29.00
11285,11287,2094.89,86.00,36.00
11286,11288,1487.79,68.00,34.00
11287,11289,882.53,52.00,26.00
11288,11290,3464.55,79.00,59.00
11289,11291,2277.03,63.00,60.00
11290,11292,1865.12,58.00,55.00
11291,11293,1064.50,94.00,19.00
11292,11294,1516.24,59.00,35.00
11293,11295,779.18,45.00,24.00
11294,11296,1726.06,84.00,26.00
11295,11297,8470.31,213.00,73.00
11296,11298,6490.58,130.00,91.00
11297,11299,1936.02,83.00,38.00
11298,11300,2492.86,92.00,42.00
11299,11301,2235.83,87.00,41.00
11300,11302,2225.42,90.00,35.00
11301,11303,2365.47,89.00,48.00
11302,11304,2094.64,69.00,43.00
11303,11305,1824.58,68.00,35.00
11304,11306,10475.56,131.00,101.00
11305,11307,1465.82,48.00,43.00
11306,11308,3619.64,73.00,72.00
11307,11309,2429.31,89.00,47.00
11308,11310,5021.91,130.00,64.00
11309,11311,2690.69,122.00,40.00
11310,11312,2223.72,87.00,36.00
11311,11313,3085.25,95.00,43.00
11312,11314,2333.48,100.00,40.00
11313,11315,1152.90,59.00,27.00
11314,11316,1497.44,52.00,38.00
11315,11317,5037.24,169.00,67.00
11316,11318,7341.11,276.00,67.00
11317,11319,1116.07,60.00,26.00
11318,11320,3245.29,90.00,54.00
11319,11321,4783.56,150.00,66.00
11320,11322,1413.77,74.00,31.00
11321,11323,1490.06,73.00,34.00
11322,11324,7100.33,127.00,76.00
11323,11325,4111.74,154.00,50.00
11324,11326,3748.23,92.00,64.00
11325,11327,5157.73,134.00,72.00
11326,11328,9869.51,211.00,94.00
11327,11329,3729.17,88.00,57.00
11328,11330,5241.74,101.00,93.00
11329,11331,5906.75,140.00,74.00
11330,11332,644.99,36.00,24.00
11331,11333,1189.72,53.00,31.00
11332,11334,484.44,34.00,22.00
11333,11335,1184.05,57.00,28.00
11334,11336,3542.87,102.00,48.00
11335,11337,1973.16,67.00,43.00
11336,11338,1201.90,53.00,30.00
11337,11339,2404.02,82.00,38.00
11338,11340,1146.02,42.00,36.00
11339,11341,1015.26,39.00,33.00
11340,11342,1629.21,71.00,34.00
11341,11343,505.09,26.00,23.00
11342,11344,962.55,46.00,27.00
11343,11345,1746.73,73.00,35.00
11344,11346,431.30,27.00,20.00
11345,11347,2120.23,75.00,42.00
11346,11348,853.55,33.00,32.00
11347,11349,2141.64,90.00,33.00
11348,11350,1302.91,62.00,26.00
11349,11351,1981.48,93.00,42.00
11350,11352,2008.19,85.00,38.00
11351,11353,972.81,44.00,32.00
11352,11354,1669.52,83.00,36.00
11353,11355,1910.26,84.00,36.00
11354,11356,1511.03,60.00,45.00
11355,11357,1418.47,61.00,30.00
11356,11358,927.91,44.00,25.00
11357,11359,992.21,39.00,29.00
11358,11360,1680.64,74.00,29.00
11359,11361,978.54,52.00,23.00
11360,11362,5242.71,113.00,65.00
11361,11363,1586.93,59.00,35.00
11362,11364,1230.38,40.00,36.00
11363,11365,797.33,35.00,28.00
11364,11366,746.54,45.00,26.00
11365,11367,2124.15,68.00,42.00
11366,11368,5997.09,113.00,69.00
11367,11369,997.09,49.00,27.00
11368,11370,3900.84,103.00,59.00
11369,11371,1016.28,53.00,28.00
11370,11372,1099.74,44.00,31.00
11371,11373,1048.64,51.00,27.00
11372,11374,724.74,42.00,27.00
11373,11375,739.13,44.00,23.00
11374,11376,1112.68,65.00,30.00
11375,11377,1476.39,70.00,30.00
11376,11378,1661.43,60.00,38.00
11377,11379,2762.47,107.00,39.00
11378,11380,1701.42,77.00,34.00
11379,11381,1089.07,44.00,33.00
11380,11382,1537.14,65.00,36.00
11381,11383,1436.98,56.00,33.00
11382,11384,2055.27,75.00,41.00
11383,11385,1515.67,58.00,36.00
11384,11386,759.78,44.00,23.00
11385,11387,3429.25,121.00,45.00
11386,11388,2076.68,90.00,34.00
11387,11389,1711.61,68.00,35.00
11388,11390,3194.71,96.00,52.00
11389,11391,1160.79,50.00,31.00
11390,11392,2871.75,114.00,37.00
11391,11393,6308.25,153.00,66.00
11392,11394,1288.81,66.00,30.00
11393,11395,1262.54,55.00,33.00
11394,11396,5225.17,171.00,60.00
11395,11397,5333.63,157.00,51.00
11396,11398,3078.40,156.00,33.00
11397,11399,1488.28,55.00,36.00
11398,11400,4376.20,138.00,60.00
11399,11401,3738.73,115.00,56.00
11400,11402,5418.88,109.00,74.00
11401,11403,1020.10,44.00,32.00
11402,11404,1535.43,66.00,36.00
11403,11405,1243.85,61.00,30.00
11404,11406,961.82,59.00,24.00
11405,11407,1029.50,54.00,30.00
11406,11408,4881.89,238.00,60.00
11407,11409,2622.44,81.00,46.00
11408,11410,1287.13,57.00,27.00
11409,11411,7040.44,131.00,84.00
11410,11412,2239.28,65.00,47.00
11411,11413,3312.29,99.00,48.00
11412,11414,2709.77,143.00,38.00
11413,11415,2727.94,102.00,41.00
11414,11416,908.56,44.00,28.00
11415,11417,2065.53,72.00,40.00
11416,11418,2383.02,86.00,44.00
11417,11419,974.86,53.00,26.00
11418,11420,3351.24,105.00,45.00
11419,11421,1391.40,60.00,34.00
11420,11422,1420.15,69.00,29.00
11421,11423,1663.33,70.00,32.00
11422,11424,2293.98,147.00,53.00
11423,11425,1634.50,69.00,36.00
11424,11426,1874.73,76.00,34.00
11425,11427,1335.78,63.00,29.00
11426,11428,1234.76,54.00,33.00
11427,11429,2285.20,83.00,38.00
11428,11430,3709.33,87.00,60.00
11429,11431,668.21,35.00,24.00
11430,11432,983.84,43.00,32.00
11431,11433,1056.32,50.00,32.00
11432,11434,1645.82,64.00,36.00
11433,11435,1226.60,47.00,35.00
11434,11436,1357.70,41.00,40.00
11435,11437,1262.03,45.00,35.00
11436,11438,1879.66,80.00,33.00
11437,11439,1281.31,54.00,32.00
11438,11440,1032.02,55.00,27.00
11439,11441,1124.15,60.00,26.00
11440,11442,713.85,38.00,24.00
11441,11443,8271.91,160.00,97.00
11442,11444,1513.11,84.00,29.00
11443,11445,3427.49,158.00,38.00
11444,11446,2772.42,90.00,44.00
11445,11447,1319.98,63.00,29.00
11446,11448,514.26,30.00,22.00
11447,11449,2973.35,123.00,44.00
11448,11450,6058.56,147.00,62.00
11449,11451,3540.81,83.00,62.00
11450,11452,3557.02,121.00,51.00
11451,11453,5904.61,227.00,46.00
11452,11454,3249.68,80.00,53.00
11453,11455,1996.08,70.00,45.00
11454,11456,5037.05,161.00,87.00
11455,11457,611.17,39.00,24.00
11456,11458,2443.20,112.00,33.00
11457,11459,1618.66,66.00,32.00
11458,11460,679.49,47.00,21.00
11459,11461,12268.36,339.00,89.00
11460,11462,1076.76,61.00,25.00
11461,11463,1189.61,41.00,35.00
11462,11464,638.97,31.00,27.00
11463,11465,1490.88,63.00,33.00
11464,11466,1222.26,53.00,30.00
11465,11467,507.06,25.00,25.00
11466,11468,771.24,35.00,27.00
11467,11469,860.44,35.00,30.00
11468,11470,1440.01,43.00,42.00
11469,11471,555.01,28.00,25.00
11470,11472,1347.99,65.00,35.00
11471,11473,951.07,59.00,22.00
11472,11474,6987.07,274.00,92.00
11473,11475,1154.09,79.00,30.00
11474,11476,1897.92,81.00,37.00
11475,11477,1475.06,64.00,31.00
11476,11478,3066.24,77.00,55.00
11477,11479,5847.74,144.00,69.00
11478,11480,5400.33,189.00,54.00
11479,11481,1090.32,59.00,27.00
11480,11482,4079.77,101.00,55.00
11481,11483,1358.07,67.00,34.00
11482,11484,1028.86,54.00,26.00
11483,11485,2717.68,94.00,46.00
11484,11486,1130.50,60.00,28.00
11485,11487,5823.73,155.00,108.00
11486,11488,4860.86,81.00,75.00
11487,11489,4214.92,89.00,62.00
11488,11490,11210.04,212.00,97.00
11489,11491,35482.82,360.00,159.00
11490,11492,11101.53,255.00,90.00
11491,11493,18900.02,264.00,122.00
11492,11494,2545.74,98.00,45.00
11493,11495,2096.23,88.00,36.00
11494,11496,2727.54,86.00,48.00
11495,11497,674.27,34.00,23.00
11496,11498,1072.14,44.00,29.00
11497,11499,1659.65,62.00,32.00
11498,11500,880.45,39.00,29.00
11499,11501,1007.80,52.00,27.00
11500,11502,705.37,36.00,27.00
11501,11503,1659.75,78.00,40.00
11502,11504,1263.84,67.00,28.00
11503,11505,1560.40,53.00,45.00
11504,11506,2489.83,78.00,50.00
11505,11507,1312.69,55.00,33.00
11506,11508,936.74,42.00,28.00
11507,11509,2473.85,70.00,45.00
11508,11510,827.91,51.00,24.00
11509,11511,850.39,47.00,30.00
11510,11512,1502.65,86.00,30.00
11511,11513,1606.77,79.00,36.00
11512,11514,1951.64,83.00,39.00
11513,11515,3209.36,136.00,42.00
11514,11516,1163.66,41.00,36.00
11515,11517,853.57,39.00,26.00
11516,11518,2166.04,103.00,30.00
11517,11519,1992.05,100.00,30.00
11518,11520,3005.17,98.00,46.00
11519,11521,1837.79,64.00,47.00
11520,11522,2149.57,78.00,39.00
11521,11523,1739.12,76.00,35.00
11522,11524,2068.46,55.00,51.00
11523,11525,2538.75,70.00,47.00
11524,11526,2019.83,90.00,34.00
11525,11527,737.85,45.00,22.00
11526,11528,1335.63,62.00,34.00
11527,11529,894.52,46.00,24.00
11528,11530,4955.12,134.00,60.00
11529,11531,1596.16,54.00,37.00
11530,11532,2514.74,76.00,48.00
11531,11533,3023.26,121.00,37.00
11532,11534,1732.66,57.00,48.00
11533,11535,2027.39,84.00,42.00
11534,11536,1321.36,54.00,33.00
11535,11537,881.44,46.00,26.00
11536,11538,4927.94,124.00,58.00
11537,11539,3114.03,90.00,48.00
11538,11540,2012.83,66.00,52.00
11539,11541,1929.01,83.00,36.00
11540,11542,3618.77,126.00,52.00
11541,11543,2125.81,84.00,42.00
11542,11544,965.72,47.00,29.00
11543,11545,1099.77,50.00,27.00
11544,11546,1412.21,47.00,40.00
11545,11547,1434.96,57.00,35.00
11546,11548,2221.61,86.00,36.00
11547,11549,1127.91,54.00,30.00
11548,11550,1363.93,49.00,34.00
11549,11551,2944.98,92.00,42.00
11550,11552,747.07,32.00,29.00
11551,11553,1521.73,48.00,42.00
11552,11554,1159.87,51.00,30.00
11553,11555,2625.01,81.00,45.00
11554,11556,2086.05,83.00,38.00
11555,11557,710.29,44.00,23.00
11556,11558,1077.14,49.00,30.00
11557,11559,2427.98,77.00,44.00
11558,11560,3262.50,76.00,68.00
11559,11561,905.13,44.00,28.00
11560,11562,1151.19,54.00,28.00
11561,11563,827.92,47.00,24.00
11562,11564,2411.84,82.00,49.00
11563,11565,1572.95,66.00,39.00
11564,11566,1928.95,92.00,37.00
11565,11567,1447.12,72.00,25.00
11566,11568,2737.11,88.00,44.00
11567,11569,1337.22,58.00,32.00
11568,11570,2940.98,91.00,49.00
11569,11571,2231.68,72.00,59.00
11570,11572,2964.30,64.00,58.00
11571,11573,2996.34,97.00,46.00
11572,11574,1488.11,57.00,33.00
11573,11575,2626.00,74.00,47.00
11574,11576,2917.81,64.00,60.00
11575,11577,1416.40,63.00,33.00
11576,11578,704.58,34.00,26.00
11577,11579,799.03,34.00,28.00
11578,11580,1067.30,57.00,25.00
11579,11581,663.44,38.00,22.00
11580,11582,695.81,33.00,27.00
11581,11583,607.49,28.00,27.00
11582,11584,1744.61,63.00,38.00
11583,11585,652.79,32.00,26.00
11584,11586,942.00,50.00,25.00
11585,11587,2530.05,83.00,43.00
11586,11588,1311.98,75.00,22.00
11587,11589,2168.62,79.00,40.00
11588,11590,1168.75,54.00,34.00
11589,11591,1584.07,65.00,37.00
11590,11592,2189.15,97.00,35.00
11591,11593,1453.58,46.00,40.00
11592,11594,2424.73,91.00,34.00
11593,11595,2288.98,72.00,55.00
11594,11596,2008.88,63.00,44.00
11595,11597,1985.31,71.00,40.00
11596,11598,2579.31,65.00,63.00
11597,11599,1036.13,39.00,33.00
11598,11600,1721.37,51.00,47.00
11599,11601,3023.53,100.00,50.00
11600,11602,883.16,50.00,26.00
11601,11603,6297.77,129.00,67.00
11602,11604,1019.20,47.00,26.00
11603,11605,1265.28,57.00,30.00
11604,11606,1727.16,57.00,36.00
11605,11607,2477.61,105.00,34.00
11606,11608,2365.99,62.00,56.00
11607,11609,1590.14,55.00,39.00
11608,11610,607.13,34.00,22.00
11609,11611,665.57,36.00,23.00
11610,11612,1637.31,75.00,35.00
11611,11613,2237.99,81.00,41.00
11612,11614,1329.12,46.00,41.00
11613,11615,1278.46,71.00,30.00
11614,11616,1288.71,42.00,41.00
11615,11617,1276.14,49.00,33.00
11616,11618,3058.38,88.00,56.00
11617,11619,2071.63,85.00,39.00
11618,11620,5335.33,98.00,72.00
11619,11621,559.99,34.00,23.00
11620,11622,443.34,24.00,22.00
11621,11623,917.17,37.00,33.00
11622,11624,1065.59,43.00,33.00
11623,11625,1728.64,54.00,46.00
11624,11626,685.81,31.00,26.00
11625,11627,1268.25,69.00,27.00
11626,11628,1614.05,55.00,40.00
11627,11629,656.00,30.00,26.00
11628,11630,325.32,26.00,18.00
11629,11631,627.74,32.00,24.00
11630,11632,678.01,35.00,25.00
11631,11633,1265.31,60.00,32.00
11632,11634,921.96,42.00,30.00
11633,11635,1059.19,48.00,30.00
11634,11636,1484.91,59.00,35.00
11635,11637,519.66,39.00,18.00
11636,11638,3199.75,62.00,61.00
11637,11639,691.56,33.00,28.00
11638,11640,1016.96,48.00,29.00
11639,11641,737.21,33.00,28.00
11640,11642,638.09,34.00,25.00
11641,11643,535.61,36.00,20.00
11642,11644,1191.32,44.00,40.00
11643,11645,1849.51,68.00,43.00
11644,11646,1569.39,75.00,34.00
11645,11647,1425.06,44.00,41.00
11646,11648,9583.95,162.00,131.00
11647,11649,2322.88,85.00,40.00
11648,11650,927.84,43.00,32.00
11649,11651,3875.38,138.00,48.00
11650,11652,2313.55,76.00,40.00
11651,11653,3800.42,113.00,50.00
11652,11654,1383.97,74.00,29.00
11653,11655,1037.67,67.00,28.00
11654,11656,779.60,33.00,31.00
11655,11657,1216.16,81.00,22.00
11656,11658,1400.12,65.00,29.00
11657,11659,1636.07,77.00,35.00
11658,11660,2360.33,90.00,37.00
11659,11661,3227.91,124.00,44.00
11660,11662,3757.42,132.00,45.00
11661,11663,1474.87,75.00,32.00
11662,11664,2561.86,114.00,36.00
11663,11665,2095.62,100.00,30.00
11664,11666,1178.55,60.00,25.00
11665,11667,1921.34,74.00,41.00
11666,11668,989.70,60.00,24.00
11667,11669,3150.56,130.00,50.00
11668,11670,2742.73,101.00,41.00
11669,11671,3997.24,168.00,40.00
11670,11672,2330.94,90.00,40.00
11671,11673,981.97,57.00,23.00
11672,11674,945.29,40.00,28.00
11673,11675,6409.80,154.00,60.00
11674,11676,1221.58,60.00,30.00
11675,11677,1694.26,108.00,26.00
11676,11678,4610.10,131.00,52.00
11677,11679,686.05,39.00,23.00
11678,11680,1122.27,39.00,34.00
11679,11681,1871.21,83.00,32.00
11680,11682,2604.84,105.00,43.00
11681,11683,2993.34,139.00,39.00
11682,11684,3217.74,146.00,44.00
11683,11685,3647.36,165.00,42.00
11684,11686,1475.14,77.00,33.00
11685,11687,2840.89,136.00,31.00
11686,11688,2863.94,158.00,34.00
11687,11689,1541.69,50.00,43.00
11688,11690,6988.55,269.00,45.00
11689,11691,951.41,53.00,25.00
11690,11692,4381.55,225.00,47.00
11691,11693,1489.15,55.00,38.00
11692,11694,451.79,30.00,21.00
11693,11695,3293.63,79.00,69.00
11694,11696,3193.40,81.00,64.00
11695,11697,3349.44,90.00,48.00
11696,11698,1106.00,47.00,35.00
11697,11699,1825.13,90.00,32.00
11698,11700,1973.69,133.00,24.00
11699,11701,1634.56,76.00,32.00
11700,11702,1074.33,42.00,35.00
11701,11703,927.35,43.00,27.00
11702,11704,447.01,26.00,21.00
11703,11705,758.81,32.00,28.00
11704,11706,440.21,24.00,22.00
11705,11707,1162.19,48.00,32.00
11706,11708,1509.80,62.00,32.00
11707,11709,4888.74,82.00,75.00
11708,11710,792.03,35.00,29.00
11709,11711,735.73,32.00,29.00
11710,11712,910.56,38.00,29.00
11711,11713,1066.59,47.00,29.00
11712,11714,1422.78,54.00,35.00
11713,11715,806.24,64.00,24.00
11714,11716,2927.57,86.00,55.00
11715,11717,2320.60,81.00,36.00
11716,11718,1361.39,46.00,41.00
11717,11719,1476.57,70.00,40.00
11718,11720,2960.39,81.00,48.00
11719,11721,1885.36,77.00,37.00
11720,11722,10202.58,232.00,68.00
11721,11723,13220.64,412.00,60.00
11722,11724,1049.57,39.00,32.00
11723,11725,561.18,31.00,25.00
11724,11726,552.28,29.00,26.00
11725,11727,682.80,30.00,27.00
11726,11728,993.39,55.00,26.00
11727,11729,3003.90,98.00,46.00
11728,11730,2686.10,113.00,36.00
11729,11731,1820.95,55.00,51.00
11730,11732,774.42,32.00,28.00
11731,11733,828.41,50.00,26.00
11732,11734,1068.01,74.00,21.00
11733,11735,2297.07,93.00,45.00
11734,11736,1994.36,61.00,43.00
11735,11737,1379.63,67.00,28.00
11736,11738,672.60,41.00,24.00
11737,11739,2026.37,92.00,34.00
11738,11740,1356.82,62.00,32.00
11739,11741,1809.79,97.00,39.00
11740,11742,2418.43,72.00,52.00
11741,11743,1966.72,68.00,47.00
11742,11744,1634.43,63.00,36.00
11743,11745,2160.48,92.00,32.00
11744,11746,8217.86,149.00,81.00
11745,11747,1253.18,59.00,32.00
11746,11748,1625.31,56.00,39.00
11747,11749,1701.37,76.00,36.00
11748,11750,2307.34,101.00,42.00
11749,11751,1204.50,45.00,40.00
11750,11752,1095.70,48.00,39.00
11751,11753,1476.28,68.00,28.00
11752,11754,2225.64,104.00,29.00
11753,11755,1423.18,66.00,30.00
11754,11756,1079.53,55.00,26.00
11755,11757,1425.22,51.00,34.00
11756,11758,1664.09,47.00,42.00
11757,11759,3988.85,117.00,58.00
11758,11760,3675.53,91.00,77.00
11759,11761,4740.02,141.00,52.00
11760,11762,6838.99,177.00,62.00
11761,11763,2258.41,76.00,46.00
11762,11764,4791.36,168.00,50.00
11763,11765,2323.44,94.00,50.00
11764,11766,16368.12,291.00,95.00
11765,11767,1508.66,87.00,34.00
11766,11768,2767.28,93.00,47.00
11767,11769,1349.03,71.00,31.00
11768,11770,2762.88,71.00,58.00
11769,11771,5766.86,160.00,53.00
11770,11772,1404.24,60.00,31.00
11771,11773,2413.55,104.00,37.00
11772,11774,2759.80,104.00,49.00
11773,11775,5499.13,177.00,53.00
11774,11776,10798.98,237.00,81.00
11775,11777,1719.19,71.00,40.00
11776,11778,5383.73,122.00,65.00
11777,11779,889.26,52.00,24.00
11778,11780,1756.24,85.00,31.00
11779,11781,4525.59,134.00,62.00
11780,11782,3249.58,176.00,34.00
11781,11783,1927.04,116.00,35.00
11782,11784,2853.50,73.00,57.00
11783,11785,1422.78,69.00,32.00
11784,11786,3287.26,139.00,40.00
11785,11787,2960.39,95.00,46.00
11786,11788,2219.82,85.00,34.00
11787,11789,566.69,33.00,21.00
11788,11790,4610.98,103.00,70.00
11789,11791,5962.53,208.00,61.00
11790,11792,1969.95,95.00,34.00
11791,11793,6675.14,172.00,86.00
11792,11794,1508.49,79.00,25.00
11793,11795,2489.49,92.00,42.00
11794,11796,2684.62,77.00,47.00
11795,11797,14495.47,164.00,129.00
11796,11798,1948.11,82.00,34.00
11797,11799,3214.55,80.00,55.00
11798,11800,2874.17,63.00,59.00
11799,11801,864.35,36.00,32.00
11800,11802,596.50,38.00,19.00
11801,11803,1403.51,61.00,29.00
11802,11804,1352.10,59.00,30.00
11803,11805,519.95,33.00,21.00
11804,11806,1099.86,48.00,32.00
11805,11807,1061.82,57.00,28.00
11806,11808,1159.76,58.00,28.00
11807,11809,952.05,35.00,33.00
11808,11810,1361.01,51.00,33.00
11809,11811,1467.49,80.00,31.00
11810,11812,591.14,32.00,23.00
11811,11813,2527.65,64.00,56.00
11812,11814,797.66,35.00,28.00
11813,11815,1021.65,68.00,24.00
11814,11816,999.81,63.00,21.00
11815,11817,810.43,44.00,24.00
11816,11818,561.95,27.00,26.00
11817,11819,745.39,42.00,23.00
11818,11820,730.00,31.00,27.00
11819,11821,685.90,33.00,27.00
11820,11822,1283.80,58.00,33.00
11821,11823,11406.25,161.00,104.00
11822,11824,1526.96,62.00,38.00
11823,11825,2507.58,92.00,47.00
11824,11826,1600.74,69.00,39.00
11825,11827,1756.62,89.00,28.00
11826,11828,499.09,37.00,20.00
11827,11829,831.45,56.00,21.00
11828,11830,4680.38,175.00,56.00
11829,11831,2601.03,68.00,65.00
11830,11832,3200.27,99.00,45.00
11831,11833,753.35,40.00,25.00
11832,11834,568.28,28.00,25.00
11833,11835,720.47,33.00,28.00
11834,11836,2616.04,89.00,47.00
11835,11837,1458.32,63.00,34.00
11836,11838,1593.30,63.00,34.00
11837,11839,1942.97,62.00,48.00
11838,11840,1142.60,50.00,36.00
11839,11841,764.68,48.00,24.00
11840,11842,958.89,61.00,26.00
11841,11843,1490.12,73.00,29.00
11842,11844,1507.03,46.00,43.00
11843,11845,2902.01,76.00,52.00
11844,11846,2038.32,76.00,42.00
11845,11847,1271.93,60.00,27.00
11846,11848,643.60,33.00,23.00
11847,11849,3432.26,123.00,42.00
11848,11850,3957.37,162.00,38.00
11849,11851,1123.41,68.00,22.00
11850,11852,4744.74,101.00,80.00
11851,11853,3543.27,118.00,48.00
11852,11854,1029.96,56.00,26.00
11853,11855,1001.72,54.00,25.00
11854,11856,614.63,36.00,23.00
11855,11857,1384.64,99.00,25.00
11856,11858,698.85,57.00,20.00
11857,11859,838.95,39.00,26.00
11858,11860,1042.28,60.00,27.00
11859,11861,666.78,32.00,28.00
11860,11862,632.50,31.00,26.00
11861,11863,614.76,30.00,26.00
11862,11864,2875.85,151.00,31.00
11863,11865,1184.75,50.00,32.00
11864,11866,1805.20,72.00,43.00
11865,11867,949.05,45.00,29.00
11866,11868,2286.12,77.00,46.00
11867,11869,1270.24,49.00,32.00
11868,11870,1319.97,68.00,35.00
11869,11871,856.60,52.00,24.00
11870,11872,2293.76,80.00,45.00
11871,11873,1958.58,88.00,36.00
11872,11874,2841.60,125.00,51.00
11873,11875,1484.77,93.00,28.00
11874,11876,1594.44,82.00,31.00
11875,11877,1108.49,60.00,30.00
11876,11878,2164.87,112.00,29.00
11877,11879,1268.55,59.00,31.00
11878,11880,1352.01,72.00,29.00
11879,11881,1844.17,73.00,33.00
11880,11882,1240.13,48.00,31.00
11881,11883,925.69,41.00,28.00
11882,11884,784.26,38.00,25.00
11883,11885,1691.68,84.00,30.00
11884,11886,1457.11,60.00,32.00
11885,11887,952.71,43.00,30.00
11886,11888,2232.01,75.00,43.00
11887,11889,1242.67,82.00,34.00
11888,11890,1545.95,47.00,47.00
11889,11891,1343.76,65.00,36.00
11890,11892,3341.30,136.00,56.00
11891,11893,1762.77,71.00,37.00
11892,11894,3375.86,130.00,40.00
11893,11895,3429.05,102.00,71.00
11894,11896,2475.15,79.00,48.00
11895,11897,1698.44,81.00,37.00
11896,11898,3856.44,141.00,44.00
11897,11899,1870.44,73.00,44.00
11898,11900,1988.68,66.00,49.00
11899,11901,6673.98,124.00,78.00
11900,11902,2708.54,114.00,42.00
11901,11903,1233.37,60.00,32.00
11902,11904,3719.59,92.00,63.00
11903,11905,1767.55,65.00,42.00
11904,11906,2829.27,110.00,42.00
11905,11907,809.74,35.00,32.00
11906,11908,635.61,33.00,26.00
11907,11909,1979.36,90.00,29.00
11908,11910,2353.35,93.00,35.00
11909,11911,1785.85,82.00,39.00
11910,11912,1803.62,55.00,43.00
11911,11913,775.36,42.00,25.00
11912,11914,2416.79,76.00,46.00
11913,11915,408.35,27.00,19.00
11914,11916,1628.57,79.00,27.00
11915,11917,3883.00,117.00,52.00
11916,11918,2436.97,96.00,39.00
11917,11919,4149.82,86.00,59.00
11918,11920,6485.29,96.00,94.00
11919,11921,3285.13,98.00,48.00
11920,11922,3871.94,129.00,63.00
11921,11923,1687.64,79.00,34.00
11922,11924,1195.48,54.00,40.00
11923,11925,1867.45,101.00,31.00
11924,11926,2110.14,74.00,43.00
11925,11927,2693.77,105.00,34.00
11926,11928,1469.84,72.00,28.00
11927,11929,1024.80,52.00,26.00
11928,11930,847.64,41.00,25.00
11929,11931,2553.94,84.00,57.00
11930,11932,1230.88,50.00,35.00
11931,11933,1188.96,52.00,31.00
11932,11934,1522.87,72.00,33.00
11933,11935,2153.64,106.00,28.00
11934,11936,2239.33,88.00,42.00
11935,11937,2835.38,88.00,53.00
11936,11938,1270.80,42.00,39.00
11937,11939,2464.90,67.00,64.00
11938,11940,5116.99,150.00,71.00
11939,11941,2402.02,84.00,50.00
11940,11942,8478.03,180.00,70.00
11941,11943,4371.94,126.00,63.00
11942,11944,1405.52,64.00,36.00
11943,11945,4497.57,226.00,39.00
11944,11946,9521.99,197.00,69.00
11945,11947,5345.54,128.00,67.00
11946,11948,1816.26,70.00,43.00
11947,11949,4948.29,132.00,68.00
11948,11950,5143.18,140.00,57.00
11949,11951,1380.21,71.00,35.00
11950,11952,16960.26,270.00,107.00
11951,11953,3868.00,143.00,44.00
11952,11954,2066.09,86.00,39.00
11953,11955,1561.74,69.00,30.00
11954,11956,3091.84,128.00,39.00
11955,11957,1185.06,51.00,30.00
11956,11958,938.73,39.00,27.00
11957,11959,721.21,30.00,29.00
11958,11960,1793.59,82.00,31.00
11959,11961,1165.84,50.00,31.00
11960,11962,1283.20,51.00,32.00
11961,11963,1472.29,75.00,38.00
11962,11964,2815.73,88.00,39.00
11963,11965,2579.47,70.00,49.00
11964,11966,725.47,32.00,29.00
11965,11967,785.20,37.00,28.00
11966,11968,1559.81,57.00,42.00
11967,11969,862.70,51.00,26.00
11968,11970,2596.93,107.00,37.00
11969,11971,1365.86,65.00,31.00
11970,11972,725.50,38.00,27.00
11971,11973,1572.34,69.00,34.00
11972,11974,1234.45,46.00,44.00
11973,11975,1789.37,59.00,42.00
11974,11976,4980.30,106.00,69.00
11975,11977,1045.77,44.00,29.00
11976,11978,1170.29,75.00,25.00
11977,11979,6268.91,145.00,71.00
11978,11980,1892.93,84.00,37.00
11979,11981,2301.12,71.00,44.00
11980,11982,1612.70,65.00,35.00
11981,11983,1193.19,52.00,33.00
11982,11984,1366.52,58.00,29.00
11983,11985,9343.94,165.00,91.00
11984,11986,1206.17,85.00,29.00
11985,11987,1371.33,71.00,29.00
11986,11988,1687.45,75.00,39.00
11987,11989,1693.41,52.00,42.00
11988,11990,1392.95,58.00,30.00
11989,11991,2731.29,84.00,46.00
11990,11992,1952.89,77.00,39.00
11991,11993,2640.73,68.00,52.00
11992,11994,887.04,42.00,28.00
11993,11995,1296.77,48.00,37.00
11994,11996,1031.44,63.00,26.00
11995,11997,1652.04,81.00,27.00
11996,11998,1323.16,91.00,25.00
11997,11999,581.76,39.00,24.00
11998,12000,1070.31,57.00,31.00
11999,12001,849.06,53.00,22.00
12000,12002,693.36,38.00,26.00
12001,12003,1291.90,68.00,33.00
12002,12004,1569.40,51.00,43.00
12003,12005,995.12,48.00,31.00
12004,12006,1578.92,68.00,35.00
12005,12007,5554.05,152.00,55.00
12006,12008,1506.95,73.00,33.00
12007,12009,3271.24,179.00,40.00
12008,12010,1550.25,71.00,39.00
12009,12011,2486.88,58.00,53.00
12010,12012,2254.82,89.00,44.00
12011,12013,1658.55,85.00,27.00
12012,12014,1721.82,79.00,33.00
12013,12015,1867.38,67.00,40.00
12014,12016,1442.37,62.00,32.00
12015,12017,971.86,46.00,30.00
12016,12018,2682.05,144.00,29.00
12017,12019,1542.77,92.00,30.00
12018,12020,3536.41,102.00,51.00
12019,12021,2722.25,105.00,38.00
12020,12022,1062.74,38.00,34.00
12021,12023,2645.59,61.00,53.00
12022,12024,1901.25,81.00,40.00
12023,12025,1033.77,57.00,27.00
12024,12026,946.72,45.00,31.00
12025,12027,1201.89,50.00,34.00
12026,12028,1070.03,57.00,24.00
12027,12029,1327.86,44.00,38.00
12028,12030,1749.88,76.00,40.00
12029,12031,2822.24,100.00,41.00
12030,12032,1342.93,57.00,32.00
12031,12033,2004.10,52.00,48.00
12032,12034,1415.61,55.00,37.00
12033,12035,1615.69,61.00,37.00
12034,12036,1552.16,72.00,33.00
12035,12037,967.12,46.00,28.00
12036,12038,1708.95,75.00,35.00
12037,12039,877.58,39.00,29.00
12038,12040,1357.75,65.00,30.00
12039,12041,1228.20,68.00,28.00
12040,12042,833.59,43.00,27.00
12041,12043,2312.90,60.00,52.00
12042,12044,1144.44,51.00,30.00
12043,12045,2298.96,97.00,35.00
12044,12046,528.17,40.00,22.00
12045,12047,3094.08,107.00,46.00
12046,12048,7532.14,211.00,57.00
12047,12049,1160.98,61.00,26.00
12048,12050,2244.45,81.00,37.00
12049,12051,2442.85,84.00,40.00
12050,12052,1068.64,49.00,27.00
12051,12053,2852.22,122.00,39.00
12052,12054,1732.87,79.00,35.00
12053,12055,5738.92,201.00,55.00
12054,12056,6640.37,153.00,62.00
12055,12057,6167.18,160.00,56.00
12056,12058,2015.84,61.00,38.00
12057,12059,2183.79,54.00,52.00
12058,12060,23311.87,475.00,95.00
12059,12061,35872.70,645.00,142.00
12060,12062,1800.39,58.00,40.00
12061,12063,2631.29,91.00,62.00
12062,12064,3791.15,129.00,46.00
12063,12065,2175.37,79.00,41.00
12064,12066,1019.65,54.00,28.00
12065,12067,1008.19,41.00,33.00
12066,12068,632.53,31.00,27.00
12067,12069,5413.54,132.00,71.00
12068,12070,1767.48,60.00,41.00
12069,12071,2399.22,143.00,33.00
12070,12072,741.69,35.00,29.00
12071,12073,1493.26,89.00,34.00
12072,12074,1197.69,43.00,38.00
12073,12075,562.53,29.00,23.00
12074,12076,1419.41,56.00,37.00
12075,12077,881.89,56.00,25.00
12076,12078,801.82,46.00,26.00
12077,12079,1510.10,61.00,36.00
12078,12080,1560.25,89.00,27.00
12079,12081,2066.27,87.00,35.00
12080,12082,2739.85,122.00,37.00
12081,12083,1040.77,44.00,36.00
12082,12084,610.09,35.00,23.00
12083,12085,1071.90,52.00,29.00
12084,12086,8380.79,159.00,74.00
12085,12087,2692.63,84.00,53.00
12086,12088,1602.47,50.00,49.00
12087,12089,4153.38,143.00,62.00
12088,12090,1110.15,49.00,29.00
12089,12091,548.32,27.00,24.00
12090,12092,1044.92,49.00,29.00
12091,12093,2625.08,71.00,57.00
12092,12094,1996.93,55.00,53.00
12093,12095,1192.86,55.00,31.00
12094,12096,1475.32,69.00,30.00
12095,12097,1293.35,60.00,33.00
12096,12098,1086.84,62.00,23.00
12097,12099,1078.20,48.00,34.00
12098,12100,2239.68,74.00,40.00
12099,12101,1984.76,87.00,33.00
12100,12102,1163.11,47.00,33.00
12101,12103,1193.53,64.00,30.00
12102,12104,980.61,55.00,25.00
12103,12105,3844.30,90.00,59.00
12104,12106,941.17,51.00,25.00
12105,12107,3238.68,98.00,46.00
12106,12108,1349.68,45.00,43.00
12107,12109,2595.36,63.00,57.00
12108,12110,5290.54,94.00,74.00
12109,12111,3739.84,81.00,66.00
12110,12112,1601.57,72.00,37.00
12111,12113,1141.71,53.00,36.00
12112,12114,2020.12,85.00,41.00
12113,12115,2068.92,76.00,45.00
12114,12116,2824.35,96.00,41.00
12115,12117,2365.49,78.00,50.00
12116,12118,4154.48,110.00,55.00
12117,12119,2452.80,81.00,47.00
12118,12120,871.86,51.00,25.00
12119,12121,1588.30,65.00,36.00
12120,12122,1438.85,74.00,26.00
12121,12123,1535.75,66.00,35.00
12122,12124,1985.68,101.00,31.00
12123,12125,1716.39,85.00,41.00
12124,12126,3331.94,151.00,45.00
12125,12127,2006.59,60.00,41.00
12126,12128,594.50,32.00,24.00
12127,12129,1479.54,57.00,32.00
12128,12130,989.68,55.00,24.00
12129,12131,1105.38,52.00,32.00
12130,12132,1209.88,60.00,32.00
12131,12133,1732.30,68.00,42.00
12132,12134,3372.62,156.00,36.00
12133,12135,892.58,38.00,28.00
12134,12136,1563.63,57.00,36.00
12135,12137,2882.66,64.00,58.00
12136,12138,2462.76,80.00,47.00
12137,12139,1676.20,60.00,39.00
12138,12140,2540.55,107.00,33.00
12139,12141,1310.17,61.00,30.00
12140,12142,2176.00,86.00,41.00
12141,12143,926.53,37.00,35.00
12142,12144,2732.27,100.00,38.00
12143,12145,1518.60,66.00,36.00
12144,12146,1461.47,58.00,34.00
12145,12147,2580.05,112.00,43.00
12146,12148,1471.79,65.00,38.00
12147,12149,1524.26,67.00,30.00
12148,12150,3014.99,103.00,42.00
12149,12151,2164.71,88.00,36.00
12150,12152,4061.12,208.00,30.00
12151,12153,1940.27,57.00,46.00
12152,12154,1710.80,75.00,34.00
12153,12155,1482.75,65.00,34.00
12154,12156,4783.50,147.00,54.00
12155,12157,1066.00,45.00,28.00
12156,12158,666.84,40.00,21.00
12157,12159,1271.84,74.00,31.00
12158,12160,3152.38,130.00,39.00
12159,12161,1082.91,48.00,30.00
12160,12162,3229.19,150.00,43.00
12161,12163,5517.70,144.00,46.00
12162,12164,959.54,53.00,25.00
12163,12165,5547.54,149.00,74.00
12164,12166,1309.75,44.00,39.00
12165,12167,1532.66,52.00,39.00
12166,12168,1830.81,66.00,35.00
12167,12169,3588.75,132.00,40.00
12168,12170,1390.68,48.00,33.00
12169,12171,2380.47,85.00,50.00
12170,12172,3104.00,76.00,52.00
12171,12173,3894.28,106.00,46.00
12172,12174,2755.66,94.00,41.00
12173,12175,2155.21,78.00,41.00
12174,12176,1893.03,92.00,38.00
12175,12177,4224.44,117.00,56.00
12176,12178,3487.84,90.00,64.00
12177,12179,1009.50,43.00,30.00
12178,12180,908.13,47.00,25.00
12179,12181,4046.04,109.00,58.00
12180,12182,1630.01,72.00,32.00
12181,12183,1543.51,54.00,35.00
12182,12184,1439.59,59.00,31.00
12183,12185,2619.06,67.00,57.00
12184,12186,3126.55,107.00,45.00
12185,12187,1776.28,74.00,31.00
12186,12188,1909.21,73.00,36.00
12187,12189,1493.96,55.00,39.00
12188,12190,3064.74,109.00,46.00
12189,12191,5053.87,147.00,55.00
12190,12192,9672.02,177.00,77.00
12191,12193,1501.16,71.00,29.00
12192,12194,1426.60,65.00,31.00
12193,12195,1027.38,38.00,35.00
12194,12196,3907.72,141.00,46.00
12195,12197,1315.79,78.00,27.00
12196,12198,1232.46,61.00,24.00
12197,12199,1105.55,69.00,26.00
12198,12200,3191.47,91.00,57.00
12199,12201,5179.39,201.00,46.00
12200,12202,1280.61,57.00,31.00
12201,12203,1366.99,57.00,37.00
12202,12204,2271.56,95.00,51.00
12203,12205,4524.15,155.00,48.00
12204,12206,960.14,45.00,28.00
12205,12207,1146.44,55.00,37.00
12206,12208,1544.48,52.00,41.00
12207,12209,2136.59,58.00,56.00
12208,12210,932.93,43.00,27.00
12209,12211,1128.77,40.00,36.00
12210,12212,1212.88,76.00,28.00
12211,12213,1765.39,105.00,27.00
12212,12214,1805.75,80.00,43.00
12213,12215,1481.43,54.00,35.00
12214,12216,2169.68,95.00,34.00
12215,12217,2415.83,74.00,48.00
12216,12218,2583.21,89.00,51.00
12217,12219,2792.14,87.00,52.00
12218,12220,1164.20,61.00,27.00
12219,12221,1213.79,52.00,31.00
12220,12222,964.13,58.00,24.00
12221,12223,1325.04,60.00,29.00
12222,12224,1942.20,77.00,41.00
12223,12225,1306.65,60.00,32.00
12224,12226,4124.15,187.00,42.00
12225,12227,1107.62,54.00,28.00
12226,12228,20005.68,294.00,110.00
12227,12229,3500.03,100.00,49.00
12228,12230,6604.40,149.00,81.00
12229,12231,3283.43,97.00,56.00
12230,12232,2708.17,87.00,49.00
12231,12233,5098.41,128.00,54.00
12232,12234,1750.15,93.00,28.00
12233,12235,1514.68,60.00,40.00
12234,12236,1060.57,43.00,32.00
12235,12237,1145.54,51.00,30.00
12236,12238,1854.01,107.00,30.00
12237,12239,1880.42,68.00,34.00
12238,12240,2123.71,86.00,41.00
12239,12241,925.06,44.00,31.00
12240,12242,3262.48,101.00,43.00
12241,12243,3096.34,146.00,48.00
12242,12244,2087.37,64.00,45.00
12243,12245,2831.51,87.00,47.00
12244,12246,2869.98,86.00,54.00
12245,12247,2152.79,58.00,51.00
12246,12248,889.28,47.00,28.00
12247,12249,3883.45,105.00,75.00
12248,12250,1421.11,61.00,33.00
12249,12251,1256.20,57.00,32.00
12250,12252,2120.44,74.00,40.00
12251,12253,3677.81,74.00,65.00
12252,12254,3510.10,124.00,52.00
12253,12255,2973.93,101.00,43.00
12254,12256,9662.12,138.00,102.00
12255,12257,1011.37,55.00,27.00
12256,12258,1267.01,58.00,28.00
12257,12259,2024.96,65.00,44.00
12258,12260,733.66,43.00,25.00
12259,12261,813.01,49.00,23.00
12260,12262,1080.96,46.00,30.00
12261,12263,2371.63,135.00,37.00
12262,12264,3420.02,124.00,54.00
12263,12265,1841.34,104.00,30.00
12264,12266,2193.37,62.00,50.00
12265,12267,2901.65,159.00,39.00
12266,12268,962.73,63.00,22.00
12267,12269,823.89,58.00,24.00
12268,12270,348.58,32.00,15.00
12269,12271,800.59,37.00,29.00
12270,12272,862.36,42.00,27.00
12271,12273,1183.78,56.00,29.00
12272,12274,953.86,45.00,27.00
12273,12275,607.97,30.00,25.00
12274,12276,938.43,36.00,34.00
12275,12277,3398.95,88.00,50.00
12276,12278,960.41,35.00,35.00
12277,12279,750.33,44.00,26.00
12278,12280,3642.35,119.00,47.00
12279,12281,2042.15,99.00,30.00
12280,12282,1286.86,50.00,37.00
12281,12283,992.77,41.00,31.00
12282,12284,1133.51,47.00,32.00
12283,12285,1694.31,66.00,34.00
12284,12286,661.77,38.00,22.00
12285,12287,531.75,27.00,25.00
12286,12288,536.25,30.00,22.00
12287,12289,481.95,33.00,20.00
12288,12290,3519.24,128.00,50.00
12289,12291,2198.16,79.00,44.00
12290,12292,2545.95,100.00,37.00
12291,12293,684.89,37.00,26.00
12292,12294,1358.10,46.00,41.00
12293,12295,747.81,43.00,25.00
12294,12296,603.91,35.00,23.00
12295,12297,1398.06,54.00,34.00
12296,12298,1515.24,67.00,32.00
12297,12299,1391.46,63.00,33.00
12298,12300,960.90,52.00,33.00
12299,12301,1460.23,70.00,30.00
12300,12302,1522.24,66.00,29.00
12301,12303,3049.00,106.00,44.00
12302,12304,1869.27,84.00,37.00
12303,12305,1033.17,50.00,32.00
12304,12306,1387.18,64.00,33.00
12305,12307,2153.57,85.00,41.00
12306,12308,1224.27,63.00,29.00
12307,12309,813.86,42.00,26.00
12308,12310,1178.95,62.00,27.00
12309,12311,1272.08,74.00,39.00
12310,12312,1575.48,77.00,33.00
12311,12313,1287.51,62.00,32.00
12312,12314,1149.13,56.00,31.00
12313,12315,1190.70,65.00,31.00
12314,12316,887.58,45.00,25.00
12315,12317,1334.18,44.00,37.00
12316,12318,1806.50,62.00,41.00
12317,12319,1814.76,87.00,30.00
12318,12320,1328.64,81.00,29.00
12319,12321,1217.71,68.00,29.00
12320,12322,1121.54,52.00,29.00
12321,12323,1431.56,81.00,28.00
12322,12324,2829.23,107.00,49.00
12323,12325,714.68,48.00,21.00
12324,12326,776.46,36.00,26.00
12325,12327,3744.88,114.00,60.00
12326,12328,2962.35,107.00,46.00
12327,12329,1095.21,66.00,25.00
12328,12330,1858.09,91.00,37.00
12329,12331,982.53,47.00,30.00
12330,12332,841.39,56.00,20.00
12331,12333,1165.01,65.00,32.00
12332,12334,1580.40,69.00,34.00
12333,12335,1966.48,85.00,31.00
12334,12336,2331.62,76.00,54.00
12335,12337,5079.25,128.00,61.00
12336,12338,1776.79,62.00,45.00
12337,12339,1673.44,62.00,38.00
12338,12340,913.21,37.00,32.00
12339,12341,1767.53,85.00,31.00
12340,12342,1539.62,66.00,30.00
12341,12343,796.15,51.00,24.00
12342,12344,949.25,55.00,27.00
12343,12345,1376.38,55.00,36.00
12344,12346,2458.97,68.00,58.00
12345,12347,1035.94,47.00,28.00
12346,12348,1014.35,63.00,32.00
12347,12349,4963.94,181.00,46.00
12348,12350,1167.37,50.00,30.00
12349,12351,4997.75,152.00,69.00
12350,12352,3287.97,106.00,48.00
12351,12353,1312.32,52.00,31.00
12352,12354,2734.59,81.00,45.00
12353,12355,4243.37,125.00,52.00
12354,12356,1854.10,69.00,42.00
12355,12357,919.34,41.00,31.00
12356,12358,1844.08,57.00,42.00
12357,12359,1529.72,84.00,29.00
12358,12360,1131.82,53.00,33.00
12359,12361,2892.60,104.00,48.00
12360,12362,1371.78,55.00,34.00
12361,12363,529.41,34.00,20.00
12362,12364,845.66,44.00,26.00
12363,12365,3141.66,87.00,50.00
12364,12366,1112.33,39.00,38.00
12365,12367,4516.74,156.00,51.00
12366,12368,3432.30,138.00,38.00
12367,12369,1294.57,57.00,39.00
12368,12370,1419.36,73.00,34.00
12369,12371,1224.46,56.00,34.00
12370,12372,1434.61,57.00,32.00
12371,12373,2304.84,61.00,53.00
12372,12374,1047.13,54.00,32.00
12373,12375,1810.72,57.00,47.00
12374,12376,1797.42,71.00,38.00
12375,12377,839.22,54.00,24.00
12376,12378,1025.06,51.00,30.00
12377,12379,1216.33,50.00,36.00
12378,12380,683.87,33.00,26.00
12379,12381,772.80,62.00,23.00
12380,12382,918.68,44.00,26.00
12381,12383,1245.23,56.00,29.00
12382,12384,766.54,33.00,30.00
12383,12385,1248.52,65.00,28.00
12384,12386,1808.73,88.00,27.00
12385,12387,784.73,39.00,26.00
12386,12388,1187.73,60.00,32.00
12387,12389,942.81,49.00,25.00
12388,12390,1341.66,47.00,39.00
12389,12391,1460.46,44.00,40.00
12390,12392,1370.91,54.00,34.00
12391,12393,1861.38,74.00,35.00
12392,12394,4405.42,142.00,51.00
12393,12395,1064.08,58.00,26.00
12394,12396,1534.09,56.00,40.00
12395,12397,1490.35,72.00,30.00
12396,12398,1088.78,42.00,34.00
12397,12399,3033.82,114.00,42.00
12398,12400,2573.58,61.00,57.00
12399,12401,2075.31,92.00,35.00
12400,12402,2853.70,102.00,38.00
12401,12403,1941.29,95.00,30.00
12402,12404,2107.31,92.00,38.00
12403,12405,772.13,41.00,25.00
12404,12406,897.30,35.00,33.00
12405,12407,1717.57,61.00,41.00
12406,12408,2794.82,103.00,43.00
12407,12409,2265.36,96.00,44.00
12408,12410,2498.03,103.00,36.00
12409,12411,973.27,42.00,27.00
12410,12412,2376.67,118.00,28.00
12411,12413,923.44,36.00,34.00
12412,12414,1352.19,54.00,36.00
12413,12415,1039.00,48.00,27.00
12414,12416,1644.81,51.00,39.00
12415,12417,1314.65,57.00,37.00
12416,12418,3326.94,109.00,51.00
12417,12419,3603.89,88.00,64.00
12418,12420,1287.53,50.00,38.00
12419,12421,1867.57,69.00,36.00
12420,12422,915.12,48.00,26.00
12421,12423,1303.98,44.00,41.00
12422,12424,829.58,39.00,28.00
12423,12425,1217.44,48.00,33.00
12424,12426,937.52,43.00,28.00
12425,12427,3701.16,89.00,68.00
12426,12428,973.03,40.00,31.00
12427,12429,1481.41,76.00,28.00
12428,12430,1848.81,54.00,46.00
12429,12431,792.48,46.00,25.00
12430,12432,1660.09,93.00,32.00
12431,12433,815.77,45.00,24.00
12432,12434,2026.10,92.00,38.00
12433,12435,736.48,43.00,24.00
12434,12436,932.02,52.00,24.00
12435,12437,818.94,42.00,25.00
12436,12438,1003.27,54.00,24.00
12437,12439,1143.97,41.00,39.00
12438,12440,1433.42,65.00,32.00
12439,12441,964.69,37.00,36.00
12440,12442,3014.48,95.00,47.00
12441,12443,3000.93,68.00,63.00
12442,12444,1425.81,49.00,37.00
12443,12445,7874.84,196.00,77.00
12444,12446,874.27,51.00,27.00
12445,12447,2854.20,83.00,44.00
12446,12448,1542.77,59.00,35.00
12447,12449,1545.44,61.00,34.00
12448,12450,758.75,45.00,22.00
12449,12451,1542.52,56.00,40.00
12450,12452,883.79,40.00,28.00
12451,12453,893.50,39.00,28.00
12452,12454,2701.49,91.00,43.00
12453,12455,2152.33,100.00,37.00
12454,12456,1214.18,45.00,34.00
12455,12457,1591.94,82.00,25.00
12456,12458,493.37,28.00,22.00
12457,12459,561.96,27.00,25.00
12458,12460,1260.60,53.00,32.00
12459,12461,678.07,34.00,25.00
12460,12462,607.46,28.00,27.00
12461,12463,1617.43,54.00,36.00
12462,12464,3212.46,94.00,54.00
12463,12465,896.38,35.00,32.00
12464,12466,906.57,37.00,30.00
12465,12467,5694.68,121.00,77.00
12466,12468,2978.02,132.00,46.00
12467,12469,600.93,30.00,25.00
12468,12470,568.76,39.00,20.00
12469,12471,2419.59,89.00,50.00
12470,12472,551.04,27.00,24.00
12471,12473,764.87,51.00,24.00
12472,12474,1108.40,43.00,32.00
12473,12475,3132.85,79.00,62.00
12474,12476,2281.04,103.00,34.00
12475,12477,7809.71,177.00,67.00
12476,12478,1559.73,50.00,39.00
12477,12479,889.28,44.00,26.00
12478,12480,743.47,46.00,23.00
12479,12481,851.82,54.00,22.00
12480,12482,4839.93,135.00,68.00
12481,12483,793.83,47.00,26.00
12482,12484,2051.05,67.00,51.00
12483,12485,6413.66,173.00,75.00
12484,12486,1664.08,59.00,43.00
12485,12487,2333.65,97.00,39.00
12486,12488,7635.18,194.00,78.00
12487,12489,7112.21,279.00,58.00
12488,12490,1457.76,58.00,37.00
12489,12491,26915.31,460.00,168.00
12490,12492,1161.94,42.00,34.00
12491,12493,4619.06,133.00,63.00
12492,12494,978.14,37.00,34.00
12493,12495,1407.15,52.00,39.00
12494,12496,1058.58,48.00,29.00
12495,12497,584.58,37.00,22.00
12496,12498,1437.65,58.00,35.00
12497,12499,2128.87,112.00,29.00
12498,12500,873.97,33.00,31.00
12499,12501,757.62,33.00,28.00
12500,12502,943.17,42.00,30.00
12501,12503,1985.40,94.00,33.00
12502,12504,886.59,35.00,31.00
12503,12505,2347.32,97.00,36.00
12504,12506,1827.00,115.00,29.00
12505,12507,1019.11,45.00,33.00
12506,12508,1854.77,80.00,28.00
12507,12509,1764.76,90.00,40.00
12508,12510,989.69,49.00,26.00
12509,12511,2184.50,71.00,42.00
12510,12512,1966.72,52.00,46.00
12511,12513,741.57,44.00,22.00
12512,12514,533.21,46.00,19.00
12513,12515,677.91,35.00,26.00
12514,12516,2176.02,99.00,39.00
12515,12517,1905.74,113.00,26.00
12516,12518,2337.14,86.00,48.00
12517,12519,1030.79,40.00,32.00
12518,12520,1306.87,61.00,33.00
12519,12521,953.99,53.00,27.00
12520,12522,1040.42,64.00,27.00
12521,12523,1295.11,66.00,31.00
12522,12524,981.23,46.00,30.00
12523,12525,1544.69,75.00,24.00
12524,12526,811.23,44.00,26.00
12525,12527,2844.96,74.00,63.00
12526,12528,1446.54,78.00,31.00
12527,12529,1254.00,58.00,30.00
12528,12530,3701.73,118.00,61.00
12529,12531,5823.02,101.00,73.00
12530,12532,1282.21,60.00,30.00
12531,12533,2458.92,65.00,58.00
12532,12534,1744.21,85.00,26.00
12533,12535,7941.47,169.00,70.00
12534,12536,810.32,46.00,27.00
12535,12537,1325.25,71.00,31.00
12536,12538,926.46,39.00,30.00
12537,12539,874.46,43.00,28.00
12538,12540,656.17,32.00,25.00
12539,12541,1522.11,57.00,37.00
12540,12542,4864.13,85.00,73.00
12541,12543,1767.41,66.00,43.00
12542,12544,1482.95,60.00,35.00
12543,12545,1812.16,111.00,31.00
12544,12546,4518.42,131.00,58.00
12545,12547,1326.57,66.00,27.00
12546,12548,3222.65,66.00,65.00
12547,12549,2592.21,117.00,56.00
12548,12550,5433.59,174.00,57.00
12549,12551,1951.27,73.00,44.00
12550,12552,1849.65,70.00,36.00
12551,12553,1006.26,57.00,26.00
12552,12554,2246.34,54.00,51.00
12553,12555,2534.23,59.00,55.00
12554,12556,1292.65,65.00,27.00
12555,12557,1118.37,46.00,31.00
12556,12558,1438.29,63.00,31.00
12557,12559,11704.71,236.00,91.00
12558,12560,738.45,40.00,27.00
12559,12561,768.70,32.00,30.00
12560,12562,1895.77,106.00,34.00
12561,12563,10213.79,256.00,69.00
12562,12564,8132.17,203.00,87.00
12563,12565,6880.52,188.00,57.00
12564,12566,3453.85,157.00,42.00
12565,12567,11585.53,204.00,87.00
12566,12568,2199.13,53.00,49.00
12567,12569,5134.86,120.00,62.00
12568,12570,2420.88,64.00,47.00
12569,12571,2587.62,73.00,46.00
12570,12572,980.69,50.00,26.00
12571,12573,702.95,29.00,29.00
12572,12574,1507.72,54.00,42.00
12573,12575,2518.06,83.00,42.00
12574,12576,1561.72,52.00,38.00
12575,12577,2127.64,64.00,42.00
12576,12578,2073.38,70.00,40.00
12577,12579,720.31,46.00,20.00
12578,12580,550.98,29.00,24.00
12579,12581,1483.51,62.00,33.00
12580,12582,391.31,42.00,15.00
12581,12583,1322.32,69.00,29.00
12582,12584,404.73,46.00,12.00
12583,12585,354.79,46.00,12.00
12584,12586,210.92,40.00,7.00
12585,12587,12354.05,193.00,91.00
12586,12588,1600.69,79.00,30.00
12587,12589,9623.56,180.00,72.00
12588,12590,1718.76,107.00,36.00
12589,12591,2416.97,137.00,49.00
12590,12592,3393.09,109.00,45.00
12591,12593,1711.43,120.00,22.00
12592,12594,13111.61,176.00,104.00
12593,12595,20511.32,347.00,122.00
12594,12596,18052.35,440.00,63.00
12595,12597,14631.64,199.00,98.00
12596,12598,6174.17,226.00,40.00
12597,12599,15294.86,285.00,97.00
12598,12600,1469.24,71.00,28.00
12599,12601,816.54,34.00,30.00
12600,12602,858.86,39.00,28.00
12601,12603,3462.01,158.00,31.00
12602,12604,4055.21,158.00,45.00
12603,12605,1681.77,80.00,28.00
12604,12606,19749.00,415.00,69.00
12605,12607,1453.96,46.00,40.00
12606,12608,9383.39,377.00,50.00
12607,12609,16143.82,385.00,69.00
12608,12610,4813.15,94.00,92.00
12609,12611,1141.52,43.00,35.00
12610,12612,3186.84,76.00,58.00
12611,12613,371.26,30.00,18.00
12612,12614,478.52,53.00,14.00
12613,12615,787.71,45.00,26.00
12614,12616,713.47,54.00,22.00
12615,12617,2074.13,98.00,32.00
12616,12618,790.42,59.00,20.00
12617,12619,672.52,46.00,23.00
12618,12620,965.68,66.00,20.00
12619,12621,686.10,51.00,22.00
12620,12622,752.79,32.00,29.00
12621,12623,1589.93,98.00,23.00
12622,12624,1721.20,124.00,24.00
12623,12625,1186.37,67.00,29.00
12624,12626,886.61,47.00,25.00
12625,12627,1571.49,67.00,29.00
12626,12628,1215.72,46.00,34.00
12627,12629,1327.28,81.00,27.00
12628,12630,677.92,59.00,14.00
12629,12631,1361.14,64.00,28.00
12630,12632,1049.66,59.00,29.00
12631,12633,822.90,36.00,29.00
12632,12634,628.92,30.00,26.00
12633,12635,969.14,55.00,23.00
12634,12636,1436.89,83.00,27.00
12635,12637,1151.37,45.00,32.00
12636,12638,506.45,40.00,17.00
12637,12639,1453.43,46.00,39.00
12638,12640,769.95,45.00,20.00
12639,12641,568.61,33.00,23.00
12640,12642,431.73,40.00,17.00
12641,12643,456.86,41.00,15.00
12642,12644,579.37,30.00,24.00
12643,12645,539.17,30.00,26.00
12644,12646,391.64,28.00,18.00
12645,12647,526.78,41.00,16.00
12646,12648,406.02,31.00,17.00
12647,12649,367.33,23.00,20.00
12648,12650,407.56,31.00,17.00
12649,12651,452.80,28.00,20.00
12650,12652,365.67,35.00,15.00
12651,12653,278.71,28.00,14.00
12652,12654,524.68,64.00,13.00
12653,12655,454.21,37.00,18.00
12654,12656,3658.61,96.00,60.00
12655,12657,1167.00,66.00,25.00
12656,12658,404.97,29.00,19.00
12657,12659,205.39,33.00,9.00
12658,12660,650.65,40.00,23.00
12659,12661,802.61,45.00,26.00
12660,12662,1019.05,125.00,16.00
12661,12663,1181.93,77.00,24.00
12662,12664,1283.12,49.00,39.00
12663,12665,1464.07,98.00,28.00
12664,12666,806.81,42.00,26.00
12665,12667,1204.98,102.00,16.00
12666,12668,441.38,31.00,19.00
12667,12669,468.11,47.00,12.00
12668,12670,502.66,30.00,21.00
12669,12671,831.89,51.00,23.00
12670,12672,301.06,29.00,14.00
12671,12673,752.49,45.00,34.00
12672,12674,363.58,42.00,11.00
12673,12675,63.41,10.00,8.00
12674,12676,334.87,39.00,12.00
12675,12677,4088.99,155.00,51.00
12676,12678,2130.78,175.00,28.00
12677,12679,1904.06,68.00,52.00
12678,12680,159.82,30.00,9.00
12679,12681,1054.50,127.00,16.00
12680,12682,967.51,93.00,14.00
12681,12683,884.07,84.00,14.00
12682,12684,466.22,28.00,22.00
12683,12685,1609.42,66.00,33.00
12684,12686,2139.78,54.00,49.00
12685,12687,4169.24,124.00,42.00
12686,12688,2145.32,104.00,25.00
12687,12689,1055.75,39.00,33.00
12688,12690,488.32,40.00,26.00
12689,12691,656.86,47.00,19.00
12690,12692,938.49,47.00,27.00
12691,12693,391.14,37.00,15.00
12692,12694,376.39,32.00,15.00
12693,12695,672.38,63.00,21.00
12694,12696,745.40,37.00,26.00
12695,12697,459.06,41.00,15.00
12696,12698,530.03,38.00,18.00
12697,12699,507.71,43.00,16.00
12698,12700,1320.53,106.00,17.00
12699,12701,3431.94,122.00,57.00
12700,12702,5170.01,306.00,66.00
12701,12703,320.27,40.00,10.00
12702,12704,232.66,30.00,11.00
12703,12705,1762.95,95.00,24.00
12704,12706,651.55,79.00,11.00
12705,12707,1396.08,93.00,18.00
12706,12708,690.46,64.00,21.00
12707,12709,596.59,76.00,11.00
12708,12710,645.67,106.00,15.00
12709,12711,2298.94,105.00,36.00
12710,12712,894.35,84.00,20.00
12711,12713,1370.97,132.00,31.00
12712,12714,2635.85,61.00,53.00
12713,12715,1149.82,49.00,30.00
12714,12716,6708.49,126.00,85.00
12715,12717,3839.86,181.00,43.00
12716,12718,1053.60,67.00,20.00
12717,12719,740.40,50.00,19.00
12718,12720,686.79,34.00,23.00
12719,12721,853.64,45.00,23.00
12720,12722,1488.42,86.00,28.00
12721,12723,244.47,46.00,11.00
12722,12724,1646.78,77.00,54.00
12723,12725,583.02,63.00,15.00
12724,12726,577.49,51.00,17.00
12725,12727,684.13,58.00,23.00
12726,12728,4656.06,130.00,53.00
12727,12729,1137.98,66.00,26.00
12728,12730,1218.02,44.00,34.00
12729,12731,627.07,45.00,16.00
12730,12732,1180.05,44.00,33.00
12731,12733,2894.48,67.00,53.00
12732,12734,1545.31,62.00,30.00
12733,12735,1065.21,62.00,24.00
12734,12736,761.98,49.00,24.00
12735,12737,2121.73,69.00,69.00
12736,12738,3108.67,70.00,64.00
12737,12739,533.17,41.00,16.00
12738,12740,6505.18,188.00,60.00
12739,12741,3136.75,149.00,36.00
12740,12742,678.67,62.00,18.00
12741,12743,3869.55,90.00,84.00
12742,12744,2348.91,78.00,40.00
12743,12745,3349.62,80.00,67.00
12744,12746,1308.33,63.00,30.00
12745,12747,338.35,22.00,20.00
12746,12748,421.73,41.00,15.00
12747,12749,880.37,80.00,23.00
12748,12750,465.63,32.00,18.00
12749,12751,1841.74,140.00,40.00
12750,12752,687.01,34.00,32.00
12751,12753,397.15,38.00,13.00
12752,12754,497.93,61.00,12.00
12753,12755,3438.84,132.00,39.00
12754,12756,1826.40,71.00,33.00
12755,12757,1361.77,59.00,32.00
12756,12758,1009.25,71.00,21.00
12757,12759,992.14,141.00,11.00
12758,12760,1043.25,57.00,29.00
12759,12761,1228.70,55.00,31.00
12760,12762,1106.22,80.00,21.00
12761,12763,1325.50,42.00,40.00
12762,12764,773.58,37.00,33.00
12763,12765,2175.62,76.00,38.00
12764,12766,849.91,58.00,18.00
12765,12767,2017.81,73.00,38.00
12766,12768,1972.08,54.00,48.00
12767,12769,5650.85,103.00,72.00
12768,12770,1262.70,63.00,24.00
12769,12771,2079.81,79.00,34.00
12770,12772,898.38,92.00,18.00
12771,12773,911.99,55.00,22.00
12772,12774,1815.53,111.00,33.00
12773,12775,955.73,79.00,20.00
12774,12776,569.22,38.00,19.00
12775,12777,425.83,39.00,14.00
12776,12778,6095.22,189.00,51.00
12777,12779,4751.30,176.00,56.00
12778,12780,1316.73,44.00,41.00
12779,12781,1045.43,72.00,28.00
12780,12782,1243.97,113.00,18.00
12781,12783,747.65,54.00,19.00
12782,12784,491.04,42.00,17.00
12783,12785,893.85,35.00,31.00
12784,12786,509.61,39.00,17.00
12785,12787,624.89,49.00,17.00
12786,12788,757.95,70.00,15.00
12787,12789,1300.25,71.00,24.00
12788,12790,619.91,71.00,13.00
12789,12791,3177.56,102.00,49.00
12790,12792,2198.92,112.00,38.00
12791,12793,456.53,45.00,16.00
12792,12794,1359.74,169.00,22.00
12793,12795,1018.68,57.00,24.00
12794,12796,749.00,50.00,22.00
12795,12797,897.76,77.00,20.00
12796,12798,1484.79,123.00,18.00
12797,12799,4219.65,112.00,62.00
12798,12800,2479.17,76.00,39.00
12799,12801,573.04,50.00,17.00
12800,12802,1595.06,437.00,46.00
12801,12803,2988.31,68.00,67.00
12802,12804,726.77,60.00,20.00
12803,12805,1123.59,59.00,22.00
12804,12806,743.18,66.00,21.00
12805,12807,1824.86,85.00,31.00
12806,12808,2064.10,72.00,41.00
12807,12809,1928.31,51.00,47.00
12808,12810,641.05,76.00,16.00
12809,12811,670.56,62.00,15.00
12810,12812,1448.92,52.00,38.00
12811,12813,1004.84,56.00,25.00
12812,12814,1429.41,86.00,24.00
12813,12815,5030.85,107.00,97.00
12814,12816,446.52,37.00,17.00
12815,12817,195.57,28.00,9.00
12816,12818,441.20,56.00,15.00
12817,12819,564.02,49.00,21.00
12818,12820,626.50,51.00,16.00
12819,12821,1379.17,78.00,28.00
12820,12822,213.75,39.00,9.00
12821,12823,783.86,96.00,17.00
12822,12824,578.26,33.00,21.00
12823,12825,774.68,37.00,28.00
12824,12826,734.17,56.00,38.00
12825,12827,906.19,63.00,20.00
12826,12828,1311.55,77.00,23.00
12827,12829,1836.69,79.00,29.00
12828,12830,2604.60,152.00,40.00
12829,12831,1935.63,54.00,46.00
12830,12832,993.23,45.00,29.00
12831,12833,446.39,29.00,18.00
12832,12834,1687.27,63.00,34.00
12833,12835,1026.91,65.00,22.00
12834,12836,1061.68,86.00,16.00
12835,12837,93.92,13.00,9.00
12836,12838,1684.48,104.00,26.00
12837,12839,1474.52,62.00,34.00
12838,12840,394.39,36.00,15.00
12839,12841,483.56,34.00,19.00
12840,12842,402.82,32.00,18.00
12841,12843,735.64,52.00,21.00
12842,12844,527.91,50.00,15.00
12843,12845,637.45,48.00,22.00
12844,12846,360.40,32.00,18.00
12845,12847,313.87,27.00,18.00
12846,12848,440.63,30.00,19.00
12847,12849,479.28,38.00,17.00
12848,12850,3921.20,192.00,40.00
12849,12851,626.63,64.00,15.00
12850,12852,1281.97,119.00,20.00
12851,12853,579.85,32.00,24.00
12852,12854,2948.56,94.00,57.00
12853,12855,315.68,31.00,13.00
12854,12856,582.08,58.00,15.00
12855,12857,866.94,56.00,21.00
12856,12858,1553.79,63.00,39.00
12857,12859,706.92,37.00,24.00
12858,12860,976.29,41.00,32.00
12859,12861,2539.28,115.00,27.00
12860,12862,807.13,81.00,15.00
12861,12863,82.79,17.00,6.00
12862,12864,246.08,30.00,10.00
12863,12865,1605.61,80.00,32.00
12864,12866,416.81,38.00,15.00
12865,12867,209.47,24.00,12.00
12866,12868,1176.30,64.00,33.00
12867,12869,466.97,48.00,20.00
12868,12870,368.70,41.00,16.00
12869,12871,418.80,42.00,13.00
12870,12872,359.05,44.00,12.00
12871,12873,551.94,78.00,9.00
12872,12874,1410.49,112.00,24.00
12873,12875,383.92,32.00,17.00
12874,12876,213.30,37.00,8.00
12875,12877,698.26,47.00,20.00
12876,12878,105.32,30.00,6.00
12877,12879,150.77,18.00,10.00
12878,12880,126.42,30.00,8.00
12879,12881,235.43,32.00,10.00
12880,12882,81.45,12.00,8.00
12881,12883,814.22,59.00,20.00
12882,12884,70.58,14.00,6.00
12883,12885,179.65,36.00,9.00
12884,12886,338.05,29.00,15.00
12885,12887,452.70,30.00,21.00
12886,12888,648.45,30.00,28.00
12887,12889,1178.29,68.00,28.00
12888,12890,378.99,41.00,13.00
12889,12891,946.66,97.00,16.00
12890,12892,2132.95,209.00,38.00
12891,12893,783.44,42.00,24.00
12892,12894,522.50,37.00,17.00
12893,12895,560.92,67.00,16.00
12894,12896,2044.90,97.00,45.00
12895,12897,1092.79,48.00,26.00
12896,12898,598.27,31.00,26.00
12897,12899,2348.97,93.00,69.00
12898,12900,627.48,75.00,12.00
12899,12901,482.47,36.00,17.00
12900,12902,499.57,36.00,18.00
12901,12903,408.45,32.00,18.00
12902,12904,481.43,44.00,12.00
12903,12905,284.40,38.00,12.00
12904,12906,895.40,49.00,26.00
12905,12907,199.40,24.00,13.00
12906,12908,497.72,29.00,22.00
12907,12909,900.91,1235.00,38.00
12908,12910,67.58,10.00,9.00
12909,12911,405.06,41.00,14.00
12910,12912,184.41,19.00,12.00
12911,12913,907.67,104.00,19.00
12912,12914,271.00,36.00,10.00
12913,12915,337.14,51.00,10.00
12914,12916,1894.14,79.00,33.00
12915,12917,742.76,34.00,27.00
12916,12918,963.91,38.00,33.00
12917,12919,770.89,39.00,29.00
12918,12920,275.90,39.00,10.00
12919,12921,225.70,24.00,15.00
12920,12922,920.17,45.00,25.00
12921,12923,456.34,27.00,21.00
12922,12924,1117.82,76.00,20.00
12923,12925,894.71,46.00,26.00
12924,12926,4931.52,82.00,78.00
12925,12927,7734.24,112.00,81.00
12926,12928,1142.63,120.00,12.00
12927,12929,1358.89,64.00,30.00
12928,12930,9416.67,131.00,98.00
12929,12931,1508.99,54.00,35.00
12930,12932,3789.20,108.00,59.00
12931,12933,2946.89,88.00,40.00
12932,12934,3620.62,116.00,45.00
12933,12935,9507.61,146.00,99.00
12934,12936,5308.39,92.00,73.00
12935,12937,473.77,34.00,18.00
12936,12938,841.90,46.00,24.00
12937,12939,735.40,50.00,21.00
12938,12940,2971.12,78.00,54.00
12939,12941,3777.82,102.00,56.00
12940,12942,1477.32,50.00,37.00
12941,12943,2467.12,135.00,29.00
12942,12944,690.77,33.00,26.00
12943,12945,2186.47,134.00,35.00
12944,12946,291.88,22.00,17.00
12945,12947,483.48,26.00,24.00
12946,12948,744.16,36.00,25.00
12947,12949,3171.52,101.00,42.00
12948,12950,837.69,32.00,32.00
12949,12951,3063.72,75.00,52.00
12950,12952,629.48,38.00,22.00
12951,12953,430.64,34.00,18.00
12952,12954,1950.81,101.00,30.00
12953,12955,824.01,40.00,30.00
12954,12956,371.25,24.00,19.00
12955,12957,880.52,50.00,23.00
12956,12958,2098.67,85.00,35.00
12957,12959,810.42,43.00,23.00
12958,12960,1613.96,55.00,39.00
12959,12961,10796.29,132.00,112.00
12960,12962,2783.93,99.00,38.00
12961,12963,867.72,46.00,26.00
12962,12964,756.82,51.00,19.00
12963,12965,8531.32,187.00,61.00
12964,12966,2392.63,78.00,42.00
12965,12967,1002.08,43.00,33.00
12966,12968,2881.80,69.00,53.00
12967,12969,1991.21,80.00,30.00
12968,12970,1788.11,99.00,25.00
12969,12971,524.42,34.00,19.00
12970,12972,618.87,50.00,17.00
12971,12973,977.92,52.00,24.00
12972,12974,2317.94,75.00,40.00
12973,12975,788.64,38.00,29.00
12974,12976,2601.87,80.00,40.00
12975,12977,2079.28,52.00,51.00
12976,12978,739.76,39.00,24.00
12977,12979,954.80,62.00,24.00
12978,12980,1003.12,49.00,26.00
12979,12981,1489.83,50.00,41.00
12980,12982,2343.58,77.00,39.00
12981,12983,856.11,70.00,15.00
12982,12984,17007.34,289.00,108.00
12983,12985,10705.95,143.00,96.00
12984,12986,467.34,55.00,16.00
12985,12987,520.46,52.00,16.00
12986,12988,238.49,18.00,17.00
12987,12989,124.05,18.00,10.00
12988,12990,367.28,43.00,12.00
12989,12991,324.09,31.00,14.00
12990,12992,1092.10,77.00,19.00
12991,12993,545.56,43.00,16.00
12992,12994,795.42,32.00,32.00
12993,12995,447.87,24.00,23.00
12994,12996,241.45,18.00,17.00
12995,12997,273.12,30.00,14.00
12996,12998,1077.44,46.00,31.00
12997,12999,1032.58,50.00,33.00
12998,13000,2093.56,62.00,47.00
12999,13001,2332.68,302.00,43.00
13000,13002,1422.83,309.00,41.00
13001,13003,557.72,29.00,29.00
13002,13004,1329.46,53.00,31.00
13003,13005,993.26,61.00,27.00
13004,13006,917.35,53.00,22.00
13005,13007,1180.19,51.00,31.00
13006,13008,906.00,63.00,21.00
13007,13009,863.62,37.00,30.00
13008,13010,579.12,29.00,25.00
13009,13011,1900.16,119.00,68.00
13010,13012,439.39,39.00,15.00
13011,13013,515.69,36.00,18.00
13012,13014,1635.89,108.00,21.00
13013,13015,1305.17,63.00,29.00
13014,13016,5769.37,83.00,81.00
13015,13017,1798.48,82.00,33.00
13016,13018,4153.05,108.00,54.00
13017,13019,2179.34,89.00,33.00
13018,13020,4801.54,99.00,65.00
13019,13021,910.38,36.00,33.00
13020,13022,362.19,25.00,17.00
13021,13023,474.19,37.00,19.00
13022,13024,800.60,37.00,28.00
13023,13025,860.38,34.00,33.00
13024,13026,553.06,42.00,19.00
13025,13027,689.29,77.00,13.00
13026,13028,955.63,66.00,24.00
13027,13029,1310.94,62.00,32.00
13028,13030,523.45,52.00,16.00
13029,13031,6141.19,123.00,81.00
13030,13032,1764.31,73.00,30.00
13031,13033,5392.63,128.00,61.00
13032,13034,5348.00,203.00,49.00
13033,13035,17763.05,281.00,147.00
13034,13036,11894.71,231.00,122.00
13035,13037,1071.93,59.00,25.00
13036,13038,579.97,30.00,24.00
13037,13039,10748.43,129.00,106.00
13038,13040,2277.32,314.00,56.00
13039,13041,1002.11,56.00,27.00
13040,13042,818.98,52.00,22.00
13041,13043,2867.68,100.00,41.00
13042,13044,1181.97,54.00,30.00
13043,13045,10899.39,256.00,117.00
13044,13046,5876.38,94.00,79.00
13045,13047,727.97,45.00,22.00
13046,13048,1107.86,76.00,19.00
13047,13049,821.58,34.00,30.00
13048,13050,4654.81,125.00,81.00
13049,13051,1078.52,53.00,28.00
13050,13052,1617.05,50.00,42.00
13051,13053,336.46,28.00,17.00
13052,13054,1236.92,52.00,30.00
13053,13055,1100.26,53.00,27.00
13054,13056,480.49,42.00,14.00
13055,13057,326.93,27.00,15.00
13056,13058,6874.23,165.00,79.00
13057,13059,757.34,406.00,32.00
13058,13060,1400.65,142.00,20.00
13059,13061,1342.93,50.00,46.00
13060,13062,4041.54,539.00,82.00
13061,13063,1097.85,39.00,34.00
13062,13064,523.98,28.00,23.00
13063,13065,155.46,43.00,10.00
13064,13066,535.46,40.00,17.00
13065,13067,1122.00,103.00,26.00
13066,13068,1030.82,99.00,25.00
13067,13069,790.85,77.00,33.00
13068,13070,711.95,53.00,19.00
13069,13071,2634.05,113.00,45.00
13070,13072,598.34,32.00,25.00
13071,13073,1013.28,62.00,22.00
13072,13074,370.47,53.00,11.00
13073,13075,9266.44,180.00,106.00
13074,13076,463.86,43.00,15.00
13075,13077,316.02,43.00,12.00
13076,13078,1013.50,56.00,30.00
13077,13079,660.52,62.00,17.00
13078,13080,241.97,27.00,11.00
13079,13081,471.92,35.00,22.00
13080,13082,488.88,24.00,24.00
13081,13083,390.90,38.00,15.00
13082,13084,281.03,27.00,18.00
13083,13085,418.58,42.00,17.00
13084,13086,477.81,35.00,22.00
13085,13087,347.79,30.00,15.00
13086,13088,1570.89,65.00,33.00
13087,13089,2546.32,103.00,40.00
13088,13090,1792.96,49.00,48.00
13089,13091,2198.78,86.00,33.00
13090,13092,1073.31,59.00,25.00
13091,13093,1310.75,88.00,20.00
13092,13094,723.80,56.00,23.00
13093,13095,2504.49,152.00,26.00
13094,13096,1148.78,40.00,36.00
13095,13097,1073.10,81.00,19.00
13096,13098,863.43,45.00,26.00
13097,13099,1240.07,92.00,28.00
13098,13100,2926.42,152.00,48.00
13099,13101,470.80,43.00,15.00
13100,13102,488.89,26.00,25.00
13101,13103,2704.05,76.00,65.00
13102,13104,992.75,64.00,19.00
13103,13105,86.24,19.00,8.00
13104,13106,2497.74,71.00,46.00
13105,13107,921.99,71.00,21.00
13106,13108,2167.30,77.00,39.00
13107,13109,901.97,64.00,23.00
13108,13110,1256.77,44.00,36.00
13109,13111,8804.59,161.00,67.00
13110,13112,1358.54,61.00,28.00
13111,13113,1240.82,44.00,35.00
13112,13114,1883.87,55.00,41.00
13113,13115,1096.71,57.00,25.00
13114,13116,887.49,47.00,25.00
13115,13117,2497.50,76.00,42.00
13116,13118,1294.11,48.00,33.00
13117,13119,1099.73,57.00,25.00
13118,13120,3182.88,143.00,42.00
13119,13121,1140.39,53.00,28.00
13120,13122,683.98,40.00,24.00
13121,13123,777.02,53.00,19.00
13122,13124,648.63,35.00,25.00
13123,13125,801.54,41.00,24.00
13124,13126,745.50,47.00,21.00
13125,13127,1122.02,59.00,28.00
13126,13128,2043.16,81.00,34.00
13127,13129,329.11,22.00,21.00
13128,13130,406.42,24.00,22.00
13129,13131,2680.07,117.00,33.00
13130,13132,265.48,18.00,18.00
13131,13133,1760.65,64.00,40.00
13132,13134,1515.92,61.00,33.00
13133,13135,292.86,28.00,14.00
13134,13136,828.10,60.00,19.00
13135,13137,779.93,46.00,24.00
13136,13138,7730.18,206.00,63.00
13137,13139,549.38,38.00,17.00
13138,13140,2167.63,68.00,42.00
13139,13141,386.50,33.00,15.00
13140,13142,1309.03,62.00,31.00
13141,13143,343.36,26.00,17.00
13142,13144,314.04,22.00,17.00
13143,13145,541.52,28.00,25.00
13144,13146,1164.04,57.00,26.00
13145,13147,3221.24,86.00,51.00
13146,13148,598.58,38.00,19.00
13147,13149,1235.91,95.00,21.00
13148,13150,1281.56,59.00,29.00
13149,13151,1701.03,82.00,28.00
13150,13152,1044.48,43.00,31.00
13151,13153,545.60,40.00,20.00
13152,13154,904.14,58.00,21.00
13153,13155,489.05,47.00,14.00
13154,13156,489.05,27.00,22.00
13155,13157,413.45,30.00,17.00
13156,13158,680.26,36.00,25.00
13157,13159,903.91,74.00,18.00
13158,13160,2351.83,100.00,34.00
13159,13161,560.47,28.00,25.00
13160,13162,889.49,47.00,25.00
13161,13163,641.82,35.00,24.00
13162,13164,1268.21,46.00,36.00
13163,13165,530.61,30.00,22.00
13164,13166,198.71,27.00,10.00
13165,13167,450.66,44.00,15.00
13166,13168,5070.35,139.00,74.00
13167,13169,792.91,43.00,27.00
13168,13170,656.71,42.00,20.00
13169,13171,447.00,25.00,22.00
13170,13172,339.42,28.00,15.00
13171,13173,207.06,22.00,11.00
13172,13174,98.76,17.00,8.00
13173,13175,16308.47,223.00,112.00
13174,13176,1241.46,57.00,33.00
13175,13177,1139.47,55.00,27.00
13176,13178,3829.67,354.00,67.00
13177,13179,536.88,33.00,21.00
13178,13180,588.89,34.00,24.00
13179,13181,785.23,48.00,22.00
13180,13182,2012.30,86.00,41.00
13181,13183,1047.28,47.00,32.00
13182,13184,615.98,42.00,19.00
13183,13185,1003.93,42.00,32.00
13184,13186,2244.15,66.00,53.00
13185,13187,2639.76,112.00,39.00
13186,13188,493.03,29.00,21.00
13187,13189,18482.59,952.00,237.00
13188,13190,2887.40,126.00,65.00
13189,13191,2037.40,74.00,42.00
13190,13192,2812.50,85.00,67.00
13191,13193,2812.50,85.00,67.00
13192,13194,8294.44,178.00,86.00
13193,13195,824.51,48.00,24.00
13194,13196,1313.46,76.00,31.00
13195,13197,4403.50,158.00,45.00
13196,13198,565.91,40.00,19.00
13197,13199,876.30,37.00,30.00
13198,13200,1410.78,56.00,35.00
13199,13201,2961.77,108.00,58.00
13200,13202,8119.23,169.00,97.00
13201,13203,106.06,12.00,11.00
13202,13204,181.87,16.00,14.00
13203,13205,401.10,33.00,17.00
13204,13206,295.13,35.00,12.00
13205,13207,476.35,32.00,18.00
13206,13208,286.05,31.00,15.00
13207,13209,567.44,27.00,26.00
13208,13210,346.08,23.00,22.00
13209,13211,337.30,48.00,11.00
13210,13212,482.81,26.00,24.00
13211,13213,419.61,32.00,18.00
13212,13214,255.01,29.00,11.00
13213,13215,63.09,18.00,6.00
13214,13216,61.64,12.00,6.00
13215,13217,541.59,39.00,20.00
13216,13218,132.45,15.00,10.00
13217,13219,249.85,22.00,15.00
13218,13220,376.60,43.00,11.00
13219,13221,839.10,57.00,34.00
13220,13222,1135.49,49.00,40.00
13221,13223,1240.75,55.00,32.00
13222,13224,3752.71,131.00,56.00
13223,13225,430.62,25.00,23.00
13224,13226,216.86,18.00,15.00
13225,13227,4263.14,149.00,61.00
13226,13228,499.60,40.00,25.00
13227,13229,640.59,39.00,27.00
13228,13230,680.50,40.00,23.00
13229,13231,430.08,29.00,20.00
13230,13232,375.13,27.00,22.00
13231,13233,427.62,47.00,13.00
13232,13234,5062.75,221.00,53.00
13233,13235,4078.35,87.00,76.00
13234,13236,311.91,37.00,11.00
13235,13237,5484.66,133.00,86.00
13236,13238,2509.09,147.00,59.00
13237,13239,3299.40,120.00,44.00
13238,13240,490.37,28.00,26.00
13239,13241,342.91,32.00,14.00
13240,13242,1125.80,48.00,35.00
13241,13243,205.42,34.00,9.00
13242,13244,1457.76,171.00,54.00
13243,13245,4370.01,104.00,77.00
13244,13246,2485.91,112.00,29.00
13245,13247,1136.55,47.00,32.00
13246,13248,296.21,24.00,20.00
13247,13249,1161.90,63.00,34.00
13248,13250,8880.89,129.00,127.00
13249,13251,1586.36,79.00,30.00
13250,13252,181.74,16.00,15.00
13251,13253,148.54,18.00,12.00
13252,13254,245.29,18.00,17.00
13253,13255,254.85,24.00,16.00
13254,13256,181.46,29.00,8.00
13255,13257,204.04,22.00,14.00
13256,13258,185.33,18.00,13.00
13257,13259,1045.21,91.00,28.00
13258,13260,172.67,22.00,11.00
13259,13261,616.01,44.00,21.00
13260,13262,253.65,24.00,14.00
13261,13263,157.65,32.00,7.00
13262,13264,94.79,20.00,6.00
13263,13265,138.77,25.00,9.00
13264,13266,198.82,32.00,10.00
13265,13267,983.74,90.00,25.00
13266,13268,309.03,23.00,18.00
13267,13269,156.66,26.00,8.00
13268,13270,90.17,14.00,10.00
13269,13271,71.94,13.00,9.00
13270,13272,110.44,22.00,7.00
13271,13273,253.06,21.00,15.00
13272,13274,180.30,24.00,11.00
13273,13275,273.52,25.00,15.00
13274,13276,3324.99,133.00,45.00
13275,13277,345.17,53.00,10.00
13276,13278,900.01,62.00,23.00
13277,13279,624.00,44.00,18.00
13278,13280,1623.21,48.00,45.00
13279,13281,825.37,84.00,18.00
13280,13282,426.57,45.00,14.00
13281,13283,374.92,23.00,22.00
13282,13284,288.40,31.00,16.00
13283,13285,321.13,21.00,19.00
13284,13286,145.88,32.00,8.00
13285,13287,490.69,31.00,21.00
13286,13288,1118.44,177.00,35.00
13287,13289,367.98,28.00,18.00
13288,13290,1544.21,89.00,37.00
13289,13291,1031.78,78.00,35.00
13290,13292,754.80,38.00,25.00
13291,13293,2043.47,89.00,36.00
13292,13294,3708.42,115.00,48.00
13293,13295,3804.00,144.00,51.00
13294,13296,400.72,39.00,17.00
13295,13297,195.45,28.00,9.00
13296,13298,784.03,53.00,21.00
13297,13299,304.73,31.00,13.00
13298,13300,781.34,61.00,27.00
13299,13301,222.67,28.00,11.00
13300,13302,156.62,21.00,10.00
13301,13303,5112.28,131.00,84.00
13302,13304,969.04,58.00,24.00
13303,13305,2255.98,158.00,26.00
13304,13306,274.80,37.00,19.00
13305,13307,481.13,42.00,15.00
13306,13308,265.82,28.00,12.00
13307,13309,961.37,59.00,30.00
13308,13310,92.00,37.00,4.00
13309,13311,583.06,58.00,14.00
13310,13312,549.69,57.00,24.00
13311,13313,1044.78,80.00,20.00
13312,13314,1098.50,49.00,32.00
13313,13315,68.89,17.00,6.00
13314,13316,352.40,52.00,14.00
13315,13317,769.50,39.00,27.00
13316,13318,710.65,54.00,18.00
13317,13319,1085.33,88.00,24.00
13318,13320,1274.38,97.00,23.00
13319,13321,238.15,23.00,14.00
13320,13322,183.11,21.00,11.00
13321,13323,161.90,33.00,8.00
13322,13324,14020.07,182.00,110.00
13323,13325,487.10,46.00,17.00
13324,13326,7518.61,158.00,125.00
13325,13327,1708.15,65.00,43.00
13326,13328,3272.45,107.00,71.00
13327,13329,548.21,37.00,21.00
13328,13330,3376.01,108.00,68.00
13329,13331,458.81,50.00,21.00
13330,13332,2391.45,93.00,48.00
13331,13333,214.47,42.00,11.00
13332,13334,205.36,32.00,9.00
13333,13335,271.49,32.00,14.00
13334,13336,485.34,25.00,24.00
13335,13337,946.71,36.00,35.00
13336,13338,2208.39,95.00,41.00
13337,13339,458.17,35.00,17.00
13338,13340,501.33,39.00,18.00
13339,13341,489.99,33.00,19.00
13340,13342,679.28,35.00,24.00
13341,13343,1410.63,50.00,40.00
13342,13344,530.33,34.00,20.00
13343,13345,514.20,40.00,23.00
13344,13346,425.44,46.00,20.00
13345,13347,86.46,18.00,7.00
13346,13348,149.92,19.00,11.00
13347,13349,154.53,20.00,11.00
13348,13350,431.25,43.00,13.00
13349,13351,1482.21,93.00,24.00
13350,13352,888.63,44.00,25.00
13351,13353,2708.16,65.00,58.00
13352,13354,3787.24,309.00,99.00
13353,13355,4800.63,114.00,70.00
13354,13356,1079.96,39.00,35.00
13355,13357,1708.92,118.00,43.00
13356,13358,146.46,26.00,8.00
13357,13359,680.04,54.00,22.00
13358,13360,399.34,46.00,16.00
13359,13361,1227.16,56.00,27.00
13360,13362,468.63,38.00,18.00
13361,13363,1320.00,59.00,31.00
13362,13364,1343.97,48.00,34.00
13363,13365,1839.00,66.00,39.00
13364,13366,1939.55,56.00,44.00
13365,13367,2128.07,84.00,34.00
13366,13368,2811.71,122.00,48.00
13367,13369,2799.67,101.00,69.00
13368,13370,587.61,38.00,20.00
13369,13371,471.75,40.00,18.00
13370,13372,4510.36,144.00,88.00
13371,13373,3834.00,177.00,72.00
13372,13374,805.60,70.00,18.00
13373,13375,1065.62,52.00,28.00
13374,13376,393.37,38.00,17.00
13375,13377,448.06,62.00,12.00
13376,13378,365.43,36.00,16.00
13377,13379,449.15,46.00,14.00
13378,13380,497.55,39.00,19.00
13379,13381,316.42,31.00,12.00
13380,13382,3623.37,127.00,85.00
13381,13383,378.39,51.00,13.00
13382,13384,875.09,56.00,22.00
13383,13385,1878.35,96.00,47.00
13384,13386,1524.49,78.00,28.00
13385,13387,6280.31,120.00,71.00
13386,13388,2133.32,99.00,34.00
13387,13389,11789.75,259.00,60.00
13388,13390,47377.22,397.00,148.00
13389,13391,20855.48,215.00,132.00
13390,13392,71813.16,569.00,223.00
13391,13393,9333.33,113.00,103.00
13392,13394,4904.66,121.00,51.00
13393,13395,3412.91,71.00,59.00
13394,13396,1001.18,44.00,30.00
13395,13397,557.96,65.00,12.00
13396,13398,430.55,49.00,13.00
13397,13399,8906.12,126.00,80.00
13398,13400,5477.12,95.00,89.00
13399,13401,2009.76,63.00,37.00
13400,13402,749.20,39.00,24.00
13401,13403,1064.12,44.00,32.00
13402,13404,589.92,96.00,11.00
13403,13405,2166.17,93.00,31.00
13404,13406,1307.95,50.00,34.00
13405,13407,1278.04,52.00,31.00
13406,13408,1032.08,58.00,23.00
13407,13409,828.45,50.00,22.00
13408,13410,3961.35,91.00,55.00
13409,13411,1621.01,77.00,31.00
13410,13412,1348.16,63.00,29.00
13411,13413,235.16,18.00,16.00
13412,13414,518.70,33.00,19.00
13413,13415,5169.46,134.00,55.00
13414,13416,737.13,44.00,22.00
13415,13417,3531.65,165.00,38.00
13416,13418,1552.66,67.00,30.00
13417,13419,5250.46,135.00,57.00
13418,13420,1060.99,66.00,19.00
13419,13421,556.47,31.00,23.00
13420,13422,928.03,48.00,26.00
13421,13423,1217.03,50.00,30.00
13422,13424,720.35,35.00,27.00
13423,13425,728.23,33.00,28.00
13424,13426,1611.96,107.00,21.00
13425,13427,2761.48,78.00,49.00
13426,13428,886.75,47.00,26.00
13427,13429,1299.21,64.00,30.00
13428,13430,4423.30,140.00,42.00
13429,13431,709.69,32.00,28.00
13430,13432,571.81,30.00,22.00
13431,13433,645.53,50.00,22.00
13432,13434,1979.92,105.00,43.00
13433,13435,690.40,62.00,13.00
13434,13436,1065.91,40.00,39.00
13435,13437,1665.46,80.00,30.00
13436,13438,1622.32,59.00,38.00
13437,13439,418.80,39.00,14.00
13438,13440,1118.74,134.00,12.00
13439,13441,968.38,46.00,26.00
13440,13442,1108.82,53.00,27.00
13441,13443,1380.53,53.00,31.00
13442,13444,967.04,63.00,21.00
13443,13445,685.69,38.00,24.00
13444,13446,429.42,31.00,16.00
13445,13447,830.57,56.00,18.00
13446,13448,1881.95,58.00,42.00
13447,13449,1111.57,65.00,22.00
13448,13450,695.03,37.00,25.00
13449,13451,654.99,77.00,11.00
13450,13452,951.56,47.00,26.00
13451,13453,721.35,36.00,25.00
13452,13454,1124.08,52.00,27.00
13453,13455,654.20,52.00,18.00
13454,13456,1639.93,73.00,28.00
13455,13457,1601.92,82.00,26.00
13456,13458,428.18,24.00,23.00
13457,13459,1232.99,56.00,32.00
13458,13460,2281.40,82.00,40.00
13459,13461,1783.89,74.00,32.00
13460,13462,1298.46,61.00,31.00
13461,13463,571.18,38.00,19.00
13462,13464,2996.00,102.00,37.00
13463,13465,1675.13,60.00,38.00
13464,13466,1572.32,70.00,35.00
13465,13467,727.48,57.00,18.00
13466,13468,438.12,40.00,14.00
13467,13469,1337.33,94.00,22.00
13468,13470,2214.94,113.00,31.00
13469,13471,625.56,31.00,26.00
13470,13472,1901.61,68.00,40.00
13471,13473,407.94,33.00,16.00
13472,13474,1273.44,66.00,25.00
13473,13475,877.95,46.00,24.00
13474,13476,1041.74,54.00,29.00
13475,13477,465.60,28.00,21.00
13476,13478,410.25,29.00,18.00
13477,13479,1002.23,40.00,31.00
13478,13480,1197.33,45.00,37.00
13479,13481,1075.51,41.00,36.00
13480,13482,472.81,28.00,21.00
13481,13483,2697.74,81.00,46.00
13482,13484,614.59,44.00,19.00
13483,13485,1453.74,56.00,39.00
13484,13486,3336.69,142.00,32.00
13485,13487,1493.48,56.00,37.00
13486,13488,1073.01,38.00,32.00
13487,13489,1956.00,62.00,51.00
13488,13490,3167.12,109.00,40.00
13489,13491,2741.45,133.00,32.00
13490,13492,2010.26,158.00,29.00
13491,13493,836.38,71.00,16.00
13492,13494,2105.49,146.00,32.00
13493,13495,1841.94,104.00,26.00
13494,13496,1456.07,87.00,25.00
13495,13497,3444.26,87.00,53.00
13496,13498,4319.19,113.00,56.00
13497,13499,2698.30,89.00,41.00
13498,13500,3948.03,170.00,37.00
13499,13501,1168.09,69.00,22.00
13500,13502,1895.42,122.00,28.00
13501,13503,5159.13,156.00,53.00
13502,13504,3864.30,100.00,50.00
13503,13505,3434.45,92.00,53.00
13504,13506,744.87,47.00,22.00
13505,13507,5898.93,162.00,58.00
13506,13508,15526.20,407.00,120.00
13507,13509,1030.28,71.00,18.00
13508,13510,4216.50,78.00,71.00
13509,13511,930.97,48.00,27.00
13510,13512,2843.70,121.00,32.00
13511,13513,7910.06,232.00,82.00
13512,13514,2518.54,106.00,33.00
13513,13515,957.44,63.00,21.00
13514,13516,3555.98,75.00,59.00
13515,13517,904.06,130.00,15.00
13516,13518,1715.74,65.00,36.00
13517,13519,871.96,45.00,27.00
13518,13520,4421.45,216.00,35.00
13519,13521,661.51,32.00,25.00
13520,13522,735.95,44.00,23.00
13521,13523,1977.12,76.00,36.00
13522,13524,55100.21,289.00,229.00
13523,13525,8160.83,141.00,70.00
13524,13526,49729.10,525.00,170.00
13525,13527,11630.41,332.00,138.00
13526,13528,3866.89,241.00,41.00
13527,13529,3083.74,167.00,28.00
13528,13530,4101.84,145.00,59.00
13529,13531,13849.16,396.00,81.00
13530,13532,535.54,41.00,17.00
13531,13533,279.09,25.00,14.00
13532,13534,1965.90,105.00,24.00
13533,13535,1303.48,46.00,39.00
13534,13536,1366.59,41.00,41.00
13535,13537,2811.00,125.00,29.00
13536,13538,882.06,46.00,24.00
13537,13539,2531.86,69.00,49.00
13538,13540,6403.91,153.00,72.00
13539,13541,1634.87,65.00,40.00
13540,13542,1342.61,87.00,22.00
13541,13543,1537.79,84.00,27.00
13542,13544,573.18,31.00,22.00
13543,13545,6811.10,265.00,51.00
13544,13546,1712.77,71.00,31.00
13545,13547,7479.30,293.00,44.00
13546,13548,2475.84,63.00,52.00
13547,13549,1546.36,68.00,33.00
13548,13550,1372.67,46.00,38.00
13549,13551,2322.42,85.00,35.00
13550,13552,6977.26,103.00,96.00
13551,13553,4022.90,263.00,32.00
13552,13554,1806.40,69.00,32.00
13553,13555,471.42,28.00,21.00
13554,13556,2582.76,97.00,34.00
13555,13557,1621.38,57.00,39.00
13556,13558,1297.01,66.00,24.00
13557,13559,1781.39,73.00,33.00
13558,13560,4216.50,78.00,71.00
13559,13561,1567.91,78.00,29.00
13560,13562,564.85,37.00,23.00
13561,13563,1465.29,97.00,26.00
13562,13564,535.54,41.00,17.00
13563,13565,1366.59,41.00,41.00
13564,13566,2475.84,63.00,52.00
13565,13567,702.60,44.00,20.00
13566,13568,238.40,34.00,11.00
13567,13569,1044.86,65.00,24.00
13568,13570,1044.86,65.00,24.00
13569,13571,1917.17,56.00,44.00
13570,13572,2900.88,117.00,44.00
13571,13573,5624.26,126.00,63.00
13572,13574,3780.30,84.00,65.00
13573,13575,894.93,48.00,23.00
13574,13576,824.94,91.00,21.00
13575,13577,1091.59,97.00,20.00
13576,13578,11024.98,340.00,76.00
13577,13579,1739.49,84.00,26.00
13578,13580,3828.03,109.00,45.00
13579,13581,4652.17,104.00,57.00
13580,13582,864.13,40.00,26.00
13581,13583,11224.78,303.00,82.00
13582,13584,3306.58,204.00,56.00
13583,13585,8974.50,278.00,82.00
13584,13586,5413.75,96.00,71.00
13585,13587,6816.88,298.00,81.00
13586,13588,8962.73,366.00,84.00
13587,13589,5794.34,157.00,51.00
13588,13590,1467.27,91.00,27.00
13589,13591,4811.12,301.00,26.00
13590,13592,3628.62,166.00,32.00
13591,13593,1888.47,103.00,26.00
13592,13594,1509.23,85.00,24.00
13593,13595,1768.07,81.00,31.00
13594,13596,2491.49,88.00,35.00
13595,13597,1009.96,74.00,18.00
13596,13598,2039.50,113.00,36.00
13597,13599,3756.77,157.00,33.00
13598,13600,6633.90,239.00,91.00
13599,13601,2421.74,95.00,33.00
13600,13602,1179.73,88.00,27.00
13601,13603,1677.94,64.00,33.00
13602,13604,4703.87,187.00,53.00
13603,13605,1565.75,54.00,41.00
13604,13606,10335.79,243.00,114.00
13605,13607,2274.97,66.00,44.00
13606,13608,2283.17,82.00,51.00
13607,13609,7966.98,138.00,74.00
13608,13610,4046.48,184.00,50.00
13609,13611,3170.90,87.00,53.00
13610,13612,11237.28,287.00,89.00
13611,13613,1379.36,46.00,36.00
13612,13614,17883.95,1146.00,372.00
13613,13615,4405.23,152.00,42.00
13614,13616,29621.95,683.00,201.00
13615,13617,3334.61,88.00,51.00
13616,13618,1058.18,39.00,34.00
13617,13619,1575.02,77.00,27.00
13618,13620,4083.47,186.00,34.00
13619,13621,1726.59,52.00,41.00
13620,13622,30482.71,645.00,183.00
13621,13623,5261.23,150.00,59.00
13622,13624,1119.08,59.00,25.00
13623,13625,3081.92,72.00,55.00
13624,13626,2197.35,167.00,23.00
13625,13627,1688.98,67.00,32.00
13626,13628,10603.44,294.00,169.00
13627,13629,2696.98,136.00,29.00
13628,13630,1643.60,73.00,34.00
13629,13631,1425.53,81.00,21.00
13630,13632,2196.92,110.00,28.00
13631,13633,10865.13,300.00,98.00
13632,13634,3610.86,127.00,59.00
13633,13635,2675.72,132.00,63.00
13634,13636,1570.84,97.00,21.00
13635,13637,4908.65,269.00,41.00
13636,13638,3091.06,132.00,41.00
13637,13639,1983.79,85.00,30.00
13638,13640,44791.83,739.00,148.00
13639,13641,16311.70,380.00,80.00
13640,13642,5427.13,166.00,48.00
13641,13643,44841.57,345.00,235.00
13642,13644,1637.10,88.00,25.00
13643,13645,8469.69,254.00,93.00
13644,13646,5188.97,103.00,67.00
13645,13647,1346.28,67.00,25.00
13646,13648,27604.08,396.00,133.00
13647,13649,18251.82,581.00,203.00
13648,13650,3713.51,151.00,40.00
13649,13651,11506.36,349.00,128.00
13650,13652,2492.18,108.00,38.00
13651,13653,24830.69,525.00,139.00
13652,13654,20983.17,474.00,158.00
13653,13655,3948.56,200.00,34.00
13654,13656,7602.96,254.00,70.00
13655,13657,21653.43,465.00,126.00
13656,13658,243.93,36.00,10.00
13657,13659,496.64,52.00,17.00
13658,13660,5833.64,187.00,67.00
13659,13661,450.51,25.00,24.00
13660,13662,450.51,25.00,24.00
13661,13663,427.85,31.00,19.00
13662,13664,249.89,21.00,16.00
13663,13665,976.42,45.00,36.00
13664,13666,382.95,31.00,18.00
13665,13667,729.56,53.00,17.00
13666,13668,527.69,45.00,16.00
13667,13669,432.01,25.00,22.00
13668,13670,3924.77,72.00,69.00
13669,13671,1223.77,49.00,33.00
13670,13672,1762.77,72.00,33.00
13671,13673,2381.89,73.00,41.00
13672,13674,1308.59,99.00,23.00
13673,13675,8208.03,110.00,91.00
13674,13676,1336.74,54.00,33.00
13675,13677,1911.66,107.00,26.00
13676,13678,1581.86,52.00,40.00
13677,13679,251.37,26.00,12.00
13678,13680,546.84,39.00,19.00
13679,13681,832.30,46.00,22.00
13680,13682,633.82,53.00,16.00
13681,13683,608.77,38.00,23.00
13682,13684,737.39,49.00,19.00
13683,13685,118.35,15.00,11.00
13684,13686,358.95,31.00,15.00
13685,13687,371.13,29.00,18.00
13686,13688,228.06,25.00,14.00
13687,13689,525.30,38.00,20.00
13688,13690,228.23,19.00,15.00
13689,13691,241.20,33.00,13.00
13690,13692,433.48,39.00,18.00
13691,13693,866.33,66.00,21.00
13692,13694,625.98,36.00,23.00
13693,13695,529.34,48.00,18.00
13694,13696,632.75,44.00,19.00
13695,13697,955.89,50.00,24.00
13696,13698,2821.47,112.00,41.00
13697,13699,1003.37,111.00,13.00
13698,13700,1475.94,87.00,24.00
13699,13701,1303.91,118.00,21.00
13700,13702,5335.42,109.00,62.00
13701,13703,885.89,57.00,20.00
13702,13704,1451.42,93.00,23.00
13703,13705,2527.23,89.00,38.00
13704,13706,1210.08,113.00,23.00
13705,13707,65185.59,502.00,309.00
13706,13708,42296.50,656.00,247.00
13707,13709,1112.74,52.00,29.00
13708,13710,788.57,71.00,15.00
13709,13711,1072.07,43.00,32.00
13710,13712,1347.27,43.00,39.00
13711,13713,1902.26,83.00,34.00
13712,13714,1076.06,51.00,34.00
13713,13715,531.68,42.00,18.00
13714,13716,1148.56,44.00,33.00
13715,13717,1848.06,93.00,28.00
13716,13718,1295.01,72.00,23.00
13717,13719,1324.03,85.00,20.00
13718,13720,1032.07,79.00,21.00
13719,13721,1642.30,88.00,24.00
13720,13722,883.36,38.00,29.00
13721,13723,1902.26,83.00,34.00
13722,13724,244.34,43.00,9.00
13723,13725,6938.22,183.00,57.00
13724,13726,1063.62,69.00,20.00
13725,13727,3100.10,75.00,52.00
13726,13728,2540.60,78.00,40.00
13727,13729,2719.35,64.00,50.00
13728,13730,1972.66,74.00,36.00
13729,13731,3261.74,103.00,49.00
13730,13732,3479.91,113.00,40.00
13731,13733,1231.79,53.00,28.00
13732,13734,1771.93,55.00,41.00
13733,13735,2073.86,67.00,40.00
13734,13736,2667.98,304.00,69.00
13735,13737,2515.57,55.00,53.00
13736,13738,1024.52,73.00,18.00
13737,13739,1915.77,73.00,35.00
13738,13740,15871.25,419.00,96.00
13739,13741,2855.30,172.00,31.00
13740,13742,1643.68,53.00,40.00
13741,13743,1886.53,58.00,41.00
13742,13744,4235.30,241.00,30.00
13743,13745,2837.64,138.00,35.00
13744,13746,6931.76,337.00,62.00
13745,13747,2012.40,82.00,31.00
13746,13748,3136.92,234.00,22.00
13747,13749,1431.71,55.00,34.00
13748,13750,3901.55,142.00,46.00
13749,13751,3901.55,142.00,46.00
13750,13752,502.50,49.00,15.00
13751,13753,673.13,76.00,15.00
13752,13754,391.89,22.00,21.00
13753,13755,1612.54,74.00,30.00
13754,13756,2505.23,127.00,28.00
13755,13757,1164.43,85.00,17.00
13756,13758,1192.55,101.00,18.00
13757,13759,1508.14,89.00,25.00
13758,13760,2870.27,121.00,70.00
13759,13761,3799.51,223.00,47.00
13760,13762,807.36,37.00,28.00
13761,13763,1408.58,57.00,34.00
13762,13764,1121.11,43.00,33.00
13763,13765,1965.43,101.00,30.00
13764,13766,910.89,70.00,18.00
13765,13767,1460.71,51.00,35.00
13766,13768,1696.25,50.00,41.00
13767,13769,2727.58,128.00,57.00
13768,13770,1666.99,61.00,34.00
13769,13771,3549.30,115.00,44.00
13770,13772,4051.13,290.00,45.00
13771,13773,13264.31,713.00,57.00
13772,13774,1652.00,124.00,25.00
13773,13775,2453.11,85.00,53.00
13774,13776,1630.56,80.00,39.00
13775,13777,4677.01,124.00,54.00
13776,13778,10753.26,234.00,106.00
13777,13779,1344.99,127.00,25.00
13778,13780,6888.09,271.00,59.00
13779,13781,2425.07,155.00,49.00
13780,13782,1191.77,61.00,26.00
13781,13783,3308.06,133.00,43.00
13782,13784,21398.15,419.00,144.00
13783,13785,2642.65,191.00,23.00
13784,13786,22806.46,540.00,75.00
13785,13787,17810.49,328.00,122.00
13786,13788,2513.35,124.00,26.00
13787,13789,2112.59,134.00,29.00
13788,13790,8767.95,340.00,81.00
13789,13791,13546.64,277.00,128.00
13790,13792,8565.52,290.00,69.00
13791,13793,2632.43,100.00,36.00
13792,13794,45576.38,501.00,165.00
13793,13795,4976.34,272.00,50.00
13794,13796,17984.90,430.00,403.00
13795,13797,5176.40,212.00,39.00
13796,13798,20469.26,420.00,143.00
13797,13799,1608.71,112.00,19.00
13798,13800,4453.21,137.00,52.00
13799,13801,3203.47,76.00,57.00
13800,13802,8364.77,407.00,89.00
13801,13803,2719.16,95.00,41.00
13802,13804,4444.45,220.00,48.00
13803,13805,13862.95,400.00,91.00
13804,13806,2190.15,85.00,33.00
13805,13807,9548.00,281.00,154.00
13806,13808,4741.34,158.00,39.00
13807,13809,6929.43,249.00,115.00
13808,13810,4286.60,186.00,54.00
13809,13811,2372.02,86.00,46.00
13810,13812,1246.40,56.00,36.00
13811,13813,2961.04,106.00,54.00
13812,13814,2720.77,118.00,39.00
13813,13815,13728.43,168.00,128.00
13814,13816,10828.54,286.00,112.00
13815,13817,12515.07,340.00,151.00
13816,13818,1116.50,69.00,26.00
13817,13819,3893.12,254.00,46.00
13818,13820,2256.92,126.00,54.00
13819,13821,2696.57,100.00,38.00
13820,13822,13158.76,324.00,168.00
13821,13823,3695.91,134.00,83.00
13822,13824,791.67,48.00,24.00
13823,13825,815.62,35.00,29.00
13824,13826,1050.01,86.00,22.00
13825,13827,30946.72,861.00,187.00
13826,13828,7359.69,183.00,59.00
13827,13829,5441.08,236.00,53.00
13828,13830,8795.44,248.00,92.00
13829,13831,4383.74,181.00,79.00
13830,13832,8263.48,177.00,72.00
13831,13833,5817.93,347.00,37.00
13832,13834,7787.42,344.00,61.00
13833,13835,6365.35,333.00,94.00
13834,13836,1205.80,87.00,20.00
13835,13837,2822.37,117.00,49.00
13836,13838,15700.96,276.00,97.00
13837,13839,12189.08,550.00,116.00
13838,13840,4539.57,110.00,56.00
13839,13841,4167.73,120.00,50.00
13840,13842,23754.14,481.00,155.00
13841,13843,293.24,23.00,16.00
13842,13844,580.40,36.00,23.00
13843,13845,362.70,34.00,14.00
13844,13846,1045.74,90.00,19.00
13845,13847,46018.77,875.00,145.00
13846,13848,4424.23,203.00,69.00
13847,13849,4856.38,251.00,45.00
13848,13850,7798.05,432.00,123.00
13849,13851,10489.08,370.00,77.00
13850,13852,4075.71,252.00,51.00
13851,13853,2061.26,146.00,47.00
13852,13854,2323.56,227.00,23.00
13853,13855,3589.91,134.00,56.00
13854,13856,2086.01,147.00,22.00
13855,13857,1763.63,79.00,28.00
13856,13858,5356.78,126.00,54.00
13857,13859,7630.37,193.00,52.00
13858,13860,1309.07,112.00,15.00
13859,13861,9266.55,287.00,65.00
13860,13862,1936.14,76.00,45.00
13861,13863,985.27,67.00,19.00
13862,13864,1359.81,61.00,30.00
13863,13865,4190.79,128.00,43.00
13864,13866,5685.52,245.00,75.00
13865,13867,9646.01,234.00,56.00
13866,13868,2295.82,87.00,47.00
13867,13869,750.57,75.00,18.00
13868,13870,13891.32,336.00,122.00
13869,13871,1746.57,56.00,49.00
13870,13872,20454.34,246.00,117.00
13871,13873,2284.51,81.00,37.00
13872,13874,5547.64,588.00,239.00
13873,13875,1318.80,97.00,21.00
13874,13876,3978.00,142.00,47.00
13875,13877,2339.75,79.00,62.00
13876,13878,9006.34,178.00,110.00
13877,13879,3449.94,142.00,51.00
13878,13880,4842.98,170.00,39.00
13879,13881,2131.61,104.00,35.00
13880,13882,2730.51,153.00,37.00
13881,13883,826.99,51.00,21.00
13882,13884,1265.49,40.00,39.00
13883,13885,3764.74,179.00,31.00
13884,13886,1616.65,133.00,18.00
13885,13887,5901.89,174.00,65.00
13886,13888,10370.76,392.00,70.00
13887,13889,13591.37,358.00,89.00
13888,13890,15457.00,221.00,99.00
13889,13891,19055.91,565.00,127.00
13890,13892,6714.91,313.00,58.00
13891,13893,1666.15,90.00,24.00
13892,13894,729.43,57.00,16.00
13893,13895,2525.70,85.00,38.00
13894,13896,837.61,44.00,24.00
13895,13897,2595.29,85.00,40.00
13896,13898,584.01,33.00,22.00
13897,13899,1376.04,90.00,21.00
13898,13900,4009.32,88.00,56.00
13899,13901,1064.97,50.00,30.00
13900,13902,1882.06,52.00,44.00
13901,13903,1021.45,60.00,22.00
13902,13904,820.87,65.00,19.00
13903,13905,2344.01,208.00,28.00
13904,13906,1585.68,84.00,28.00
13905,13907,917.42,59.00,23.00
13906,13908,702.35,72.00,14.00
13907,13909,448.13,28.00,21.00
13908,13910,1043.35,109.00,14.00
13909,13911,2925.27,119.00,39.00
13910,13912,10906.41,201.00,94.00
13911,13913,3504.58,121.00,38.00
13912,13914,5594.76,178.00,54.00
13913,13915,1066.74,91.00,25.00
13914,13916,555.85,27.00,26.00
13915,13917,1004.49,50.00,26.00
13916,13918,648.89,83.00,10.00
13917,13919,1622.43,178.00,17.00
13918,13920,1540.67,117.00,35.00
13919,13921,4682.08,117.00,76.00
13920,13922,1916.28,58.00,52.00
13921,13923,2322.03,88.00,33.00
13922,13924,1339.32,52.00,34.00
13923,13925,3644.06,90.00,55.00
13924,13926,1298.84,85.00,32.00
13925,13927,2082.28,158.00,25.00
13926,13928,1250.41,54.00,30.00
13927,13929,97.36,12.00,10.00
13928,13930,529.58,42.00,22.00
13929,13931,1222.64,69.00,31.00
13930,13932,622.78,79.00,12.00
13931,13933,377.97,69.00,8.00
13932,13934,961.21,49.00,25.00
13933,13935,3015.05,179.00,47.00
13934,13936,1875.53,176.00,36.00
13935,13937,3720.94,216.00,66.00
13936,13938,1387.05,102.00,17.00
13937,13939,942.78,89.00,13.00
13938,13940,904.30,100.00,13.00
13939,13941,1016.49,43.00,30.00
13940,13942,2921.05,143.00,52.00
13941,13943,1021.19,64.00,19.00
13942,13944,1140.20,64.00,25.00
13943,13945,576.44,50.00,15.00
13944,13946,1277.22,119.00,29.00
13945,13947,1097.71,88.00,29.00
13946,13948,931.29,63.00,18.00
13947,13949,617.19,63.00,14.00
13948,13950,677.86,44.00,19.00
13949,13951,554.92,82.00,11.00
13950,13952,131.52,18.00,10.00
13951,13953,1133.46,54.00,26.00
13952,13954,1591.15,47.00,42.00
13953,13955,1426.24,91.00,27.00
13954,13956,912.08,75.00,17.00
13955,13957,91.63,16.00,8.00
13956,13958,128.42,20.00,9.00
13957,13959,191.46,24.00,11.00
13958,13960,120.83,14.00,11.00
13959,13961,157.99,20.00,11.00
13960,13962,105.67,13.00,10.00
13961,13963,2837.05,148.00,53.00
13962,13964,1444.26,190.00,15.00
13963,13965,2975.02,297.00,35.00
13964,13966,4303.01,268.00,125.00
13965,13967,1053.72,65.00,21.00
13966,13968,836.30,93.00,18.00
13967,13969,1294.76,139.00,21.00
13968,13970,2071.67,177.00,41.00
13969,13971,1261.47,105.00,20.00
13970,13972,585.70,81.00,11.00
13971,13973,560.46,77.00,12.00
13972,13974,3845.85,222.00,89.00
13973,13975,231.74,41.00,8.00
13974,13976,3111.09,131.00,91.00
13975,13977,320.37,45.00,9.00
13976,13978,1393.02,64.00,28.00
13977,13979,1039.40,46.00,28.00
13978,13980,514.18,32.00,21.00
13979,13981,433.14,29.00,19.00
13980,13982,2455.61,91.00,39.00
13981,13983,989.78,40.00,33.00
13982,13984,1216.89,102.00,20.00
13983,13985,1829.61,110.00,23.00
13984,13986,806.73,75.00,19.00
13985,13987,1436.34,46.00,40.00
13986,13988,1189.54,54.00,30.00
13987,13989,649.48,33.00,24.00
13988,13990,759.45,66.00,16.00
13989,13991,1605.08,63.00,49.00
13990,13992,481.24,45.00,13.00
13991,13993,775.32,37.00,30.00
13992,13994,391.31,39.00,13.00
13993,13995,611.61,33.00,25.00
13994,13996,1762.93,51.00,50.00
13995,13997,11418.47,285.00,68.00
13996,13998,2088.42,67.00,47.00
13997,13999,3986.59,99.00,65.00
13998,14000,2945.23,156.00,58.00
13999,14001,383.10,23.00,22.00
14000,14002,338.42,24.00,17.00
14001,14003,913.25,36.00,32.00
14002,14004,713.45,39.00,25.00
14003,14005,2041.67,136.00,30.00
14004,14006,2401.87,60.00,49.00
14005,14007,1144.52,40.00,37.00
14006,14008,1046.31,44.00,28.00
14007,14009,9392.97,191.00,69.00
14008,14010,3066.47,77.00,52.00
14009,14011,1393.28,54.00,34.00
14010,14012,967.64,62.00,23.00
14011,14013,635.67,36.00,25.00
14012,14014,516.05,66.00,13.00
14013,14015,1057.37,39.00,34.00
14014,14016,653.51,67.00,16.00
14015,14017,413.71,25.00,22.00
14016,14018,1324.95,96.00,26.00
14017,14019,638.51,75.00,15.00
14018,14020,625.05,43.00,21.00
14019,14021,564.63,55.00,14.00
14020,14022,490.75,39.00,18.00
14021,14023,422.38,51.00,12.00
14022,14024,1462.09,73.00,27.00
14023,14025,2074.18,93.00,37.00
14024,14026,1032.87,52.00,25.00
14025,14027,1906.34,80.00,40.00
14026,14028,1049.19,40.00,35.00
14027,14029,291.71,30.00,14.00
14028,14030,1063.08,71.00,32.00
14029,14031,1941.45,94.00,44.00
14030,14032,1388.43,74.00,35.00
14031,14033,1515.56,106.00,27.00
14032,14034,1861.26,116.00,30.00
14033,14035,2157.90,61.00,50.00
14034,14036,985.63,83.00,20.00
14035,14037,1500.57,109.00,29.00
14036,14038,13788.72,535.00,63.00
14037,14039,799.41,73.00,16.00
14038,14040,1588.70,76.00,28.00
14039,14041,5330.67,151.00,53.00
14040,14042,1801.65,72.00,35.00
14041,14043,1349.69,68.00,30.00
14042,14044,1427.77,66.00,36.00
14043,14045,1729.01,55.00,40.00
14044,14046,3312.69,98.00,52.00
14045,14047,8921.56,230.00,58.00
14046,14048,6791.36,257.00,66.00
14047,14049,3756.15,125.00,39.00
14048,14050,2752.35,167.00,36.00
14049,14051,625.55,31.00,25.00
14050,14052,1326.30,151.00,19.00
14051,14053,2877.72,189.00,34.00
14052,14054,1577.99,113.00,23.00
14053,14055,1614.54,178.00,22.00
14054,14056,638.09,28.00,27.00
14055,14057,512.44,33.00,21.00
14056,14058,434.32,23.00,23.00
14057,14059,681.55,37.00,25.00
14058,14060,651.84,36.00,25.00
14059,14061,573.55,30.00,26.00
14060,14062,685.81,50.00,34.00
14061,14063,787.47,74.00,20.00
14062,14064,1518.20,48.00,41.00
14063,14065,1105.93,43.00,32.00
14064,14066,1391.96,79.00,28.00
14065,14067,902.42,50.00,23.00
14066,14068,314.88,26.00,16.00
14067,14069,1053.01,44.00,30.00
14068,14070,258.96,25.00,14.00
14069,14071,364.25,23.00,19.00
14070,14072,214.18,19.00,15.00
14071,14073,391.16,23.00,22.00
14072,14074,1167.37,40.00,36.00
14073,14075,1347.20,48.00,34.00
14074,14076,591.92,31.00,23.00
14075,14077,365.33,25.00,19.00
14076,14078,255.83,31.00,10.00
14077,14079,447.42,27.00,21.00
14078,14080,258.23,55.00,12.00
14079,14081,2217.09,125.00,23.00
14080,14082,428.42,33.00,17.00
14081,14083,875.55,46.00,26.00
14082,14084,185.00,16.00,14.00
14083,14085,258.23,27.00,13.00
14084,14086,625.71,48.00,17.00
14085,14087,241.38,18.00,17.00
14086,14088,649.42,77.00,15.00
14087,14089,74.81,14.00,7.00
14088,14090,314.49,44.00,11.00
14089,14091,395.92,25.00,21.00
14090,14092,952.58,64.00,22.00
14091,14093,343.65,51.00,10.00
14092,14094,871.88,49.00,26.00
14093,14095,462.81,30.00,20.00
14094,14096,1178.77,66.00,22.00
14095,14097,628.93,31.00,24.00
14096,14098,649.42,77.00,15.00
14097,14099,1427.80,125.00,17.00
14098,14100,952.58,64.00,22.00
14099,14101,343.65,51.00,10.00
14100,14102,1664.36,79.00,26.00
14101,14103,495.69,42.00,15.00
14102,14104,530.10,29.00,23.00
14103,14105,1325.29,80.00,25.00
14104,14106,609.60,31.00,24.00
14105,14107,390.27,30.00,18.00
14106,14108,1351.04,64.00,29.00
14107,14109,688.03,41.00,22.00
14108,14110,1553.95,66.00,38.00
14109,14111,1057.21,68.00,20.00
14110,14112,1145.37,55.00,28.00
14111,14113,1407.10,69.00,29.00
14112,14114,997.21,40.00,32.00
14113,14115,610.98,50.00,18.00
14114,14116,1888.04,75.00,35.00
14115,14117,656.14,32.00,25.00
14116,14118,821.05,45.00,23.00
14117,14119,5087.84,103.00,64.00
14118,14120,2944.21,86.00,45.00
14119,14121,2599.35,80.00,52.00
14120,14122,1448.79,58.00,32.00
14121,14123,1575.07,46.00,43.00
14122,14124,472.34,34.00,17.00
14123,14125,878.35,64.00,19.00
14124,14126,294.60,23.00,15.00
14125,14127,369.91,25.00,18.00
14126,14128,775.94,40.00,23.00
14127,14129,481.26,67.00,9.00
14128,14130,230.99,17.00,17.00
14129,14131,264.98,35.00,11.00
14130,14132,2652.02,64.00,50.00
14131,14133,1369.58,49.00,33.00
14132,14134,1358.60,55.00,30.00
14133,14135,330.20,27.00,17.00
14134,14136,1493.82,72.00,27.00
14135,14137,1742.61,460.00,46.00
14136,14138,2701.22,84.00,43.00
14137,14139,452.30,31.00,19.00
14138,14140,983.16,39.00,33.00
14139,14141,2106.07,112.00,27.00
14140,14142,472.12,25.00,24.00
14141,14143,752.77,48.00,19.00
14142,14144,15977.01,373.00,67.00
14143,14145,27864.86,468.00,139.00
14144,14146,18538.52,484.00,94.00
14145,14147,535.43,58.00,15.00
14146,14148,890.36,112.00,19.00
14147,14149,3374.06,166.00,33.00
14148,14150,562.64,102.00,10.00
14149,14151,1305.32,54.00,32.00
14150,14152,1620.70,56.00,35.00
14151,14153,2489.37,103.00,35.00
14152,14154,344.34,54.00,10.00
14153,14155,4430.36,126.00,69.00
14154,14156,1118.91,51.00,33.00
14155,14157,47371.16,333.00,194.00
14156,14158,296038.49,887.00,502.00
14157,14159,26078.95,225.00,156.00
14158,14160,4253.17,139.00,48.00
14159,14161,61170.84,375.00,229.00
14160,14162,6975.25,169.00,65.00
14161,14163,19778.47,213.00,130.00
14162,14164,19636.83,240.00,139.00
14163,14165,4935.71,145.00,53.00
14164,14166,5132.29,200.00,41.00
14165,14167,19128.37,258.00,120.00
14166,14168,16269.22,206.00,124.00
14167,14169,16430.14,194.00,145.00
14168,14170,24943.65,399.00,101.00
14169,14171,18353.66,197.00,175.00
14170,14172,24216.00,230.00,185.00
14171,14173,15850.73,234.00,104.00
14172,14174,23774.35,273.00,122.00
14173,14175,26335.94,231.00,190.00
14174,14176,20652.10,181.00,148.00
14175,14177,18651.63,179.00,179.00
14176,14178,6503.66,160.00,72.00
14177,14179,11602.35,200.00,90.00
14178,14180,3294.27,77.00,77.00
14179,14181,141290.01,552.00,423.00
14180,14182,5278.56,119.00,70.00
14181,14183,1112747.21,2198.00,966.00
14182,14184,85183.69,565.00,231.00
14183,14185,54550.54,465.00,158.00
14184,14186,33728.55,241.00,209.00
14185,14187,16010.72,252.00,121.00
14186,14188,44676.53,377.00,176.00
14187,14189,46755.98,319.00,196.00
14188,14190,64224.76,408.00,234.00
14189,14191,58130.04,479.00,190.00
14190,14192,37084.85,372.00,155.00
14191,14193,19526.72,282.00,94.00
14192,14194,28010.37,308.00,132.00
14193,14195,11874.64,161.00,100.00
14194,14196,6225.02,161.00,64.00
14195,14197,11786.84,152.00,142.00
14196,14198,19684.03,388.00,125.00
14197,14199,25605.90,219.00,168.00
14198,14200,16092.25,276.00,93.00
14199,14201,27988.02,239.00,238.00
14200,14202,31595.88,468.00,159.00
14201,14203,9528.97,242.00,74.00
14202,14204,12304.64,212.00,107.00
14203,14205,7068.32,207.00,75.00
14204,14206,1607.83,58.00,35.00
14205,14207,468432.64,844.00,835.00
14206,14208,82985.32,434.00,292.00
14207,14209,124723.10,468.00,416.00
14208,14210,8176.26,164.00,72.00
14209,14211,102048.83,566.00,289.00
14210,14212,17496.21,157.00,152.00
14211,14213,28403.85,243.00,175.00
14212,14214,18914.75,192.00,187.00
14213,14215,10758.58,132.00,127.00
14214,14216,61267.25,309.00,260.00
14215,14217,163756.68,513.00,448.00
14216,14218,46005.76,325.00,203.00
14217,14219,67981.13,396.00,275.00
14218,14220,99708.12,619.00,432.00
14219,14221,58379.64,502.00,254.00
14220,14222,8685.10,173.00,75.00
14221,14223,95934.79,498.00,314.00
14222,14224,545520.27,1038.00,750.00
14223,14225,20044.81,322.00,97.00
14224,14226,9209.49,206.00,77.00
14225,14227,12998.00,182.00,111.00
14226,14228,25789.65,344.00,130.00
14227,14229,15775.84,330.00,95.00
14228,14230,24666.23,216.00,176.00
14229,14231,24079.65,298.00,116.00
14230,14232,43493.69,356.00,184.00
14231,14233,25285.92,316.00,173.00
14232,14234,24129.54,243.00,155.00
