OID_,ID,Elevation_m_min,Elevation_m_max,Elevation_m_mean,Slope_deg_min,Slope_deg_max,Slope_deg_mean,Aspect_deg_median,Area_m2
1,3,1057,1057,1057.000000000000000,48.325298309326172,48.325298309326172,48.325298309326172,192.370300292968750,90.0703456635
2,4,1067,1067,1067.000000000000000,50.106304168701172,50.106304168701172,50.106304168701172,188.230422973632812,337.822010934
3,6,688,754,715.090909090909122,6.695829391479492,39.582492828369141,24.733858888799496,239.483825683593750,7819.84768678
4,7,719,736,727.500000000000000,20.833511352539062,29.368883132934570,25.101197242736816,201.621452331542969,1418.94909435
5,15,579,590,585.666666666666629,15.884898185729980,21.015983581542969,18.635305722554524,255.358428955078125,1401.4840275
6,17,599,603,601.000000000000000,18.880126953125000,21.602672576904297,20.241399765014648,150.070762634277344,1055.95407764
7,25,600,600,600.000000000000000,32.073440551757812,32.073440551757812,32.073440551757812,187.638214111328125,404.148493971
8,26,600,619,606.666666666666629,32.221637725830078,36.851871490478516,34.389568328857422,176.000564575195312,1134.35757764
9,27,555,583,570.416666666666742,6.593529701232910,24.004964828491211,14.974771340688070,157.413436889648438,9712.90009765
10,30,547,547,547.000000000000000,15.495033264160156,15.495033264160156,15.495033264160156,96.716690063476562,457.326611566
11,35,567,585,577.666666666666629,27.892326354980469,36.645042419433594,31.973651885986328,184.132415771484375,2133.11504016
12,36,527,529,528.000000000000000,19.352958679199219,20.421348571777344,19.887153625488281,194.169998168945312,1927.10693483
13,37,538,555,546.000000000000000,24.830371856689453,29.627796173095703,26.918940067291260,186.930473327636719,1848.87073506
14,38,526,568,550.500000000000000,12.716637611389160,26.774919509887695,21.904076099395752,195.265670776367188,4288.51889822
15,41,521,521,521.000000000000000,13.832764625549316,13.832764625549316,13.832764625549316,42.574256896972656,431.195382571
16,42,543,601,573.666666666666742,22.787115097045898,34.849037170410156,28.765749613444012,151.738327026367188,14743.8173784
17,43,536,536,536.000000000000000,21.175594329833984,22.109003067016602,21.642298698425293,176.940368652343750,1132.57842576
18,44,527,527,527.000000000000000,20.098278045654297,20.098278045654297,20.098278045654297,178.551666259765625,345.206123947
19,45,551,559,555.000000000000000,14.515386581420898,16.926372528076172,15.720879554748535,143.692604064941406,1217.55267089
20,46,536,548,540.600000000000023,4.147497177124023,30.187894821166992,15.985153198242188,333.548736572265625,3333.96871935
21,48,527,596,563.500000000000114,15.864730834960938,38.747043609619141,29.495742003122967,316.953948974609375,9094.75548111
22,52,608,608,608.000000000000000,37.190315246582031,37.190315246582031,37.190315246582031,27.216979980468750,110.619856103
23,55,604,604,604.000000000000000,48.731323242187500,48.731323242187500,48.731323242187500,11.239004135131836,2085.85031616
24,56,499,538,514.500000000000000,5.113189220428467,24.117448806762695,15.159987926483154,150.477912902832031,7919.09907081
25,58,648,648,648.000000000000000,45.769508361816406,45.769508361816406,45.769508361816406,7.765267848968506,468.681152155
26,59,660,676,668.000000000000000,29.947273254394531,35.541332244873047,32.744302749633789,30.372675895690918,630.69928486
27,64,553,642,598.864864864865012,6.502690315246582,40.527565002441406,29.079077565992204,37.902976989746094,26282.5667722
28,66,720,751,740.500000000000000,13.009135246276855,41.789234161376953,27.866536378860474,11.647265434265137,2891.91099934
29,69,486,486,486.000000000000000,17.756593704223633,17.756593704223633,17.756593704223633,69.920135498046875,414.501652753
30,70,517,527,520.333333333333371,17.807399749755859,19.537813186645508,18.538395563761394,191.659240722656250,1927.054381
31,73,478,500,483.899999999999977,2.118392705917358,31.080383300781250,15.481242299079895,67.322620391845703,8096.88221148
32,77,644,656,650.000000000000000,29.162975311279297,30.697866439819336,29.930420875549316,123.411571502685547,1451.11368603
33,78,504,504,504.000000000000000,25.088928222656250,25.088928222656250,25.088928222656250,58.199256896972656,61.5688374349
34,85,503,656,580.100000000000136,7.858129501342773,36.515773773193359,24.522427696651881,76.650630950927734,62495.5969148
35,86,480,482,481.000000000000000,18.975492477416992,21.550394058227539,20.262943267822266,78.035152435302734,1589.72648814
36,87,500,517,508.500000000000000,17.227500915527344,27.263858795166016,22.245679855346680,31.592877388000488,1544.45033816
37,88,620,631,625.500000000000000,27.140407562255859,27.801519393920898,27.470963478088379,64.181453704833984,2050.49512809
38,89,564,569,566.500000000000000,13.990004539489746,22.064483642578125,18.027244091033936,62.253873825073242,1306.65909188
39,90,651,657,654.000000000000000,14.976477622985840,16.313129425048828,15.644803524017334,109.000045776367188,1909.1086009
40,92,480,480,480.000000000000000,21.935871124267578,21.935871124267578,21.935871124267578,3.952287435531616,55.5571137182
41,95,511,541,524.899999999999977,15.501076698303223,21.740482330322266,18.869880008697510,40.259629249572754,7131.6237587
42,101,516,630,581.437500000000114,13.763770103454590,41.618839263916016,30.870215356349942,49.143344879150391,11421.4970731
43,108,430,430,430.000000000000000,22.286552429199219,22.286552429199219,22.286552429199219,243.102096557617188,583.19292358
44,113,414,421,417.250000000000000,4.745307922363281,8.694424629211426,6.300595402717590,164.962051391601562,3097.65404738
45,115,447,503,481.181818181818187,15.776526451110840,34.559078216552734,23.708109508861199,113.158172607421875,7377.72635816
46,116,412,412,412.000000000000000,6.643033027648926,6.643033027648926,6.643033027648926,204.651824951171875,662.26386008
47,118,429,429,429.000000000000000,19.992494583129883,19.992494583129883,19.992494583129883,219.012145996093750,544.100893835
48,119,556,571,563.500000000000000,27.961582183837891,29.782657623291016,28.872119903564453,244.599624633789062,1256.26466859
49,124,414,427,419.600000000000023,16.826436996459961,26.213859558105469,21.469621276855470,235.631881713867188,2934.15590664
50,125,547,554,550.500000000000000,21.003036499023438,23.485263824462891,22.244150161743164,228.991409301757812,1348.32865113
51,126,559,559,559.000000000000000,21.120460510253906,21.120460510253906,21.120460510253906,224.480392456054688,1244.1589264
52,130,418,430,424.000000000000000,23.190864562988281,27.800691604614258,25.495778083801270,263.014114379882812,1964.57454983
53,131,519,519,519.000000000000000,20.772031784057617,20.772031784057617,20.772031784057617,345.880889892578125,777.810639563
54,132,448,448,448.000000000000000,35.760341644287109,35.760341644287109,35.760341644287109,278.376464843750000,600.624400765
55,136,449,449,449.000000000000000,26.340990066528320,26.340990066528320,26.340990066528320,88.943374633789062,868.393166911
56,138,397,397,397.000000000000000,8.119603157043457,8.119603157043457,8.119603157043457,106.934211730957031,471.457099829
57,139,424,424,424.000000000000000,22.563398361206055,22.563398361206055,22.563398361206055,97.706604003906250,505.498822791
58,144,402,402,402.000000000000000,16.508213043212891,16.508213043212891,16.508213043212891,272.450408935546875,433.851968608
59,147,411,485,450.652173913043555,18.551057815551758,38.918987274169922,30.437839342200235,272.433410644531250,16413.9847341
60,151,504,508,506.333333333333314,10.798683166503906,13.878414154052734,12.481840133666992,201.559783935546875,1783.50531751
61,153,486,486,486.000000000000000,42.360591888427734,42.360591888427734,42.360591888427734,280.181457519531250,1193.35797109
62,156,530,530,530.000000000000000,28.705070495605469,28.705070495605469,28.705070495605469,274.508666992187500,211.517312176
63,160,682,682,682.000000000000000,18.257406234741211,18.257406234741211,18.257406234741211,108.816215515136719,39.7131102104
64,163,679,689,684.000000000000000,20.159479141235352,21.572320938110352,20.865900039672852,104.399314880371094,848.145448756
65,171,424,517,456.000000000000000,18.199127197265625,57.589244842529297,38.635719656944275,265.260864257812500,12877.3135399
66,175,474,474,474.000000000000000,31.814558029174805,31.814558029174805,31.814558029174805,248.187500000000000,672.517365609
67,182,390,448,417.750000000000000,21.582347869873047,36.198890686035156,29.900261163711548,268.482879638671875,6471.72480739
68,186,385,396,390.500000000000000,18.542385101318359,26.082544326782227,22.312464714050293,281.098083496093750,576.210584896
69,188,547,547,547.000000000000000,8.192308425903320,8.192308425903320,8.192308425903320,95.049652099609375,128.373380137
70,190,545,548,546.500000000000000,10.672023773193359,12.051517486572266,11.361770629882812,330.914596557617188,637.211676449
71,199,368,368,368.000000000000000,18.699468612670898,18.699468612670898,18.699468612670898,219.968856811523438,614.022329627
72,200,560,560,560.000000000000000,8.049937248229980,8.049937248229980,8.049937248229980,306.739990234375000,943.249918878
73,201,524,558,544.666666666666629,14.494633674621582,30.342439651489258,20.189420594109428,152.455017089843750,6312.82732719
74,205,693,698,694.666666666666629,24.514553070068359,29.400749206542969,27.684131622314453,170.446838378906250,459.912003493
75,206,625,637,631.000000000000000,16.357517242431641,20.070835113525391,18.214176177978516,241.165077209472656,409.471315018
76,210,467,489,478.800000000000011,19.089324951171875,26.071210861206055,22.774854278564455,226.719741821289062,2874.97283115
77,216,475,504,488.750000000000000,23.809118270874023,30.855840682983398,27.836179733276367,296.083465576171875,1747.02971948
78,217,467,481,475.285714285714334,3.976587057113647,15.468825340270996,9.990809542792185,42.608333587646484,4979.01491764
79,218,354,465,392.236363636363535,2.240714073181152,40.156604766845703,24.951100063323974,234.328094482421875,38813.331695
80,225,451,461,456.166666666666686,5.791105270385742,15.722322463989258,10.181798299153646,85.231224060058594,4553.24680523
81,226,386,398,391.666666666666686,15.467081069946289,22.286010742187500,19.391337076822918,96.035133361816406,4524.62199842
82,229,351,477,399.791666666666686,3.590713262557983,51.633224487304688,34.652976860602706,270.941726684570312,19704.1210332
83,233,412,423,417.500000000000000,19.243417739868164,22.425092697143555,20.834255218505859,261.775894165039062,1050.59213941
84,237,345,414,358.058823529411711,3.968106508255005,50.634807586669922,21.744412941091202,265.212066650390625,13335.0959669
85,248,346,400,359.571428571428612,4.707091808319092,46.161304473876953,21.296919039317540,259.012756347656250,11560.9696797
86,249,612,612,612.000000000000000,10.881273269653320,10.881273269653320,10.881273269653320,105.749198913574219,318.667507492
87,254,564,574,569.333333333333371,12.501118659973145,16.281538009643555,14.749538739522299,257.948699951171875,3445.42093427
88,256,656,656,656.000000000000000,33.499000549316406,33.499000549316406,33.499000549316406,158.691802978515625,108.433393657
89,259,550,550,550.000000000000000,12.471499443054199,12.471499443054199,12.471499443054199,162.347579956054688,134.546709501
90,260,610,610,610.000000000000000,6.628006935119629,6.628006935119629,6.628006935119629,45.765647888183594,210.871320039
91,276,346,364,355.000000000000000,21.650293350219727,24.519718170166016,22.611619949340820,112.991928100585938,2083.00122345
92,280,344,344,344.000000000000000,28.341373443603516,28.341373443603516,28.341373443603516,77.853828430175781,1169.29776838
93,283,655,655,655.000000000000000,42.115795135498047,42.115795135498047,42.115795135498047,307.776672363281250,465.047333518
94,285,423,431,426.666666666666686,16.326427459716797,19.685655593872070,18.332791646321613,117.836761474609375,2086.65332263
95,286,596,596,596.000000000000000,18.386808395385742,18.386808395385742,18.386808395385742,104.744850158691406,252.142357813
96,290,381,400,391.250000000000000,23.430574417114258,28.482105255126953,26.257652282714844,134.361793518066406,2863.62000865
97,291,331,331,331.000000000000000,15.976386070251465,15.976386070251465,15.976386070251465,131.300857543945312,886.426138501
98,292,254,295,271.000000000000000,21.698417663574219,34.831485748291016,27.503252029418945,160.788772583007812,3329.38084794
99,295,318,337,323.666666666666686,2.944958925247192,29.997493743896484,14.516541361808777,217.444656372070312,4060.0896482
100,296,238,337,277.285714285714278,19.066202163696289,47.569328308105469,35.758109864734465,165.595977783203125,14739.6584919
101,297,434,434,434.000000000000000,17.148141860961914,17.148141860961914,17.148141860961914,69.532653808593750,978.192569725
102,300,263,302,286.454545454545496,15.603674888610840,29.757286071777344,23.546237512068316,216.416503906250000,8499.32383689
103,302,321,321,321.000000000000000,8.834783554077148,11.252202987670898,10.043493270874023,98.086544036865234,1361.04180503
104,304,380,406,395.833333333333314,12.932757377624512,21.006998062133789,17.708033402760826,148.140136718750000,3826.04928236
105,305,320,320,320.000000000000000,24.168394088745117,24.168394088745117,24.168394088745117,241.175415039062500,699.43928125
106,306,241,321,273.849999999999966,20.586553573608398,43.168239593505859,29.120533370971682,160.883689880371094,14081.5575101
107,307,265,267,266.000000000000000,24.258008956909180,27.839527130126953,26.048768043518066,165.571838378906250,958.145485992
108,309,311,317,313.666666666666686,7.895106792449951,17.073719024658203,12.335883617401123,251.915679931640625,1285.93470165
109,311,305,310,307.000000000000000,3.812825202941895,13.153120040893555,7.917378425598145,103.766784667968750,3531.48955302
110,314,300,301,300.500000000000000,8.258675575256348,9.752933502197266,9.005804538726807,178.836326599121094,1042.29847844
111,321,228,238,233.000000000000000,9.752269744873047,21.283638000488281,15.517953872680664,213.392089843750000,2621.44984957
112,322,291,301,297.000000000000000,7.004705429077148,9.164040565490723,8.012362003326416,273.950363159179688,2286.38089015
113,323,369,435,400.142857142857167,16.130599975585938,33.595363616943359,28.155362129211429,201.887084960937500,11627.419283
114,324,227,234,231.000000000000000,2.470004081726074,19.238590240478516,8.141157763344902,219.601684570312500,4843.31904891
115,329,382,382,382.000000000000000,21.177976608276367,21.177976608276367,21.177976608276367,56.680961608886719,54.0422318663
116,331,389,389,389.000000000000000,20.102626800537109,20.102626800537109,20.102626800537109,53.362789154052734,186.275295121
117,332,356,373,365.000000000000000,18.897802352905273,19.764223098754883,19.454454421997070,74.878158569335938,1819.11589271
118,338,596,596,596.000000000000000,26.085542678833008,26.085542678833008,26.085542678833008,127.930740356445312,592.401230185
119,339,342,356,349.000000000000000,39.454860687255859,40.933746337890625,40.194303512573242,317.577194213867188,1540.42962928
120,342,380,419,400.199999999999989,34.654983520507812,40.264751434326172,36.328904724121095,314.579986572265625,2791.02663778
121,343,307,307,307.000000000000000,13.028212547302246,13.028212547302246,13.028212547302246,15.060228347778320,173.996683826
122,344,319,341,328.000000000000000,29.881721496582031,31.491931915283203,30.709202289581299,42.706745147705078,3346.27635262
123,347,277,277,277.000000000000000,7.877303600311279,7.877303600311279,7.877303600311279,171.348663330078125,1143.96024696
124,348,337,362,349.500000000000000,17.653148651123047,36.858989715576172,29.741157054901123,335.325119018554688,2666.97309742
125,351,485,485,485.000000000000000,33.670398712158203,33.670398712158203,33.670398712158203,329.087310791015625,467.247093274
126,353,381,415,395.399999999999977,24.393468856811523,33.084350585937500,29.932748794555664,175.829546928405762,6079.32949193
127,355,297,299,298.000000000000000,5.343396186828613,7.369440555572510,6.356418371200562,349.666763305664062,2096.94153962
128,356,283,500,381.553571428571502,22.762722015380859,45.389606475830078,33.038418020520886,338.342376708984375,40954.9148079
129,357,396,425,410.500000000000000,28.096931457519531,40.780879974365234,34.438905715942383,314.385650634765625,2119.58619554
130,362,396,424,407.000000000000000,22.534242630004883,34.327362060546875,28.579355239868164,340.823425292968750,2461.33355883
131,363,275,410,331.909090909090935,11.666091918945312,51.909488677978516,36.053241851113050,316.212799072265625,41590.0086721
132,365,518,519,518.500000000000000,19.755485534667969,23.723867416381836,21.739676475524902,190.642349243164062,1321.6096616
133,366,426,426,426.000000000000000,34.228038787841797,34.228038787841797,34.228038787841797,20.700214385986328,1111.48846531
134,367,369,397,382.875000000000000,20.214252471923828,29.023426055908203,25.404934883117676,337.951324462890625,4968.88057386
135,368,433,433,433.000000000000000,21.862024307250977,21.862024307250977,21.862024307250977,342.908020019531250,765.66384054
136,370,438,457,450.333333333333314,30.487344741821289,31.467151641845703,31.088804244995117,7.380308151245117,1574.14493389
137,374,295,303,298.250000000000000,7.129218101501465,13.681209564208984,9.521416187286377,330.957977294921875,5333.172983
138,375,541,541,541.000000000000000,30.749082565307617,30.749082565307617,30.749082565307617,308.629669189453125,1505.46968529
139,376,449,484,469.250000000000000,5.500043392181396,28.270183563232422,19.466077685356140,4.754020214080811,3775.15705311
140,377,508,508,508.000000000000000,17.187538146972656,17.187538146972656,17.187538146972656,300.721130371093750,1173.2072878
141,378,528,528,528.000000000000000,24.173448562622070,24.173448562622070,24.173448562622070,267.930053710937500,1360.06715063
142,381,549,549,549.000000000000000,25.250179290771484,25.250179290771484,25.250179290771484,294.910614013671875,1032.58962486
143,384,547,550,548.500000000000000,12.828098297119141,15.326084136962891,14.077091217041016,149.735847473144531,720.642662075
144,385,342,488,423.368421052631504,23.017555236816406,39.660854339599609,31.455419590598673,330.181838989257812,25144.3606489
145,387,525,525,525.000000000000000,22.230613708496094,22.230613708496094,22.230613708496094,149.769088745117188,554.712486224
146,389,412,412,412.000000000000000,11.437329292297363,11.437329292297363,11.437329292297363,195.922348022460938,435.63962431
147,391,378,562,465.500000000000000,13.044970512390137,43.204093933105469,34.950430202484135,344.685684204101562,37061.3276951
148,392,340,459,405.772727272727252,20.809875488281250,38.294799804687500,31.008726119995114,307.790649414062500,15957.7296354
149,393,342,385,359.000000000000000,28.477272033691406,37.528949737548828,33.764680317470003,348.012695312500000,4572.50551066
150,396,710,710,710.000000000000000,10.135033607482910,10.135033607482910,10.135033607482910,95.203498840332031,126.86632343
151,403,324,439,368.321428571428498,20.116157531738281,60.794532775878906,44.101751123155857,324.252487182617188,21464.4350809
152,404,339,339,339.000000000000000,44.124076843261719,44.124076843261719,44.124076843261719,272.840698242187500,735.161299528
153,406,424,424,424.000000000000000,54.168167114257812,54.168167114257812,54.168167114257812,304.274078369140625,1136.08129491
154,407,309,349,317.888888888888914,1.785164356231689,51.320262908935547,24.743925200568306,265.548126220703125,5497.99376837
155,408,309,364,336.500000000000000,50.674617767333984,59.989578247070312,55.332098007202148,245.675376892089844,765.080680422
156,409,465,465,465.000000000000000,4.513058662414551,4.640224933624268,4.576641798019409,151.012435913085938,1611.76522514
157,413,432,433,432.666666666666686,15.094827651977539,16.378982543945312,15.944948196411133,180.902145385742188,466.750344754
158,415,386,386,386.000000000000000,8.940198898315430,8.940198898315430,8.940198898315430,208.050506591796875,1117.59191039
159,416,310,315,311.666666666666686,1.199393987655640,16.368160247802734,7.843327760696411,275.017089843750000,1299.97142182
160,423,420,420,420.000000000000000,20.344562530517578,20.344562530517578,20.344562530517578,26.675060272216797,1037.95525775
161,425,628,634,631.000000000000000,38.855133056640625,39.338935852050781,39.097034454345703,22.330857276916504,1561.46660751
162,429,385,385,385.000000000000000,31.695318222045898,31.695318222045898,31.695318222045898,325.049438476562500,301.519379887
163,430,243,243,243.000000000000000,22.534488677978516,22.534488677978516,22.534488677978516,333.527801513671875,373.885837435
164,431,281,290,285.333333333333314,13.583645820617676,18.412225723266602,16.650944709777832,142.237289428710938,2695.08011626
165,434,249,249,249.000000000000000,24.645372390747070,24.645372390747070,24.645372390747070,305.282440185546875,591.805934724
166,435,428,428,428.000000000000000,16.060209274291992,16.060209274291992,16.060209274291992,315.034118652343750,387.528573496
167,441,260,307,285.500000000000000,14.048635482788086,30.523384094238281,24.780931631724041,62.679203033447266,8146.59073214
168,442,335,335,335.000000000000000,12.295029640197754,12.295029640197754,12.295029640197754,72.688941955566406,90.0704834217
169,443,330,332,331.000000000000000,11.138299942016602,12.540621757507324,11.839460849761963,149.308219909667969,2545.13803358
170,447,447,447,447.000000000000000,13.093221664428711,13.093221664428711,13.093221664428711,180.570053100585938,709.167400882
171,448,346,360,353.000000000000000,17.814088821411133,25.159940719604492,21.487014770507812,297.784866333007812,1420.88923313
172,457,344,364,355.333333333333314,22.041557312011719,23.483619689941406,22.834075291951496,338.575012207031250,1698.6438329
173,461,323,323,323.000000000000000,21.123451232910156,21.123451232910156,21.123451232910156,344.022186279296875,445.328882211
174,465,529,550,538.428571428571445,19.667709350585938,26.662164688110352,22.828557968139652,169.047286987304688,4915.60791436
175,468,329,329,329.000000000000000,7.975131034851074,7.975131034851074,7.975131034851074,98.104972839355469,1000.75677923
176,471,520,551,533.769230769230830,10.050440788269043,19.895530700683594,14.400542405935434,140.074005126953125,10949.7051982
177,474,372,372,372.000000000000000,22.243206024169922,22.243206024169922,22.243206024169922,84.167495727539062,950.428877562
178,475,340,343,341.500000000000000,12.289522171020508,18.548170089721680,15.418846130371094,211.208541870117188,1161.72560034
179,477,539,539,539.000000000000000,15.447426795959473,15.447426795959473,15.447426795959473,127.368347167968750,528.581109361
180,478,551,581,566.500000000000000,14.738609313964844,24.385772705078125,17.597078704833987,120.897590637207031,6700.06341617
181,481,378,384,381.000000000000000,19.845670700073242,20.537502288818359,20.191586494445801,308.489578247070312,1144.61849951
182,483,488,491,489.333333333333314,19.490421295166016,21.485210418701172,20.160338719685871,175.507278442382812,1920.63506554
183,487,552,567,558.500000000000000,14.810994148254395,16.927423477172852,16.100908994674683,144.479240417480469,2477.48870045
184,488,293,371,328.717391304347814,2.477503299713135,34.156829833984375,21.827879641367041,159.887901306152344,34635.4625782
185,492,531,537,534.000000000000000,17.152778625488281,18.617660522460938,17.885219573974609,141.380004882812500,1913.35958513
186,494,521,521,521.000000000000000,10.793725013732910,10.793725013732910,10.793725013732910,152.562454223632812,513.06513756
187,495,344,366,356.250000000000000,15.826118469238281,22.429653167724609,19.647264957427979,124.590782165527344,2983.30513162
188,496,509,516,513.333333333333371,8.891010284423828,10.238991737365723,9.738376617431641,158.658432006835938,2343.07075968
189,497,453,454,453.333333333333314,7.554170131683350,11.518218994140625,9.688978036244711,50.471794128417969,1932.51103621
190,498,309,321,315.000000000000000,25.110239028930664,25.425992965698242,25.268115997314453,109.186351776123047,2188.68391965
191,499,347,347,347.000000000000000,12.920125961303711,12.920125961303711,12.920125961303711,127.244644165039062,1939.36345962
192,500,454,463,459.333333333333314,6.202019691467285,14.307502746582031,11.077149073282879,59.432373046875000,1720.2524444
193,501,426,435,429.666666666666686,21.199050903320312,22.236606597900391,21.818072636922199,81.666572570800781,1255.86229459
194,502,465,510,488.615384615384585,9.102000236511230,25.993049621582031,19.750116788423977,118.024543762207031,9784.23591672
195,505,463,464,463.500000000000000,3.884475469589233,10.492184638977051,7.188330054283142,91.338542938232422,1529.45950864
196,506,350,357,353.500000000000000,10.478513717651367,19.045207977294922,15.158066749572754,87.534049987792969,2865.82227272
197,513,301,301,301.000000000000000,5.721505641937256,5.721505641937256,5.721505641937256,121.384338378906250,54.0422946219
198,516,368,377,372.000000000000000,16.320768356323242,16.918491363525391,16.707352320353191,98.918601989746094,1944.03917536
199,517,316,316,316.000000000000000,19.178199768066406,19.178199768066406,19.178199768066406,148.775817871093750,245.761837322
200,519,319,319,319.000000000000000,17.785419464111328,17.785419464111328,17.785419464111328,193.755615234375000,609.619437989
201,527,445,458,450.857142857142833,8.271316528320312,12.746504783630371,10.647919518607003,158.542205810546875,4655.10670693
202,530,437,441,439.000000000000000,3.444097518920898,13.231813430786133,8.337955474853516,106.657737731933594,873.45039446
203,531,348,348,348.000000000000000,18.073394775390625,18.073394775390625,18.073394775390625,304.746490478515625,746.347528444
204,535,492,537,525.500000000000000,5.658289432525635,30.181394577026367,17.069194237391152,155.017063140869141,4508.26203744
205,537,467,474,470.500000000000000,18.986307144165039,19.865388870239258,19.425848007202148,99.310356140136719,1490.90484174
206,538,399,428,414.199999999999989,16.647335052490234,20.654329299926758,18.210690307617188,154.052719116210938,2895.58407908
207,543,316,355,331.722222222222172,3.856676816940308,29.674530029296875,18.235874957508511,289.830200195312500,12481.4854727
208,546,451,451,451.000000000000000,17.050125122070312,17.050125122070312,17.050125122070312,3.889528989791870,1286.92994313
209,547,388,390,389.000000000000000,6.690992355346680,7.423797607421875,7.057394981384277,135.682571411132812,1995.67248728
210,551,355,355,355.000000000000000,25.651882171630859,25.651882171630859,25.651882171630859,344.645446777343750,814.407976409
211,552,365,371,368.000000000000000,12.990991592407227,15.521932601928711,14.121635754903158,318.255950927734375,2049.17681962
212,554,377,377,377.000000000000000,20.148864746093750,20.148864746093750,20.148864746093750,321.414550781250000,416.660790699
213,557,421,421,421.000000000000000,28.024551391601562,28.024551391601562,28.024551391601562,325.327880859375000,79.1924314327
214,560,353,378,365.250000000000000,12.511674880981445,26.620933532714844,21.208597183227539,337.343017578125000,3241.41790691
215,561,452,452,452.000000000000000,18.464292526245117,18.464292526245117,18.464292526245117,85.391464233398438,845.57033291
216,562,391,391,391.000000000000000,13.609827041625977,13.609827041625977,13.609827041625977,356.718170166015625,934.674209184
217,568,424,424,424.000000000000000,27.436994552612305,27.436994552612305,27.436994552612305,330.971893310546875,63.0493350481
218,575,344,370,355.666666666666686,27.243068695068359,32.930938720703125,30.281927108764648,113.677032470703125,1731.96141689
219,577,535,535,535.000000000000000,31.662740707397461,31.662740707397461,31.662740707397461,140.699768066406250,707.37427829
220,579,365,379,373.500000000000000,12.258637428283691,27.558986663818359,21.646066427230835,127.157798767089844,2736.41848873
221,580,369,381,375.000000000000000,21.744695663452148,25.687604904174805,23.716150283813477,64.779205322265625,638.728506078
222,581,474,474,474.000000000000000,35.827934265136719,35.827934265136719,35.827934265136719,322.534210205078125,1174.36603638
223,582,561,585,572.399999999999977,21.087087631225586,28.381097793579102,25.894165802001954,128.815231323242188,3728.42050396
224,585,475,475,475.000000000000000,11.764817237854004,11.764817237854004,11.764817237854004,67.094139099121094,268.403524477
225,586,435,435,435.000000000000000,7.529181003570557,7.529181003570557,7.529181003570557,168.906494140625000,649.341798117
226,588,410,482,449.653846153846075,17.201356887817383,36.172885894775391,28.762963661780727,336.899444580078125,18172.2785417
227,589,443,443,443.000000000000000,23.492345809936523,23.492345809936523,23.492345809936523,284.573822021484375,642.330193292
228,595,387,387,387.000000000000000,9.602871894836426,9.602871894836426,9.602871894836426,320.050109863281250,313.138315087
229,596,427,427,427.000000000000000,16.031097412109375,16.031097412109375,16.031097412109375,324.039520263671875,804.065398974
230,598,599,599,599.000000000000000,10.420707702636719,10.420707702636719,10.420707702636719,21.376199722290039,1067.96906502
231,600,421,421,421.000000000000000,9.687883377075195,9.687883377075195,9.687883377075195,298.348999023437500,727.997958425
232,602,408,417,412.500000000000000,14.134066581726074,19.790618896484375,16.962342739105225,67.459396362304688,835.913451106
233,603,469,472,470.500000000000000,19.518014907836914,20.737834930419922,20.127924919128418,18.669738769531250,1331.92389586
234,604,435,435,435.000000000000000,18.455642700195312,18.455642700195312,18.455642700195312,246.083312988281250,601.902297296
235,605,444,444,444.000000000000000,25.914278030395508,25.914278030395508,25.914278030395508,81.663360595703125,826.57129875
236,608,472,472,472.000000000000000,28.985555648803711,28.985555648803711,28.985555648803711,311.325256347656250,1382.48643465
237,609,368,371,369.500000000000000,6.626125335693359,7.499691009521484,7.062908172607422,314.827087402343750,986.094631901
238,612,474,474,474.000000000000000,14.895956039428711,14.895956039428711,14.895956039428711,175.014816284179688,949.013903709
239,613,448,448,448.000000000000000,11.935634613037109,11.935634613037109,11.935634613037109,184.387573242187500,2195.09520934
240,614,601,635,618.500000000000000,34.004894256591797,43.184608459472656,38.307178497314453,168.394599914550781,2730.03691456
241,617,387,387,387.000000000000000,32.067390441894531,32.067390441894531,32.067390441894531,260.029693603515625,394.444869905
242,619,490,515,502.500000000000000,12.783033370971680,36.403034210205078,24.593033790588379,125.203056335449219,995.993002799
243,620,504,575,539.666666666666629,35.041549682617188,42.070583343505859,37.663782755533852,142.393280029296875,2196.79476517
244,621,397,397,397.000000000000000,23.377910614013672,23.377910614013672,23.377910614013672,268.985015869140625,1256.49449911
245,625,499,519,509.000000000000000,28.298336029052734,32.453868865966797,30.376102447509766,162.123695373535156,1610.25595229
246,627,568,568,568.000000000000000,28.174055099487305,28.174055099487305,28.174055099487305,289.850067138671875,94.7220501574
247,631,447,451,449.000000000000000,9.506544113159180,11.328691482543945,10.417617797851562,111.490474700927734,596.568237162
248,634,569,569,569.000000000000000,21.261297225952148,21.261297225952148,21.261297225952148,58.790340423583984,835.666467371
249,638,446,484,465.500000000000000,26.224792480468750,36.405197143554688,31.219214439392090,196.556098937988281,3199.09107202
250,643,404,404,404.000000000000000,17.960588455200195,17.960588455200195,17.960588455200195,71.496864318847656,370.700844195
251,645,553,564,557.333333333333371,14.164607048034668,22.141324996948242,17.185712178548176,315.968139648437500,1947.6214555
252,648,414,429,418.500000000000000,2.756739616394043,23.987504959106445,13.853390455245972,158.429489135742188,3415.76448546
253,649,566,566,566.000000000000000,17.220464706420898,17.220464706420898,17.220464706420898,102.356796264648438,526.795584959
254,651,446,447,446.500000000000000,15.155325889587402,17.213174819946289,16.184250354766846,14.965898513793945,1114.29995309
255,655,455,455,455.000000000000000,18.407211303710938,18.407211303710938,18.407211303710938,327.671783447265625,728.21973705
256,656,458,458,458.000000000000000,14.987759590148926,14.987759590148926,14.987759590148926,128.228210449218750,406.351015486
257,657,502,503,502.500000000000000,15.655277252197266,17.471006393432617,16.563141822814941,84.739627838134766,1837.67146806
258,658,563,563,563.000000000000000,26.644760131835938,26.644760131835938,26.644760131835938,123.038558959960938,703.439139714
259,659,424,424,424.000000000000000,4.349424362182617,4.349424362182617,4.349424362182617,336.721252441406250,194.409817672
260,661,470,470,470.000000000000000,18.568172454833984,18.568172454833984,18.568172454833984,18.450067520141602,465.941250797
261,662,555,555,555.000000000000000,24.958360671997070,24.958360671997070,24.958360671997070,150.556320190429688,685.065320147
262,663,410,410,410.000000000000000,31.680753707885742,31.680753707885742,31.680753707885742,124.904747009277344,1266.5017866
263,665,367,374,370.500000000000000,10.668790817260742,16.457036972045898,13.562913894653320,206.876533508300781,745.374021176
264,667,739,739,739.000000000000000,24.665390014648438,24.665390014648438,24.665390014648438,338.446929931640625,712.336066902
265,675,548,548,548.000000000000000,25.134420394897461,25.134420394897461,25.134420394897461,335.557891845703125,782.864841387
266,676,452,452,452.000000000000000,29.800664901733398,29.800664901733398,29.800664901733398,288.515686035156250,632.275771773
267,682,669,692,680.500000000000000,36.772342681884766,38.200923919677734,37.486633300781250,325.190017700195312,796.332671463
268,683,629,637,633.000000000000000,21.354173660278320,27.303756713867188,24.328965187072754,54.133571624755859,1589.35662722
269,684,465,465,465.000000000000000,17.626688003540039,17.626688003540039,17.626688003540039,317.997741699218750,797.376238957
270,687,443,443,443.000000000000000,37.193004608154297,37.193004608154297,37.193004608154297,254.868164062500000,175.788747
271,691,423,423,423.000000000000000,35.245193481445312,35.245193481445312,35.245193481445312,253.370925903320312,2230.87468079
272,692,647,656,651.500000000000000,26.855123519897461,29.242336273193359,28.048729896545410,34.212967872619629,1027.4450884
273,696,525,525,525.000000000000000,24.165735244750977,24.165735244750977,24.165735244750977,146.205444335937500,470.046139415
274,697,383,383,383.000000000000000,1.331892848014832,1.331892848014832,1.331892848014832,232.504760742187500,149.709538124
275,699,750,750,750.000000000000000,34.462165832519531,34.462165832519531,34.462165832519531,322.938262939453125,534.50795477
276,701,726,742,734.000000000000000,30.861085891723633,33.461418151855469,32.161252021789551,321.595718383789062,1311.61353489
277,702,488,494,491.000000000000000,26.095535278320312,27.627937316894531,26.861736297607422,30.039314270019531,929.379432821
278,708,577,577,577.000000000000000,20.761734008789062,20.761734008789062,20.761734008789062,330.017608642578125,872.903223818
279,710,559,559,559.000000000000000,15.157193183898926,18.283098220825195,16.720145702362061,190.702489852905273,571.570895877
280,714,575,575,575.000000000000000,17.652700424194336,17.652700424194336,17.652700424194336,52.313655853271484,480.867778645
281,715,394,394,394.000000000000000,5.073082923889160,5.073082923889160,5.073082923889160,285.599822998046875,265.157091026
282,716,694,694,694.000000000000000,21.396734237670898,21.396734237670898,21.396734237670898,28.155256271362305,772.392457997
283,718,580,580,580.000000000000000,9.825523376464844,9.825523376464844,9.825523376464844,12.323378562927246,1158.47530259
284,719,395,398,396.500000000000000,1.917713522911072,16.550117492675781,9.233915507793427,256.849960327148438,327.591826421
285,720,553,726,634.833333333333371,15.501051902770996,41.462844848632812,29.707882192399765,52.151430130004883,13490.5731547
286,723,593,594,593.500000000000000,14.969350814819336,19.675745010375977,17.322547912597656,352.731643676757812,1183.54830311
287,724,728,745,736.500000000000000,26.567808151245117,33.484367370605469,30.026087760925293,22.222206115722656,979.422598305
288,725,423,426,424.500000000000000,4.985843658447266,9.142588615417480,7.064216136932373,198.483230590820312,1082.92500423
289,726,610,610,610.000000000000000,24.508621215820312,24.508621215820312,24.508621215820312,344.720031738281250,85.4933423484
290,727,765,782,773.500000000000000,34.291347503662109,35.884719848632812,35.088033676147461,61.417150497436523,1265.49405511
291,728,796,833,814.500000000000000,31.668640136718750,36.297592163085938,34.045213699340820,38.557210922241211,2591.91171181
292,729,527,549,538.000000000000000,31.992506027221680,38.164672851562500,35.078589439392090,9.609729051589966,1453.80120455
293,730,383,395,388.000000000000000,24.812856674194336,30.328542709350586,28.260689417521160,334.757812500000000,2100.26775922
294,731,475,535,504.375000000000057,32.380535125732422,39.285060882568359,36.424086093902588,85.791553497314453,5040.36578668
295,732,446,501,470.500000000000057,36.217426300048828,42.103500366210938,39.289360523223877,118.784511566162109,5300.12431974
296,734,585,585,585.000000000000000,28.999792098999023,28.999792098999023,28.999792098999023,161.279937744140625,760.629419929
297,735,432,432,432.000000000000000,15.599819183349609,15.599819183349609,15.599819183349609,115.583068847656250,986.985978004
298,736,477,481,479.000000000000000,3.511038303375244,13.166586875915527,8.338812589645386,290.013832092285156,1342.69794767
299,738,482,483,482.500000000000000,5.222540378570557,7.951814174652100,6.587177276611328,156.255046844482422,1935.53821263
300,739,585,600,592.250000000000000,21.077520370483398,29.004163742065430,24.795291423797607,136.451103210449219,2404.0663858
301,740,478,488,483.000000000000000,18.308465957641602,24.157938003540039,21.233201980590820,271.529495239257812,1893.48062536
302,741,412,412,412.000000000000000,35.463783264160156,35.463783264160156,35.463783264160156,336.079803466796875,643.041392498
303,744,594,612,601.285714285714334,14.454360961914062,20.255559921264648,17.764571734837123,143.478195190429688,4818.94703989
304,747,457,466,462.199999999999989,10.541219711303711,22.387031555175781,14.582821846008301,319.555145263671875,3885.39717955
305,749,552,552,552.000000000000000,21.976747512817383,21.976747512817383,21.976747512817383,122.669555664062500,814.779075616
306,750,501,501,501.000000000000000,10.741262435913086,10.741262435913086,10.741262435913086,19.929449081420898,406.54170078
307,751,782,811,799.250000000000000,23.430173873901367,34.527271270751953,29.557414531707764,144.584854125976562,2775.69255571
308,754,566,586,576.333333333333371,22.081251144409180,29.402976989746094,25.241441726684570,141.630233764648438,1932.36485485
309,757,515,515,515.000000000000000,28.661355972290039,28.661355972290039,28.661355972290039,312.299957275390625,565.332615931
310,762,450,474,463.000000000000000,10.166026115417480,31.939275741577148,22.899760405222576,113.151187896728516,3466.10764699
311,763,413,413,413.000000000000000,23.294437408447266,23.294437408447266,23.294437408447266,312.671905517578125,540.856949676
312,764,599,604,601.500000000000000,19.738458633422852,24.312126159667969,22.025292396545410,14.871007919311523,1005.84519552
313,765,651,657,654.000000000000000,13.814046859741211,17.425413131713867,15.619729995727539,108.438823699951172,1127.21019495
314,766,478,488,483.000000000000000,20.718879699707031,28.981996536254883,24.850438117980957,115.977012634277344,773.704798416
315,768,474,482,478.000000000000000,4.432979583740234,9.654483795166016,7.902074813842773,64.114715576171875,1859.50556713
316,769,539,539,539.000000000000000,38.893913269042969,38.893913269042969,38.893913269042969,346.757476806640625,701.70184192
317,771,472,487,480.500000000000000,5.252894878387451,23.050470352172852,13.096646229426065,50.103225708007812,3615.77022121
318,774,532,532,532.000000000000000,24.909461975097656,24.909461975097656,24.909461975097656,66.269187927246094,820.868209829
319,775,551,558,554.500000000000000,19.689661026000977,24.056644439697266,21.873152732849121,46.831346511840820,1225.21134972
320,776,488,515,502.428571428571388,16.290510177612305,29.886470794677734,23.939081464494979,69.990966796875000,4253.1552956
321,777,437,461,450.000000000000000,28.495506286621094,33.273670196533203,31.579783121744793,321.889404296875000,2344.9834092
322,778,580,588,584.000000000000000,28.958990097045898,31.409341812133789,30.184165954589844,33.758899688720703,1953.72823959
323,779,471,471,471.000000000000000,16.550622940063477,16.550622940063477,16.550622940063477,155.174575805664062,1111.37323578
324,781,482,482,482.000000000000000,33.718574523925781,33.718574523925781,33.718574523925781,134.788223266601562,746.123215377
325,782,490,496,493.000000000000000,17.655052185058594,25.551876068115234,21.603464126586914,29.767331123352051,2372.08775173
326,783,769,921,871.914893617021448,2.311292648315430,47.787715911865234,28.042889310958536,111.197242736816406,34415.5187047
327,785,485,499,491.750000000000000,12.628355026245117,21.007884979248047,16.648618698120117,120.063560485839844,2624.06546925
328,786,468,474,470.800000000000011,16.043045043945312,29.834545135498047,21.971049118041993,347.942321777343750,4035.03358083
329,787,452,500,486.500000000000000,27.778305053710938,38.028907775878906,35.081587791442871,348.069808959960938,5507.72265648
330,788,512,512,512.000000000000000,26.368932723999023,26.368932723999023,26.368932723999023,332.520843505859375,805.183381005
331,789,474,501,482.600000000000023,15.239160537719727,32.063430786132812,22.809740829467774,16.333749771118164,3349.95233682
332,790,599,653,618.500000000000000,12.781701087951660,33.584712982177734,24.466299533843994,10.781051158905029,3718.54130674
333,791,517,517,517.000000000000000,30.411327362060547,30.411327362060547,30.411327362060547,340.933532714843750,1100.91256825
334,792,512,515,513.000000000000000,6.299838066101074,18.486753463745117,10.457615216573080,112.992729187011719,1341.18380751
335,793,516,516,516.000000000000000,33.344234466552734,33.344234466552734,33.344234466552734,17.994905471801758,540.435533626
336,796,466,466,466.000000000000000,22.139730453491211,22.139730453491211,22.139730453491211,149.641769409179688,778.132576253
337,797,510,528,519.500000000000000,16.292139053344727,25.364093780517578,19.758315086364746,323.119766235351562,2327.02480755
338,798,548,575,559.250000000000000,4.163712501525879,26.503374099731445,18.516279935836792,45.168355941772461,2589.28096819
339,799,510,510,510.000000000000000,13.601365089416504,13.601365089416504,13.601365089416504,17.224174499511719,1259.49125561
340,800,463,463,463.000000000000000,22.964365005493164,22.964365005493164,22.964365005493164,146.956420898437500,1010.88315618
341,801,560,566,563.000000000000000,15.135783195495605,15.143928527832031,15.139855861663818,293.569915771484375,495.662306891
342,802,529,529,529.000000000000000,16.288272857666016,16.288272857666016,16.288272857666016,8.650099754333496,783.854062946
343,804,461,465,463.000000000000000,16.990224838256836,19.988441467285156,18.489333152770996,137.579254150390625,915.488179352
344,806,586,586,586.000000000000000,41.411998748779297,41.411998748779297,41.411998748779297,118.027755737304688,1705.2738322
345,807,627,627,627.000000000000000,26.626279830932617,26.626279830932617,26.626279830932617,128.424041748046875,1196.13635099
346,808,477,490,483.666666666666686,10.955636024475098,13.075367927551270,12.074243863423666,30.483343124389648,1383.21655533
347,809,454,455,454.500000000000000,15.146475791931152,15.602308273315430,15.374392032623291,184.757065773010254,1916.55692813
348,810,421,457,437.875000000000000,6.155828475952148,34.586475372314453,22.797081112861633,305.058578491210938,7615.87993783
349,812,500,500,500.000000000000000,7.765946865081787,7.765946865081787,7.765946865081787,319.920776367187500,854.20816825
350,813,661,661,661.000000000000000,29.040021896362305,29.040021896362305,29.040021896362305,311.495330810546875,940.019271383
351,814,485,508,496.333333333333314,20.128973007202148,25.649133682250977,22.247464497884113,290.256988525390625,1559.70666837
352,815,682,682,682.000000000000000,29.212680816650391,29.212680816650391,29.212680816650391,301.210540771484375,745.699574066
353,816,459,464,461.500000000000000,9.617635726928711,10.473756790161133,10.045696258544922,181.301850318908691,1335.2319173
354,818,519,538,527.500000000000000,14.119303703308105,21.055404663085938,17.097755908966064,318.188125610351562,2263.02024315
355,819,523,523,523.000000000000000,11.109548568725586,11.109548568725586,11.109548568725586,270.429992675781250,1381.20555926
356,820,508,508,508.000000000000000,7.144756793975830,7.144756793975830,7.144756793975830,77.643417358398438,1180.84075929
357,822,501,501,501.000000000000000,31.955318450927734,31.955318450927734,31.955318450927734,341.432128906250000,339.361899779
358,824,502,513,507.500000000000000,21.357650756835938,28.159070968627930,24.758360862731934,67.189495086669922,968.294653067
359,825,508,508,508.000000000000000,20.753116607666016,20.753116607666016,20.753116607666016,333.960144042968750,839.178573692
360,826,645,659,652.000000000000000,25.261060714721680,30.031333923339844,27.646197319030762,79.659641265869141,1077.93539956
361,827,816,816,816.000000000000000,25.367155075073242,25.367155075073242,25.367155075073242,357.481170654296875,917.272545638
362,828,707,707,707.000000000000000,19.914051055908203,19.914051055908203,19.914051055908203,0.366195440292358,335.907249469
363,829,643,643,643.000000000000000,40.011024475097656,40.011024475097656,40.011024475097656,94.915222167968750,1431.32658245
364,830,1008,1043,1026.250000000000000,24.542564392089844,31.245185852050781,28.033263206481934,119.658050537109375,2816.83665934
365,831,461,475,466.875000000000000,7.069546699523926,23.632234573364258,12.495602607727053,286.884231567382812,5846.14046174
366,832,558,558,558.000000000000000,13.768733024597168,13.768733024597168,13.768733024597168,247.509262084960938,1552.01620125
367,833,716,716,716.000000000000000,24.669267654418945,24.669267654418945,24.669267654418945,344.844635009765625,363.325858086
368,834,872,872,872.000000000000000,35.240325927734375,35.240325927734375,35.240325927734375,358.505035400390625,1129.80833191
369,835,705,717,709.333333333333371,25.418256759643555,30.241291046142578,28.234704971313477,311.533508300781250,1198.14874733
370,836,654,654,654.000000000000000,34.117397308349609,34.117397308349609,34.117397308349609,28.960777282714844,1226.95494026
371,837,868,933,904.666666666666629,27.208251953125000,40.875789642333984,34.705977121988930,324.105072021484375,6245.80617723
372,840,564,577,569.000000000000000,23.621511459350586,27.690940856933594,25.693400065104168,63.887863159179688,2838.19527794
373,841,601,633,613.750000000000000,27.160041809082031,34.220119476318359,32.064725875854492,93.523334503173828,2327.25366163
374,842,815,840,831.333333333333371,37.356243133544922,41.315006256103516,39.426321665445961,351.080688476562500,1670.97372633
375,843,663,684,673.666666666666629,22.090442657470703,28.395629882812500,24.692230224609375,90.928230285644531,2111.01220653
376,844,823,852,837.500000000000000,44.034538269042969,44.485015869140625,44.259777069091797,346.284408569335938,439.530543623
377,845,675,675,675.000000000000000,5.463506698608398,5.463506698608398,5.463506698608398,137.439468383789062,786.397521078
378,846,720,720,720.000000000000000,17.875406265258789,17.875406265258789,17.875406265258789,149.422302246093750,627.114423812
379,847,611,620,615.500000000000000,36.109409332275391,43.261280059814453,39.685344696044922,156.579376220703125,1047.98511322
380,848,762,767,764.500000000000000,9.651430130004883,17.596733093261719,13.624081611633301,134.458324432373047,858.105288148
381,849,527,527,527.000000000000000,6.020395278930664,12.391028404235840,9.205711841583252,258.776443481445312,1203.39156307
382,850,558,577,566.250000000000000,19.172580718994141,31.212518692016602,26.612382411956787,156.419700622558594,1729.52208416
383,851,437,454,445.000000000000000,14.913061141967773,19.786399841308594,17.580935796101887,280.719482421875000,2324.30973653
384,852,513,513,513.000000000000000,18.760385513305664,18.760385513305664,18.760385513305664,331.124023437500000,1162.17886051
385,853,529,545,535.000000000000000,20.788299560546875,24.629129409790039,23.259030024210613,10.746511459350586,1170.24411655
386,854,543,543,543.000000000000000,20.725240707397461,20.725240707397461,20.725240707397461,58.063632965087891,757.546428518
387,855,450,450,450.000000000000000,16.002138137817383,16.002138137817383,16.002138137817383,292.098114013671875,831.215022657
388,856,603,603,603.000000000000000,22.247327804565430,22.247327804565430,22.247327804565430,27.223546981811523,592.715213774
389,857,581,581,581.000000000000000,12.550134658813477,12.550134658813477,12.550134658813477,303.880310058593750,405.316558053
390,858,1043,1052,1047.500000000000000,25.271007537841797,31.739767074584961,28.505387306213379,121.916938781738281,658.097993472
391,861,591,591,591.000000000000000,13.974918365478516,13.974918365478516,13.974918365478516,227.165557861328125,889.795746694
392,863,1066,1066,1066.000000000000000,31.408805847167969,31.408805847167969,31.408805847167969,124.051635742187500,1106.28892288
393,864,703,703,703.000000000000000,20.538776397705078,20.538776397705078,20.538776397705078,83.086311340332031,563.493824871
394,866,677,677,677.000000000000000,36.260665893554688,36.260665893554688,36.260665893554688,112.667152404785156,568.454973464
395,867,577,581,579.000000000000000,16.338790893554688,21.029422760009766,18.684106826782227,35.501527786254883,1414.65279764
396,868,517,517,517.000000000000000,25.008266448974609,25.008266448974609,25.008266448974609,74.946853637695312,741.019763486
397,869,542,542,542.000000000000000,18.135358810424805,18.135358810424805,18.135358810424805,69.727478027343750,1485.99409811
398,871,594,594,594.000000000000000,26.131772994995117,26.131772994995117,26.131772994995117,235.025100708007812,765.971943036
399,872,582,589,585.500000000000000,1.081893801689148,17.575719833374023,9.328806817531586,83.671066284179688,846.931818331
400,873,603,607,605.000000000000000,12.459095001220703,12.463102340698242,12.461098670959473,143.840957641601562,2197.88790418
401,877,520,527,523.500000000000000,21.419755935668945,22.535579681396484,21.977667808532715,74.099201202392578,669.600477186
402,878,446,490,467.600000000000023,22.424995422363281,25.544883728027344,24.554489135742188,279.586059570312500,4411.66138455
403,879,645,652,648.500000000000000,5.746840000152588,24.913291931152344,15.330065965652466,162.460540771484375,2796.33272273
404,881,579,605,592.333333333333371,26.559148788452148,32.033916473388672,29.562796910603840,109.830497741699219,1426.53941511
405,882,445,445,445.000000000000000,14.236309051513672,14.236309051513672,14.236309051513672,283.025665283203125,1304.23309595
406,884,520,520,520.000000000000000,8.826269149780273,8.826269149780273,8.826269149780273,339.998535156250000,1305.16842358
407,886,560,565,561.666666666666629,6.389361858367920,14.096234321594238,8.994194030761719,119.288055419921875,1701.65331047
408,887,545,545,545.000000000000000,20.680372238159180,20.680372238159180,20.680372238159180,41.842609405517578,275.997957198
409,888,513,534,523.250000000000000,32.427822113037109,37.492538452148438,34.554543495178223,182.083679199218750,2683.97087914
410,889,551,551,551.000000000000000,16.223485946655273,16.223485946655273,16.223485946655273,24.392000198364258,947.539976327
411,890,586,586,586.000000000000000,17.867052078247070,17.867052078247070,17.867052078247070,16.232507705688477,717.274548058
412,891,703,803,759.049999999999841,25.486778259277344,44.216922760009766,33.283924102783203,112.103759765625000,16044.3899981
413,893,667,675,671.000000000000000,28.298839569091797,31.726005554199219,30.012422561645508,127.826320648193359,2018.57448165
414,894,681,747,720.285714285714221,24.097743988037109,39.213184356689453,31.108357020786830,118.900680541992188,4490.38843107
415,895,450,578,491.829268292682968,4.954936027526855,46.244911193847656,24.976179506720563,175.818130493164062,31556.9647904
416,896,601,601,601.000000000000000,21.500150680541992,21.500150680541992,21.500150680541992,291.188262939453125,861.958220103
417,898,538,549,541.600000000000023,2.112201929092407,23.229797363281250,12.959853124618530,246.182525634765625,3314.14076245
418,899,565,565,565.000000000000000,23.743230819702148,23.743230819702148,23.743230819702148,147.964126586914062,1024.5958255
419,902,567,567,567.000000000000000,20.498472213745117,20.498472213745117,20.498472213745117,84.162117004394531,955.300520373
420,905,802,834,820.000000000000000,27.896089553833008,31.984510421752930,29.519908905029297,356.861083984375000,2747.53618196
421,907,472,477,474.500000000000000,28.678066253662109,32.217765808105469,30.447916030883789,342.972686767578125,1197.78721918
422,908,481,481,481.000000000000000,19.559070587158203,19.559070587158203,19.559070587158203,142.329208374023438,688.894282403
423,909,535,538,536.500000000000000,7.403208255767822,14.415141105651855,10.909174680709839,58.076601028442383,1402.08219137
424,910,526,526,526.000000000000000,20.953092575073242,20.953092575073242,20.953092575073242,169.922698974609375,699.860759865
425,912,503,503,503.000000000000000,15.305722236633301,15.305722236633301,15.305722236633301,193.173583984375000,496.313630895
426,913,508,508,508.000000000000000,11.171648979187012,11.171648979187012,11.171648979187012,129.481277465820312,469.492622076
427,914,529,529,529.000000000000000,5.502924919128418,5.502924919128418,5.502924919128418,120.321395874023438,561.186642161
428,915,957,957,957.000000000000000,21.126295089721680,21.126295089721680,21.126295089721680,266.763671875000000,578.18642311
429,916,715,1026,864.958041958042145,11.645123481750488,44.604907989501953,29.495641581662056,96.633918762207031,105333.223334
430,919,567,567,567.000000000000000,9.176002502441406,9.176002502441406,9.176002502441406,119.277656555175781,847.195644679
431,920,443,454,449.666666666666686,13.060939788818359,15.231829643249512,13.893602053324381,341.424743652343750,1905.57887158
432,921,800,815,808.000000000000000,14.601286888122559,28.249708175659180,21.037680387496948,195.450622558593750,2556.97460369
433,922,546,547,546.500000000000000,4.725170612335205,11.590207099914551,8.157688856124878,197.597297668457031,1205.15462006
434,923,555,555,555.000000000000000,23.016710281372070,23.016710281372070,23.016710281372070,175.637054443359375,1173.53727908
435,925,974,974,974.000000000000000,13.594207763671875,13.594207763671875,13.594207763671875,296.105468750000000,645.238526275
436,926,563,574,568.500000000000000,17.881511688232422,23.242713928222656,20.562112808227539,227.638748168945312,941.763347102
437,928,608,608,608.000000000000000,20.397026062011719,20.397026062011719,20.397026062011719,288.104858398437500,646.715355911
438,929,470,577,526.466666666666811,11.131991386413574,38.010105133056641,27.739783763885498,341.553771972656250,21172.8380233
439,930,788,792,790.000000000000000,8.499540328979492,17.720979690551758,11.713617324829102,183.750022888183594,2892.69185086
440,931,492,504,498.000000000000000,23.814250946044922,26.012575149536133,24.913413047790527,124.602199554443359,1628.93145501
441,932,556,563,559.500000000000000,18.470809936523438,28.483444213867188,23.477127075195312,122.887596130371094,1215.53796519
442,933,639,642,640.500000000000000,13.109378814697266,13.914802551269531,13.512090682983398,154.609077453613281,571.867434401
443,934,505,505,505.000000000000000,12.295104026794434,19.741748809814453,16.018426418304443,210.028465270996094,927.789420161
444,935,522,527,524.666666666666629,5.911107063293457,15.939960479736328,12.552886327107748,100.996452331542969,1676.02042698
445,937,486,507,497.666666666666686,20.620159149169922,32.015361785888672,26.028475443522137,112.008033752441406,2223.01439618
446,938,472,473,472.500000000000000,6.146748542785645,10.102574348449707,8.124661445617676,204.957054138183594,1279.98167689
447,940,556,626,583.666666666666742,21.804239273071289,39.345672607421875,31.989522552490229,152.835723876953125,10459.1381702
448,941,561,561,561.000000000000000,18.295297622680664,18.295297622680664,18.295297622680664,348.726745605468750,1021.94333835
449,942,711,712,711.500000000000000,6.159982681274414,8.228193283081055,7.194087982177734,154.162277221679688,776.112889874
450,943,619,619,619.000000000000000,24.147529602050781,24.147529602050781,24.147529602050781,22.414873123168945,1178.21427808
451,945,448,455,451.500000000000000,9.774837493896484,22.559732437133789,16.167284965515137,125.768424987792969,794.323984229
452,946,463,469,466.250000000000000,6.143003463745117,14.022457122802734,10.112514972686768,127.371734619140625,1907.57159186
453,947,492,492,492.000000000000000,22.709123611450195,22.709123611450195,22.709123611450195,150.941055297851562,697.026844935
454,948,676,690,683.000000000000000,22.263889312744141,22.419988632202148,22.341938972473145,352.086441040039062,1260.98026318
455,949,496,496,496.000000000000000,19.824058532714844,19.824058532714844,19.824058532714844,22.607604980468750,851.173492516
456,951,687,698,692.500000000000000,19.919927597045898,29.799030303955078,24.859478950500488,53.068937301635742,1614.40981753
457,952,519,559,540.333333333333371,26.958993911743164,34.926799774169922,31.372491836547852,341.464874267578125,1795.33703033
458,953,510,510,510.000000000000000,25.620080947875977,25.620080947875977,25.620080947875977,67.635269165039062,1256.15389307
459,955,531,531,531.000000000000000,18.329235076904297,18.329235076904297,18.329235076904297,35.845520019531250,689.208668271
460,956,609,609,609.000000000000000,17.957508087158203,17.957508087158203,17.957508087158203,208.528289794921875,603.050684835
461,957,517,563,537.799999999999955,8.480076789855957,31.639738082885742,21.234153938293456,274.651062011718750,4900.26447572
462,959,425,433,429.000000000000000,9.643177032470703,16.616138458251953,13.129657745361328,194.737487792968750,1386.32153912
463,960,633,633,633.000000000000000,6.275785923004150,6.275785923004150,6.275785923004150,358.793426513671875,708.053672309
464,961,689,689,689.000000000000000,23.002685546875000,23.002685546875000,23.002685546875000,152.456756591796875,1218.01523134
465,963,548,548,548.000000000000000,18.988729476928711,18.988729476928711,18.988729476928711,75.159591674804688,413.89865905
466,964,454,568,509.291666666666629,2.181237936019897,35.980449676513672,27.349330435196556,153.463806152343750,18493.1718463
467,966,652,652,652.000000000000000,17.388504028320312,17.388504028320312,17.388504028320312,146.409240722656250,521.360145516
468,967,512,515,513.500000000000000,18.805894851684570,20.620159149169922,19.713027000427246,154.748512268066406,1438.00496088
469,970,566,573,569.500000000000000,34.439464569091797,34.456989288330078,34.448226928710938,116.251350402832031,1399.61347181
470,971,446,446,446.000000000000000,9.749852180480957,11.360774040222168,10.555313110351562,189.543560981750488,839.427266633
471,976,619,619,619.000000000000000,30.739805221557617,30.739805221557617,30.739805221557617,16.938060760498047,453.550379227
472,977,616,665,642.875000000000000,25.023359298706055,37.930603027343750,32.400770187377930,135.200691223144531,5447.64606619
473,978,459,459,459.000000000000000,29.055566787719727,29.055566787719727,29.055566787719727,356.904693603515625,1228.01180032
474,979,451,544,493.181818181818130,15.789432525634766,34.133899688720703,25.354097886518996,326.530273437500000,10063.3201442
475,980,585,585,585.000000000000000,39.759750366210938,39.759750366210938,39.759750366210938,158.331146240234375,904.510717279
476,982,964,983,973.500000000000000,29.843660354614258,33.719760894775391,31.781710624694824,176.942939758300781,1452.49765764
477,983,475,504,490.250000000000000,26.878515243530273,32.423786163330078,30.472541809082031,49.340450286865234,2971.16165183
478,985,577,577,577.000000000000000,24.003089904785156,24.003089904785156,24.003089904785156,182.675842285156250,1032.88183192
479,988,961,974,967.500000000000000,33.414466857910156,35.889694213867188,34.652080535888672,235.502403259277344,1076.03019076
480,989,592,592,592.000000000000000,27.606037139892578,27.606037139892578,27.606037139892578,351.608428955078125,218.49021395
481,990,551,551,551.000000000000000,41.029193878173828,41.029193878173828,41.029193878173828,81.898895263671875,404.125970622
482,991,493,505,499.000000000000000,22.974769592285156,23.723962783813477,23.349366188049316,102.446914672851562,2508.17817916
483,992,566,575,570.500000000000000,10.755920410156250,19.958683013916016,15.357301712036133,194.350990295410156,1002.25050592
484,995,528,554,543.500000000000000,7.024094104766846,18.195619583129883,13.172260204950968,214.072982788085938,4064.88737505
485,996,492,492,492.000000000000000,19.577163696289062,19.577163696289062,19.577163696289062,325.142852783203125,897.889497911
486,997,482,482,482.000000000000000,20.018854141235352,20.018854141235352,20.018854141235352,334.869171142578125,578.654208057
487,999,1025,1025,1025.000000000000000,19.408048629760742,19.408048629760742,19.408048629760742,219.974258422851562,27.0209659148
488,1001,547,547,547.000000000000000,23.921180725097656,23.921180725097656,23.921180725097656,146.857437133789062,1757.67883228
489,1007,1015,1015,1015.000000000000000,20.465770721435547,20.465770721435547,20.465770721435547,209.684799194335938,56.6775671224
490,1009,490,499,494.000000000000000,18.334812164306641,20.687393188476562,19.685501734415691,100.662261962890625,1919.86900736
491,1011,525,550,537.500000000000000,28.150869369506836,34.180553436279297,31.165711402893066,176.479026794433594,1966.45720334
492,1012,527,541,534.333333333333371,15.802940368652344,28.612352371215820,20.725900014241535,138.427017211914062,1961.71461134
493,1013,425,441,431.666666666666686,20.161252975463867,24.590770721435547,23.030676523844402,167.280715942382812,2562.97205971
494,1014,586,586,586.000000000000000,22.498907089233398,22.498907089233398,22.498907089233398,72.479324340820312,850.001589632
495,1015,536,537,536.500000000000000,26.723031997680664,29.058471679687500,27.890751838684082,90.725734710693359,1464.45057105
496,1016,513,527,520.000000000000000,15.769113540649414,23.624763488769531,19.650438944498696,139.730834960937500,2956.91447081
497,1019,497,502,499.500000000000000,13.978035926818848,17.606279373168945,15.792157649993896,131.793064117431641,1005.58910522
498,1021,544,553,547.666666666666629,11.788653373718262,22.153429031372070,18.560274442036945,123.470062255859375,1441.25992351
499,1022,529,529,529.000000000000000,17.150165557861328,17.150165557861328,17.150165557861328,108.086494445800781,879.792284302
500,1023,500,500,500.000000000000000,21.362997055053711,21.362997055053711,21.362997055053711,220.500946044921875,915.838284521
501,1025,507,514,510.500000000000000,11.708234786987305,14.773370742797852,13.240802764892578,189.510078430175781,1696.01298839
502,1026,562,569,565.500000000000000,20.566864013671875,30.178398132324219,25.372631072998047,117.545051574707031,1600.73962026
503,1027,494,509,501.250000000000000,23.555990219116211,24.473285675048828,24.108505249023438,167.228683471679688,2477.34499785
504,1030,578,578,578.000000000000000,25.370683670043945,25.370683670043945,25.370683670043945,30.439470291137695,74.45292212
505,1032,577,585,581.000000000000000,16.003715515136719,19.664873123168945,17.834294319152832,194.072120666503906,1198.15815413
506,1033,578,621,599.333333333333371,32.767971038818359,42.820068359375000,37.641928354899086,107.800148010253906,3329.80384768
507,1034,532,532,532.000000000000000,6.438169479370117,6.438169479370117,6.438169479370117,57.087947845458984,924.103549183
508,1036,444,474,460.800000000000011,20.856721878051758,26.407175064086914,23.789615249633790,155.274612426757812,4123.23700131
509,1038,538,549,543.666666666666629,13.378503799438477,14.155741691589355,13.869560877482096,65.044479370117188,2863.88109314
510,1039,520,541,531.750000000000000,14.085171699523926,27.950479507446289,20.933231115341187,353.245758056640625,2210.36691044
511,1040,764,796,781.000000000000000,37.589675903320312,41.991401672363281,39.653920491536461,59.438106536865234,908.651963265
512,1041,606,606,606.000000000000000,26.010171890258789,26.010171890258789,26.010171890258789,31.062288284301758,763.917116475
513,1042,533,533,533.000000000000000,14.519844055175781,14.519844055175781,14.519844055175781,28.789815902709961,352.226322072
514,1043,425,471,441.521739130434753,4.611218452453613,29.544496536254883,17.712050562319551,210.340805053710938,18926.688116
515,1044,604,620,612.000000000000000,26.343107223510742,31.934474945068359,29.138791084289551,19.309756755828857,1844.47476972
516,1045,490,525,509.199999999999989,21.976366043090820,33.931919097900391,27.789082717895507,284.627655029296875,4301.90317957
517,1046,528,534,531.000000000000000,13.779221534729004,14.431348800659180,14.105285167694092,84.253320693969727,1113.33919068
518,1047,551,699,625.983333333332894,5.400572776794434,42.708824157714844,28.838598759969077,19.791028976440430,45295.3879422
519,1048,454,454,454.000000000000000,9.300526618957520,9.300526618957520,9.300526618957520,137.407577514648438,465.715206935
520,1049,640,640,640.000000000000000,28.867671966552734,28.867671966552734,28.867671966552734,0.962775409221649,824.3466996
521,1050,499,523,510.100000000000023,12.442534446716309,21.660421371459961,16.039009380340577,115.950004577636719,6963.80945392
522,1052,420,421,420.500000000000000,3.504234313964844,8.621450424194336,6.062842369079590,207.858489990234375,1574.2644792
523,1053,592,592,592.000000000000000,10.454680442810059,10.454680442810059,10.454680442810059,297.288543701171875,1486.48806467
524,1054,523,544,531.000000000000000,22.922677993774414,31.671131134033203,27.496849695841473,20.154283523559570,1741.77792561
525,1055,508,549,531.200000000000045,25.340414047241211,31.335851669311523,28.173854827880859,164.149047851562500,4063.69609953
526,1056,465,465,465.000000000000000,12.614897727966309,12.614897727966309,12.614897727966309,349.293792724609375,818.101762609
527,1057,565,565,565.000000000000000,14.270783424377441,14.270783424377441,14.270783424377441,261.736206054687500,633.899282113
528,1058,574,587,579.285714285714334,4.885715007781982,23.233512878417969,15.315124307359968,91.332656860351562,4105.23637136
529,1059,580,712,633.046153846153970,7.050844669342041,45.650623321533203,29.728237379514258,333.404968261718750,49018.4992279
530,1060,600,600,600.000000000000000,4.330800056457520,4.330800056457520,4.330800056457520,250.920394897460938,769.671621845
531,1061,816,841,828.500000000000000,39.707012176513672,43.918605804443359,41.812808990478516,113.296268463134766,1231.62603215
532,1063,527,527,527.000000000000000,21.510869979858398,21.510869979858398,21.510869979858398,281.868988037109375,439.595777277
533,1064,495,508,502.750000000000000,12.307918548583984,26.793344497680664,18.210936069488525,260.383483886718750,2245.66521399
534,1065,655,683,670.666666666666629,26.676986694335938,27.910053253173828,27.336556752522785,321.737976074218750,2471.05193769
535,1066,535,535,535.000000000000000,30.022369384765625,30.022369384765625,30.022369384765625,37.991764068603516,775.511976121
536,1067,851,851,851.000000000000000,21.509763717651367,21.509763717651367,21.509763717651367,130.366592407226562,1477.50690529
537,1068,532,532,532.000000000000000,33.479358673095703,33.479358673095703,33.479358673095703,65.231445312500000,448.922007758
538,1069,555,618,586.500000000000000,23.180444717407227,30.850181579589844,28.178247769673668,119.379673004150391,4606.73805481
539,1070,582,582,582.000000000000000,27.296949386596680,27.296949386596680,27.296949386596680,5.388877868652344,380.919837824
540,1071,514,550,536.399999999999977,13.727743148803711,27.092016220092773,21.748816776275632,49.794887542724609,7860.7114361
541,1072,497,501,499.000000000000000,9.919373512268066,15.480483055114746,12.699928283691406,258.154777526855469,702.547142949
542,1073,351,354,352.500000000000000,2.681203603744507,9.994936943054199,6.338070273399353,139.130023956298828,1362.5305733
543,1074,360,360,360.000000000000000,8.768320083618164,8.768320083618164,8.768320083618164,245.980056762695312,984.023835813
544,1075,642,651,646.500000000000000,10.557175636291504,17.732442855834961,14.144809246063232,166.021194458007812,1329.07543466
545,1076,746,750,748.000000000000000,18.995359420776367,19.596727371215820,19.296043395996094,18.350541114807129,2322.04527736
546,1077,845,845,845.000000000000000,26.413755416870117,26.413755416870117,26.413755416870117,175.996154785156250,561.707589154
547,1078,531,610,580.857142857142890,30.333400726318359,44.517734527587891,37.715397971017019,342.325195312500000,4748.86800263
548,1079,683,721,700.250000000000000,32.699588775634766,44.197002410888672,37.496832370758057,60.498266220092773,6590.30144448
549,1080,597,597,597.000000000000000,20.167629241943359,20.167629241943359,20.167629241943359,290.433715820312500,1215.91984623
550,1083,635,635,635.000000000000000,27.877473831176758,27.877473831176758,27.877473831176758,345.327331542968750,234.972723948
551,1085,600,629,617.250000000000000,13.984045028686523,35.089099884033203,23.790421962738037,123.760887145996094,3411.70093909
552,1086,585,585,585.000000000000000,21.002128601074219,21.002128601074219,21.002128601074219,139.476531982421875,475.870715919
553,1087,733,733,733.000000000000000,26.486328125000000,26.486328125000000,26.486328125000000,171.998107910156250,759.735052709
554,1088,472,472,472.000000000000000,7.147349357604980,7.147349357604980,7.147349357604980,341.754943847656250,579.36485312
555,1089,526,537,532.000000000000000,18.604515075683594,25.509967803955078,22.625723520914715,285.588104248046875,1626.66100943
556,1092,633,636,634.500000000000000,9.343152999877930,20.042594909667969,14.692873954772949,317.651870727539062,2390.26200401
557,1093,518,518,518.000000000000000,19.284513473510742,19.284513473510742,19.284513473510742,85.264038085937500,1708.02049213
558,1094,564,597,577.666666666666629,22.484474182128906,33.253330230712891,27.757823626200356,291.444259643554688,3138.90430859
559,1095,444,459,451.500000000000000,25.952899932861328,26.924169540405273,26.438534736633301,202.466262817382812,691.202061213
560,1097,470,481,474.666666666666686,5.806935787200928,21.011558532714844,11.823028405507406,103.672584533691406,2330.58208331
561,1098,440,457,446.166666666666686,5.701845645904541,26.570089340209961,14.526406327883404,39.379531860351562,8654.06531541
562,1099,566,567,566.500000000000000,29.216329574584961,29.671274185180664,29.443801879882812,9.626832723617554,1045.94555998
563,1100,569,582,575.500000000000000,28.105045318603516,29.975603103637695,29.040324211120605,285.270477294921875,542.790550321
564,1103,816,894,856.363636363636374,28.759811401367188,44.374084472656250,36.507360631769359,104.835372924804688,7539.43454179
565,1105,420,423,421.500000000000000,6.813743591308594,8.190601348876953,7.502172470092773,96.555944442749023,1460.76770059
566,1108,667,667,667.000000000000000,18.733034133911133,18.733034133911133,18.733034133911133,293.133514404296875,1631.88425669
567,1109,515,515,515.000000000000000,29.267723083496094,29.267723083496094,29.267723083496094,334.361358642578125,937.961267128
568,1110,589,604,597.166666666666629,21.390979766845703,27.632095336914062,25.678599039713543,133.676933288574219,4675.9581561
569,1113,658,658,658.000000000000000,14.765339851379395,14.765339851379395,14.765339851379395,42.427253723144531,173.690805955
570,1114,547,650,609.315789473683935,5.856864452362061,41.107612609863281,29.814947617681401,95.914089202880859,28086.3088233
571,1115,461,461,461.000000000000000,19.987648010253906,19.987648010253906,19.987648010253906,5.105395793914795,156.861076593
572,1117,446,446,446.000000000000000,20.254899978637695,25.114742279052734,22.684821128845215,350.545043945312500,1578.78974084
573,1120,396,419,408.833333333333314,18.229475021362305,27.494108200073242,22.183988889058433,60.675704956054688,5128.56149886
574,1121,472,472,472.000000000000000,16.952466964721680,16.952466964721680,16.952466964721680,15.388614654541016,347.107656729
575,1122,729,729,729.000000000000000,14.092626571655273,14.092626571655273,14.092626571655273,51.430988311767578,446.544618559
576,1123,617,617,617.000000000000000,30.375068664550781,30.375068664550781,30.375068664550781,117.041641235351562,795.773451559
577,1124,690,690,690.000000000000000,12.746548652648926,12.746548652648926,12.746548652648926,52.799896240234375,999.860099106
578,1125,584,609,598.600000000000023,13.752054214477539,22.262296676635742,19.218048858642579,111.412155151367188,2226.50779872
579,1126,508,515,511.500000000000000,21.747283935546875,24.116674423217773,22.931979179382324,319.638671875000000,1150.74000236
580,1127,572,572,572.000000000000000,13.710362434387207,13.710362434387207,13.710362434387207,282.845825195312500,591.731658572
581,1128,648,648,648.000000000000000,21.053924560546875,21.053924560546875,21.053924560546875,55.271278381347656,470.075314397
582,1129,533,533,533.000000000000000,7.921116828918457,7.921116828918457,7.921116828918457,275.227203369140625,893.758748749
583,1130,552,563,557.500000000000000,17.842962265014648,19.800514221191406,18.821738243103027,198.437454223632812,904.972376426
584,1134,558,558,558.000000000000000,23.257595062255859,23.257595062255859,23.257595062255859,349.159942626953125,506.152744906
585,1137,736,870,808.578947368421154,18.355827331542969,42.582168579101562,32.033885855423776,329.594299316406250,14452.6827045
586,1138,571,571,571.000000000000000,27.760599136352539,27.760599136352539,27.760599136352539,132.875778198242188,1213.50087667
587,1140,597,597,597.000000000000000,34.517330169677734,34.517330169677734,34.517330169677734,135.427139282226562,1088.69717342
588,1142,669,669,669.000000000000000,35.180541992187500,35.180541992187500,35.180541992187500,22.336612701416016,1009.69766335
589,1143,426,439,432.500000000000000,27.234479904174805,34.056621551513672,30.645550727844238,115.872734069824219,1224.38034253
590,1145,581,622,599.500000000000000,35.474662780761719,37.339469909667969,36.565685272216797,110.427562713623047,2404.84007633
591,1146,571,576,573.500000000000000,14.731903076171875,17.692787170410156,16.212345123291016,15.450827598571777,908.577438156
592,1147,551,551,551.000000000000000,16.702575683593750,16.702575683593750,16.702575683593750,356.471008300781250,480.361201986
593,1148,624,668,645.833333333333371,23.789567947387695,35.588390350341797,31.173701286315918,82.236068725585938,5766.17777767
594,1149,575,575,575.000000000000000,23.489620208740234,23.489620208740234,23.489620208740234,48.079360961914062,617.044171631
595,1150,588,604,593.666666666666629,22.639200210571289,37.016300201416016,30.383434295654297,166.490356445312500,1714.29495573
596,1151,508,508,508.000000000000000,4.273501396179199,4.273501396179199,4.273501396179199,81.374153137207031,958.594928296
597,1152,587,601,594.000000000000000,29.356197357177734,32.302547454833984,30.829372406005859,82.731349945068359,915.656849578
598,1153,592,615,603.500000000000000,10.318574905395508,24.010831832885742,17.164703369140625,44.655878067016602,1552.14762035
599,1154,529,542,535.500000000000000,29.870571136474609,33.124027252197266,31.497299194335938,111.904628753662109,1050.14612424
600,1155,498,513,504.250000000000000,7.985276699066162,26.692573547363281,18.295930266380310,332.752899169921875,2521.65738486
601,1156,569,572,570.500000000000000,16.252777099609375,22.364896774291992,19.308836936950684,314.692672729492188,1764.14340457
602,1160,648,665,656.500000000000000,23.502380371093750,32.697940826416016,28.100160598754883,273.329833984375000,1478.87356705
603,1161,724,724,724.000000000000000,28.650461196899414,28.650461196899414,28.650461196899414,105.489112854003906,961.229061064
604,1162,519,537,528.000000000000000,31.842683792114258,34.861602783203125,33.352143287658691,173.705253601074219,1694.72455901
605,1163,494,502,498.000000000000000,12.726398468017578,15.245388031005859,13.985893249511719,250.655990600585938,2059.59264227
606,1164,609,649,629.500000000000000,25.606748580932617,33.719608306884766,28.920334815979004,103.055339813232422,3202.64755003
607,1165,761,761,761.000000000000000,33.781757354736328,33.781757354736328,33.781757354736328,132.080245971679688,729.042455202
608,1166,597,601,599.000000000000000,15.484470367431641,21.742401123046875,18.613435745239258,118.082717895507812,1589.28167739
609,1167,660,660,660.000000000000000,25.219013214111328,25.219013214111328,25.219013214111328,137.026306152343750,796.443941232
610,1168,648,664,657.500000000000000,17.184349060058594,25.133333206176758,20.740854740142822,304.978225708007812,3488.08342445
611,1169,522,536,528.000000000000000,18.684837341308594,24.746221542358398,21.843107859293621,205.529953002929688,1850.17775355
612,1170,771,771,771.000000000000000,36.510551452636719,36.510551452636719,36.510551452636719,132.324981689453125,706.737044758
613,1172,509,509,509.000000000000000,12.058593750000000,12.058593750000000,12.058593750000000,4.943630695343018,883.35557201
614,1175,756,769,762.500000000000000,30.818508148193359,32.067298889160156,31.442903518676758,142.697456359863281,1065.08355791
615,1176,810,810,810.000000000000000,35.990688323974609,35.990688323974609,35.990688323974609,1.644612312316895,699.264448346
616,1177,540,540,540.000000000000000,27.549240112304688,27.549240112304688,27.549240112304688,27.411344528198242,464.03498347
617,1178,809,856,831.333333333333371,37.462741851806641,39.456623077392578,38.345369974772133,13.955449104309082,1386.9968198
618,1179,453,480,467.250000000000000,22.795465469360352,30.785354614257812,26.975347518920898,302.025329589843750,3119.52911638
619,1180,788,788,788.000000000000000,26.559026718139648,26.559026718139648,26.559026718139648,171.232894897460938,390.200198784
620,1181,496,496,496.000000000000000,14.129934310913086,14.129934310913086,14.129934310913086,319.357269287109375,1107.98813307
621,1183,839,912,881.000000000000000,24.381208419799805,44.924762725830078,34.440275669097900,16.343954563140869,2622.74148647
622,1185,569,572,570.500000000000000,16.906532287597656,22.800270080566406,19.853401184082031,14.520859241485596,1108.02602875
623,1186,546,557,551.500000000000000,15.705925941467285,24.605848312377930,20.155887126922607,192.658973693847656,1624.42418188
624,1187,457,462,459.500000000000000,12.464538574218750,15.370109558105469,13.917324066162109,280.584823608398438,790.235852236
625,1188,498,498,498.000000000000000,23.642057418823242,23.642057418823242,23.642057418823242,239.308593750000000,625.793363476
626,1189,529,554,539.333333333333371,21.203496932983398,23.989086151123047,22.607398986816406,202.126525878906250,2362.49134047
627,1190,470,470,470.000000000000000,18.609968185424805,18.609968185424805,18.609968185424805,309.202087402343750,288.225214614
628,1191,569,569,569.000000000000000,32.386066436767578,32.386066436767578,32.386066436767578,22.707099914550781,616.828560432
629,1192,689,689,689.000000000000000,21.792741775512695,21.792741775512695,21.792741775512695,106.489440917968750,615.275252825
630,1193,618,618,618.000000000000000,28.802619934082031,28.802619934082031,28.802619934082031,62.924522399902344,90.0701257661
631,1194,599,632,619.000000000000000,23.716066360473633,35.983085632324219,28.435928980509441,330.552612304687500,1700.75438076
632,1195,643,647,645.000000000000000,26.046461105346680,28.019990921020508,27.033226013183594,334.946166992187500,1425.68228147
633,1197,602,602,602.000000000000000,19.117940902709961,19.117940902709961,19.117940902709961,37.334674835205078,797.5610271
634,1198,506,520,512.250000000000000,19.193744659423828,20.733722686767578,19.803994655609131,139.367172241210938,2620.14394402
635,1201,520,532,526.000000000000000,17.996675491333008,18.094818115234375,18.045746803283691,167.718292236328125,1626.18973205
636,1202,666,666,666.000000000000000,34.281566619873047,34.281566619873047,34.281566619873047,118.261787414550781,500.836370494
637,1203,664,664,664.000000000000000,23.204046249389648,23.204046249389648,23.204046249389648,345.979400634765625,1195.28519972
638,1204,665,676,670.500000000000000,25.680446624755859,32.133144378662109,28.906795501708984,180.925681948661804,747.879079662
639,1205,768,780,774.000000000000000,26.588623046875000,26.911996841430664,26.750309944152832,97.307521820068359,505.12121123
640,1206,489,515,502.000000000000000,8.906613349914551,33.145671844482422,18.745541572570801,244.624786376953125,7691.64132789
641,1208,648,685,666.250000000000000,34.588581085205078,37.662925720214844,35.770579338073730,23.334136009216309,3098.42360755
642,1209,465,465,465.000000000000000,34.412017822265625,34.412017822265625,34.412017822265625,273.652160644531250,1045.30873124
643,1210,573,586,579.500000000000000,22.371778488159180,27.871294021606445,25.121536254882812,88.826393127441406,1056.54014582
644,1211,426,426,426.000000000000000,8.378287315368652,8.378287315368652,8.378287315368652,245.397491455078125,1276.40612714
645,1213,710,716,713.000000000000000,21.401826858520508,26.455253601074219,23.928540229797363,40.395490646362305,1175.37772266
646,1214,479,482,480.500000000000000,10.862573623657227,21.398550033569336,16.130561828613281,230.495941162109375,856.368110955
647,1215,468,475,471.500000000000000,17.126466751098633,19.391149520874023,18.258808135986328,293.836975097656250,584.788124287
648,1217,618,618,618.000000000000000,30.498764038085938,30.498764038085938,30.498764038085938,95.283805847167969,1388.39283779
649,1218,668,712,686.777777777777715,12.159111022949219,20.856576919555664,15.506291283501518,79.161659240722656,7059.588553
650,1219,606,652,631.333333333333371,33.135314941406250,35.844001770019531,34.290635426839195,118.242927551269531,1890.31131897
651,1220,425,426,425.500000000000000,13.608481407165527,15.001371383666992,14.304926395416260,154.073272705078125,921.57499621
652,1221,584,584,584.000000000000000,27.044172286987305,27.044172286987305,27.044172286987305,214.748886108398438,969.274302194
653,1222,509,509,509.000000000000000,15.751909255981445,15.751909255981445,15.751909255981445,272.874114990234375,324.253363087
654,1223,466,466,466.000000000000000,23.964912414550781,23.964912414550781,23.964912414550781,221.287490844726562,307.644679328
655,1225,417,417,417.000000000000000,14.448490142822266,14.448490142822266,14.448490142822266,154.513397216796875,859.747109771
656,1230,733,733,733.000000000000000,9.869909286499023,9.869909286499023,9.869909286499023,284.319122314453125,173.837993476
657,1232,657,657,657.000000000000000,20.495132446289062,20.495132446289062,20.495132446289062,125.368988037109375,1654.41294432
658,1233,927,950,938.500000000000000,11.273314476013184,29.375303268432617,20.324308872222900,120.381538391113281,1541.78371322
659,1234,394,434,416.187500000000000,15.701660156250000,22.753248214721680,20.149405479431152,43.950626373291016,12514.6664963
660,1235,443,469,460.600000000000023,6.544899940490723,21.940788269042969,14.288500213623047,313.495758056640625,3780.50381771
661,1236,431,431,431.000000000000000,24.380760192871094,24.380760192871094,24.380760192871094,272.944976806640625,661.369560133
662,1237,560,560,560.000000000000000,9.097144126892090,13.366922378540039,11.232033252716064,192.137680053710938,1693.06848834
663,1241,613,620,616.500000000000000,28.576114654541016,30.029390335083008,29.302752494812012,338.468246459960938,838.726554637
664,1242,573,574,573.500000000000000,16.468358993530273,20.660976409912109,18.564667701721191,13.790307521820068,1016.91622286
665,1243,567,571,569.000000000000000,10.615083694458008,14.433053970336914,12.524068832397461,132.545158386230469,980.405891972
666,1244,911,944,928.000000000000000,32.909049987792969,35.937683105468750,34.350025177001953,62.044486999511719,2465.65241923
667,1245,624,624,624.000000000000000,35.455059051513672,35.455059051513672,35.455059051513672,277.109344482421875,1432.17566304
668,1246,426,426,426.000000000000000,21.421918869018555,21.421918869018555,21.421918869018555,307.380371093750000,807.222409857
669,1248,679,679,679.000000000000000,19.915555953979492,19.915555953979492,19.915555953979492,179.277420043945312,551.893815295
670,1249,749,755,751.666666666666629,6.955830097198486,15.837393760681152,11.604705333709717,241.513168334960938,1926.49906869
671,1252,636,655,645.666666666666629,2.066280364990234,27.869670867919922,16.787871042887367,86.415824890136719,2523.80885985
672,1253,775,783,779.000000000000000,16.491743087768555,19.112295150756836,17.802019119262695,286.132827758789062,1495.55219026
673,1254,388,392,390.000000000000000,7.388991832733154,15.645112037658691,11.517051935195923,220.186859130859375,774.322155366
674,1255,422,438,430.600000000000023,8.140939712524414,19.965732574462891,15.440851783752441,155.335296630859375,2370.60367223
675,1256,509,509,509.000000000000000,13.801543235778809,13.801543235778809,13.801543235778809,176.756652832031250,472.331348717
676,1257,878,913,897.000000000000000,33.223140716552734,38.588317871093750,36.335512797037758,76.087898254394531,1917.1244087
677,1260,394,403,398.500000000000000,21.945554733276367,28.791000366210938,25.368277549743652,132.851593017578125,1063.17987333
678,1262,903,955,927.500000000000000,30.913366317749023,38.747520446777344,34.687006473541260,74.623825073242188,2272.83256857
679,1263,527,532,529.500000000000000,33.770080566406250,41.111305236816406,37.440692901611328,100.264461517333984,1024.1978559
680,1264,380,391,386.199999999999989,9.762426376342773,12.667578697204590,10.957517433166505,296.649261474609375,3692.89232734
681,1266,507,507,507.000000000000000,28.338333129882812,28.338333129882812,28.338333129882812,113.004600524902344,385.161037693
682,1267,359,366,362.500000000000000,16.652860641479492,17.177364349365234,16.915112495422363,262.765647888183594,1322.33654539
683,1268,724,733,728.500000000000000,23.543231964111328,23.933517456054688,23.738374710083008,80.349948883056641,459.744066466
684,1269,420,432,426.000000000000000,14.694722175598145,16.824876785278320,15.759799480438232,292.825653076171875,1223.96026444
685,1270,615,618,616.500000000000000,9.898172378540039,16.116209030151367,13.007190704345703,194.294906616210938,1193.59549892
686,1271,400,405,402.500000000000000,8.357075691223145,10.616054534912109,9.486565113067627,247.542686462402344,1860.05071101
687,1273,636,645,640.500000000000000,21.929782867431641,28.212312698364258,25.071047782897949,78.061786651611328,1965.58516574
688,1274,671,686,678.500000000000000,30.005743026733398,35.445236206054688,32.725489616394043,91.875213623046875,461.042968945
689,1275,670,717,693.500000000000000,31.583528518676758,33.068119049072266,32.325823783874512,176.370239257812500,1875.83796541
690,1276,411,411,411.000000000000000,16.522836685180664,16.522836685180664,16.522836685180664,163.725082397460938,922.108274574
691,1277,468,468,468.000000000000000,21.271213531494141,21.271213531494141,21.271213531494141,155.843276977539062,527.047792049
692,1278,380,438,412.555555555555543,13.280998229980469,26.697761535644531,19.679974026150173,145.812164306640625,7797.23562379
693,1279,719,719,719.000000000000000,22.142040252685547,22.142040252685547,22.142040252685547,153.366790771484375,1416.68037468
694,1280,621,621,621.000000000000000,7.501295089721680,7.501295089721680,7.501295089721680,74.813697814941406,820.441142915
695,1281,655,667,662.000000000000000,22.686935424804688,30.232782363891602,25.854651133219402,146.378158569335938,1434.15480264
696,1283,600,600,600.000000000000000,19.922622680664062,19.922622680664062,19.922622680664062,122.077270507812500,1599.58014689
697,1284,375,394,385.750000000000000,6.633798122406006,18.805822372436523,14.702481150627136,179.483436584472656,4074.51121996
698,1285,393,407,399.000000000000000,7.194954872131348,26.784809112548828,18.897812843322754,310.915252685546875,1130.80296641
699,1286,704,704,704.000000000000000,28.722494125366211,28.722494125366211,28.722494125366211,7.990971565246582,538.930475461
700,1288,743,743,743.000000000000000,15.159981727600098,15.159981727600098,15.159981727600098,306.752075195312500,1082.94144729
701,1290,470,473,471.500000000000000,14.005005836486816,19.320085525512695,16.662545680999756,200.675003051757812,1271.03622365
702,1291,656,656,656.000000000000000,22.504974365234375,22.504974365234375,22.504974365234375,146.126220703125000,680.980261213
703,1292,655,740,705.846153846153925,28.138193130493164,36.346439361572266,32.714478566096382,227.565124511718750,10197.9027103
704,1293,493,517,504.333333333333314,12.274051666259766,26.158107757568359,19.924316406250000,153.682922363281250,2445.74707222
705,1294,375,375,375.000000000000000,6.767184257507324,6.767184257507324,6.767184257507324,96.845474243164062,398.16708378
706,1295,501,505,503.000000000000000,12.928647994995117,13.921211242675781,13.424929618835449,72.089366912841797,1800.03289131
707,1296,381,387,384.000000000000000,10.101863861083984,12.382378578186035,11.242121219635010,249.326568603515625,895.323981237
708,1297,594,611,600.750000000000000,9.461129188537598,24.137388229370117,16.182534694671631,130.702110290527344,2818.54775293
709,1298,760,761,760.500000000000000,32.067955017089844,36.812179565429688,34.440067291259766,5.828602805733681,1087.40333085
710,1299,725,751,738.000000000000000,39.552848815917969,43.809654235839844,41.681251525878906,342.044540405273438,1046.73436578
711,1301,427,438,432.500000000000000,26.338630676269531,27.910253524780273,27.124442100524902,298.725509643554688,1153.21218112
712,1302,520,524,522.000000000000000,23.739454269409180,25.225290298461914,24.482372283935547,25.955336570739746,1024.46773025
713,1303,650,650,650.000000000000000,28.357080459594727,28.357080459594727,28.357080459594727,53.544219970703125,203.674581809
714,1304,539,554,548.500000000000000,6.524068832397461,11.058315277099609,9.012578964233398,132.842529296875000,1673.65208834
715,1305,420,420,420.000000000000000,26.823547363281250,26.823547363281250,26.823547363281250,285.520965576171875,1964.1467189
716,1307,502,534,517.000000000000000,22.122879028320312,30.647006988525391,26.044528484344482,47.320024490356445,2865.80389417
717,1308,627,634,630.666666666666629,15.467466354370117,26.225679397583008,20.269288380940754,153.480819702148438,3082.32191375
718,1309,363,366,364.500000000000000,7.776447772979736,15.483295440673828,11.629871606826782,148.317081451416016,744.080066825
719,1311,458,587,515.580645161290249,22.909612655639648,42.732799530029297,34.785848371444217,166.305297851562500,21730.875236
720,1312,368,377,372.500000000000000,17.715682983398438,21.332752227783203,19.524217605590820,271.357604980468750,1139.47489901
721,1313,605,605,605.000000000000000,23.883682250976562,23.883682250976562,23.883682250976562,124.508934020996094,75.5777900849
722,1314,588,602,595.000000000000000,27.684379577636719,28.867767333984375,28.276073455810547,106.602817535400391,1875.98702315
723,1315,419,448,432.800000000000011,23.821546554565430,29.496767044067383,26.902663803100587,134.748626708984375,2896.1205844
724,1316,612,612,612.000000000000000,20.813945770263672,20.813945770263672,20.813945770263672,123.671073913574219,819.188315756
725,1317,399,401,400.000000000000000,16.183349609375000,16.981843948364258,16.582596778869629,176.235939025878906,681.14261782
726,1318,356,361,358.500000000000000,7.338187694549561,15.253805160522461,11.295996427536011,260.514724731445312,1371.93237745
727,1319,627,709,675.666666666666629,26.424236297607422,46.190055847167969,35.955395062764488,107.381324768066406,4036.33261224
728,1320,549,562,555.500000000000000,29.524660110473633,29.611240386962891,29.567950248718262,120.440528869628906,1515.86744767
729,1321,519,519,519.000000000000000,10.107663154602051,10.107663154602051,10.107663154602051,137.662078857421875,104.593999212
730,1322,655,679,670.500000000000000,24.278850555419922,31.233839035034180,28.228163242340088,333.411483764648438,2895.04379082
731,1323,585,588,586.500000000000000,28.501348495483398,31.526668548583984,30.014008522033691,192.539024353027344,1543.05474388
732,1324,544,558,551.000000000000000,25.046409606933594,28.394077301025391,26.720243453979492,207.668098449707031,1585.66051252
733,1325,517,522,519.500000000000000,10.419644355773926,16.856142044067383,13.637893199920654,120.744773864746094,1054.80706909
734,1326,670,670,670.000000000000000,18.611200332641602,18.611200332641602,18.611200332641602,314.518188476562500,358.106572076
735,1327,714,726,720.000000000000000,24.371702194213867,27.975612640380859,26.173657417297363,276.950912475585938,1241.59914968
736,1329,409,409,409.000000000000000,12.235590934753418,12.235590934753418,12.235590934753418,168.949707031250000,1468.39810772
737,1331,630,660,642.666666666666629,23.187524795532227,31.127483367919922,27.537127176920574,238.585296630859375,1533.77583233
738,1334,372,374,373.000000000000000,15.045908927917480,15.702062606811523,15.373985767364502,191.188934326171875,1367.40796622
739,1335,572,624,599.600000000000023,15.950339317321777,27.861021041870117,22.759994602203374,122.638702392578125,6625.6765969
740,1336,650,697,676.000000000000000,20.544919967651367,37.012634277343750,29.425070285797123,110.110095977783203,7013.52222952
741,1337,466,466,466.000000000000000,21.154304504394531,21.154304504394531,21.154304504394531,94.806823730468750,577.514937365
742,1338,505,511,508.000000000000000,24.892566680908203,25.096303939819336,24.994435310363770,244.361770629882812,1145.7279933
743,1340,400,438,418.750000000000000,20.791061401367188,22.893690109252930,21.942628860473633,166.244186401367188,2245.22561279
744,1341,540,574,558.333333333333371,26.529285430908203,34.011688232421875,30.959589004516602,335.181961059570312,5077.82653875
745,1342,389,389,389.000000000000000,19.915441513061523,19.915441513061523,19.915441513061523,146.766677856445312,873.654085723
746,1344,329,329,329.000000000000000,19.629259109497070,19.629259109497070,19.629259109497070,39.395088195800781,792.036366271
747,1345,612,621,617.000000000000000,16.689493179321289,25.073797225952148,22.260812123616535,100.077598571777344,1571.25788533
748,1346,629,830,700.560975609756156,11.197539329528809,39.973144531250000,22.839136205068453,96.464458465576172,60007.1704872
749,1347,386,386,386.000000000000000,18.808879852294922,18.808879852294922,18.808879852294922,155.574127197265625,336.980050702
750,1348,512,603,552.500000000000341,2.846773624420166,42.641220092773438,22.777440672829030,120.099044799804688,30404.6066991
751,1350,602,602,602.000000000000000,22.541488647460938,22.541488647460938,22.541488647460938,84.742881774902344,1221.03868186
752,1351,377,377,377.000000000000000,17.374338150024414,17.374338150024414,17.374338150024414,172.366180419921875,835.402310926
753,1352,556,575,565.600000000000023,12.799964904785156,19.875497817993164,16.942086791992189,159.198425292968750,3500.06889148
754,1353,632,632,632.000000000000000,9.594806671142578,9.594806671142578,9.594806671142578,94.300918579101562,869.461095435
755,1354,749,773,760.399999999999977,21.016405105590820,24.153043746948242,22.544097518920900,49.475070953369141,3844.83585442
756,1355,625,625,625.000000000000000,17.233678817749023,17.233678817749023,17.233678817749023,111.460060119628906,1089.28710855
757,1356,469,640,571.542857142857201,5.206266403198242,37.835987091064453,22.912999452863421,99.122932434082031,76808.5907467
758,1359,694,721,707.750000000000000,13.461670875549316,28.060256958007812,22.823061704635620,65.685539245605469,2043.87414399
759,1361,465,490,475.666666666666686,25.401714324951172,33.099662780761719,29.593792597452801,25.284297943115234,2414.58567479
760,1362,571,629,604.777777777777715,11.206053733825684,23.415309906005859,16.013952891031902,187.688850402832031,15829.642637
761,1363,583,610,599.000000000000000,26.562530517578125,29.966194152832031,28.431121063232421,104.117012023925781,2858.22937897
762,1364,884,911,897.500000000000000,36.767631530761719,42.165267944335938,39.466449737548828,173.717567443847656,1616.24915034
763,1365,610,631,625.000000000000114,0.347552061080933,43.796672821044922,18.426456107033623,61.756469726562500,6195.32101031
764,1366,349,349,349.000000000000000,5.983060359954834,5.983060359954834,5.983060359954834,155.288894653320312,1051.73283144
765,1367,708,708,708.000000000000000,3.285712957382202,3.285712957382202,3.285712957382202,242.150909423828125,666.286138006
766,1368,621,621,621.000000000000000,27.349966049194336,27.349966049194336,27.349966049194336,123.872924804687500,685.202740127
767,1370,594,608,601.000000000000000,25.532968521118164,27.247562408447266,26.390265464782715,177.123779296875000,1988.67087822
768,1372,954,954,954.000000000000000,39.542198181152344,39.542198181152344,39.542198181152344,107.494056701660156,1028.22509701
769,1375,584,584,584.000000000000000,6.799610137939453,6.799610137939453,6.799610137939453,129.259521484375000,354.090758135
770,1376,569,574,571.500000000000000,11.553012847900391,12.850035667419434,12.201524257659912,259.479705810546875,2303.79460565
771,1377,302,302,302.000000000000000,13.866491317749023,13.866491317749023,13.866491317749023,133.933563232421875,12.1569060759
772,1379,647,696,678.714285714285666,13.337178230285645,43.904987335205078,28.571541513715470,121.444984436035156,3999.09723991
773,1380,571,598,587.500000000000000,13.025769233703613,24.794311523437500,18.354214906692505,106.542903900146484,2916.94302538
774,1382,572,580,576.000000000000000,16.555063247680664,22.049625396728516,19.302344322204590,130.997337341308594,947.163583749
775,1383,286,291,288.500000000000000,11.836796760559082,13.661561012268066,12.749178886413574,233.619163513183594,890.642264964
776,1384,860,887,873.500000000000000,26.848754882812500,29.889730453491211,28.369242668151855,121.922313690185547,1787.15384454
777,1385,294,303,298.500000000000000,13.710255622863770,16.952713012695312,15.331484317779541,185.261802673339844,723.648929444
778,1387,659,692,681.250000000000000,35.104339599609375,42.638446807861328,38.311401367187500,134.425247192382812,2478.22706667
779,1388,897,987,948.200000000000045,30.893581390380859,51.760387420654297,40.841059875488284,85.447853088378906,6411.63688426
780,1389,692,692,692.000000000000000,35.034240722656250,35.034240722656250,35.034240722656250,159.575378417968750,604.671454562
781,1390,297,297,297.000000000000000,12.791122436523438,12.791122436523438,12.791122436523438,178.830596923828125,912.234139088
782,1391,618,618,618.000000000000000,11.368359565734863,11.368359565734863,11.368359565734863,166.078247070312500,476.738505163
783,1392,386,392,390.000000000000000,5.839105606079102,8.917823791503906,7.208240270614624,85.205451965332031,2842.62695058
784,1393,547,547,547.000000000000000,22.207746505737305,22.207746505737305,22.207746505737305,139.429397583007812,1183.44464543
785,1394,737,766,752.750000000000000,32.210006713867188,39.388595581054688,36.299523353576660,241.222236633300781,2932.70235653
786,1395,684,684,684.000000000000000,38.384708404541016,38.384708404541016,38.384708404541016,179.162185668945312,834.777522981
787,1396,563,571,567.000000000000000,19.080200195312500,24.060857772827148,21.570528984069824,140.898590087890625,1698.43274083
788,1400,819,819,819.000000000000000,23.673721313476562,23.673721313476562,23.673721313476562,193.388076782226562,827.361592532
789,1401,549,549,549.000000000000000,23.422250747680664,23.422250747680664,23.422250747680664,148.869903564453125,1489.51995255
790,1405,504,594,550.681818181818244,23.795316696166992,37.656509399414062,28.382871627807614,120.356830596923828,16357.6575198
791,1406,492,527,508.166666666666686,0.511703670024872,27.119953155517578,16.249628797173500,194.589958190917969,8306.66125378
792,1407,542,563,552.333333333333371,16.666521072387695,18.906682968139648,18.029417673746746,193.247863769531250,1365.10899284
793,1410,924,957,941.666666666666629,32.975215911865234,45.241691589355469,37.872876485188804,101.144546508789062,2914.12934495
794,1411,519,571,541.571428571428669,25.790210723876953,36.175258636474609,31.291118621826168,43.180362701416016,5151.01337942
795,1413,880,904,892.000000000000000,22.127532958984375,33.907257080078125,28.017395019531250,67.663377761840820,2434.11129704
796,1414,876,885,880.500000000000000,12.124520301818848,21.707717895507812,16.916119098663330,26.246644020080566,1990.84583823
797,1415,791,791,791.000000000000000,32.300525665283203,32.300525665283203,32.300525665283203,151.180145263671875,931.785695978
798,1416,315,315,315.000000000000000,28.096021652221680,28.096021652221680,28.096021652221680,127.681358337402344,973.441248254
799,1419,739,739,739.000000000000000,43.265762329101562,43.265762329101562,43.265762329101562,153.963500976562500,1052.00224892
800,1420,662,684,673.000000000000000,33.188785552978516,37.403984069824219,35.296384811401367,197.409759521484375,1597.53330848
801,1421,722,777,750.000000000000000,34.127948760986328,42.132511138916016,37.597246170043945,151.029960632324219,1997.23831349
802,1422,546,556,551.000000000000000,31.685365676879883,36.071022033691406,33.878193855285645,38.083784103393555,1225.1787078
803,1424,789,884,857.750000000000000,19.337015151977539,42.658561706542969,27.191030502319336,92.943153381347656,5926.18711569
804,1425,638,695,660.285714285714221,26.309591293334961,38.369365692138672,30.794429234095983,185.064743041992188,4747.29744106
805,1426,476,480,478.000000000000000,16.098001480102539,18.457363128662109,17.277682304382324,150.123939514160156,1321.05034198
806,1427,526,549,537.500000000000000,35.019680023193359,42.254955291748047,38.637317657470703,155.373497009277344,1390.23178851
807,1428,761,828,790.600000000000023,19.067329406738281,40.092208862304688,32.652938079833987,81.396499633789062,2422.6908516
808,1429,757,766,761.500000000000000,21.352794647216797,32.538944244384766,26.945869445800781,154.618019104003906,1724.96317233
809,1431,470,496,479.399999999999977,6.245468139648438,32.208545684814453,17.858066749572753,175.947860717773438,4899.43083226
810,1433,452,452,452.000000000000000,11.025869369506836,11.025869369506836,11.025869369506836,23.754890441894531,476.787989228
811,1434,309,333,318.571428571428555,17.477334976196289,23.767597198486328,20.682325363159183,57.124561309814453,6600.25616157
812,1435,596,623,614.444444444444457,3.948706865310669,30.196285247802734,16.077523416943020,37.369121551513672,6515.12038183
813,1438,578,606,591.333333333333371,31.716808319091797,38.293399810791016,35.624617258707680,155.625137329101562,2086.65723067
814,1439,553,553,553.000000000000000,25.156200408935547,25.156200408935547,25.156200408935547,164.586105346679688,630.115047756
815,1440,274,277,275.666666666666686,9.376062393188477,10.354327201843262,9.921421686808268,212.362365722656250,2585.478521
816,1441,545,622,585.999999999999886,13.089971542358398,39.187145233154297,30.221153020858772,169.987350463867188,7008.24674963
817,1442,500,515,507.250000000000000,22.715719223022461,27.413518905639648,24.500451564788818,184.849967956542969,2641.6418688
818,1443,748,748,748.000000000000000,15.272233963012695,15.272233963012695,15.272233963012695,175.147720336914062,1688.99804125
819,1444,683,683,683.000000000000000,25.553403854370117,25.553403854370117,25.553403854370117,171.675781250000000,822.253600028
820,1448,580,594,589.333333333333371,23.729722976684570,28.143957138061523,25.872836430867512,182.407241821289062,1634.29555716
821,1449,652,664,658.000000000000000,18.338268280029297,25.410091400146484,21.874179840087891,163.989822387695312,1060.22808937
822,1450,482,501,491.500000000000000,25.142135620117188,26.544782638549805,25.843459129333496,189.463539123535156,2221.73931467
823,1451,579,590,584.500000000000000,23.244161605834961,24.064216613769531,23.654189109802246,194.135467529296875,954.591828676
824,1453,294,326,312.899999999999977,10.657306671142578,30.951471328735352,22.374551105499268,16.153571605682373,7567.93694461
825,1457,310,313,311.333333333333314,8.459095001220703,11.556381225585938,9.837449391682943,53.200622558593750,2308.01018331
826,1459,562,577,569.500000000000000,38.165153503417969,40.000888824462891,39.083021163940430,144.014801025390625,1700.82551964
827,1460,702,702,702.000000000000000,33.125534057617188,33.125534057617188,33.125534057617188,106.507064819335938,1197.98902429
828,1463,602,602,602.000000000000000,28.877006530761719,28.877006530761719,28.877006530761719,6.747359752655029,780.476437245
829,1464,319,325,322.000000000000000,9.898063659667969,20.330026626586914,15.114045143127441,77.469474792480469,1488.21003949
830,1466,271,273,272.000000000000000,10.313647270202637,12.201804161071777,11.257725715637207,209.924087524414062,712.341135516
831,1467,569,569,569.000000000000000,30.741279602050781,30.741279602050781,30.741279602050781,44.948448181152344,1297.49058572
832,1469,264,264,264.000000000000000,9.583887100219727,9.583887100219727,9.583887100219727,232.457885742187500,733.992863914
833,1470,566,573,569.666666666666629,29.415672302246094,33.933162689208984,31.120377222696941,324.796447753906250,2101.22535272
834,1471,657,657,657.000000000000000,23.732938766479492,23.732938766479492,23.732938766479492,262.912902832031250,928.515416595
835,1472,463,563,510.111111111110972,20.700372695922852,44.719451904296875,36.401144804777921,220.034439086914062,19862.4704111
836,1473,641,699,677.777777777777828,9.700361251831055,38.419895172119141,25.071075227525498,129.423599243164062,6464.71716984
837,1474,672,686,679.000000000000000,24.190774917602539,27.747997283935547,25.969386100769043,48.592514038085938,1456.94087113
838,1475,591,602,596.500000000000000,23.374679565429688,23.816221237182617,23.595450401306152,114.975513458251953,1031.5944447
839,1476,660,660,660.000000000000000,26.779945373535156,26.885587692260742,26.832766532897949,172.187036931514740,1847.72751341
840,1477,653,653,653.000000000000000,28.984788894653320,28.984788894653320,28.984788894653320,237.346832275390625,634.771143043
841,1478,406,425,415.000000000000000,19.428491592407227,30.998743057250977,24.558930079142254,250.145294189453125,1611.61947334
842,1479,597,650,628.500000000000000,28.748561859130859,40.146446228027344,33.641548156738281,43.104745864868164,2931.21068133
843,1480,295,301,298.000000000000000,15.159569740295410,17.879947662353516,16.519758701324463,55.434717178344727,1683.6445681
844,1481,371,388,377.285714285714278,3.991184711456299,27.448551177978516,12.879309586116246,250.379287719726562,5501.7571169
845,1482,637,637,637.000000000000000,28.299234390258789,28.299234390258789,28.299234390258789,327.880462646484375,500.067125979
846,1483,471,612,515.827586206896399,0.484333902597427,36.610366821289062,20.540271744440339,42.602188110351562,107435.223784
847,1484,616,640,627.500000000000000,30.094144821166992,33.644954681396484,31.959975242614746,12.954708576202393,2310.42268961
848,1485,538,643,573.742857142857019,3.654267787933350,38.850559234619141,24.517484092712401,42.376628875732422,26510.5247879
849,1486,590,591,590.500000000000000,5.107554435729980,11.699443817138672,8.403499126434326,217.039020538330078,715.371948087
850,1488,455,455,455.000000000000000,4.165935039520264,4.165935039520264,4.165935039520264,189.093948364257812,342.622493932
851,1489,363,374,367.000000000000000,11.703634262084961,24.166852951049805,17.981986522674561,207.127632141113281,2244.80921903
852,1490,573,573,573.000000000000000,28.810676574707031,28.810676574707031,28.810676574707031,137.152618408203125,859.181405491
853,1491,785,1056,939.082568807339385,5.102985382080078,51.988384246826172,33.405763608600012,119.326324462890625,81913.22768
854,1493,442,504,478.000000000000000,26.473470687866211,33.236232757568359,29.577069282531738,152.570121765136719,6640.69347548
855,1494,587,587,587.000000000000000,30.092739105224609,30.092739105224609,30.092739105224609,180.236190795898438,648.30944815
856,1495,281,281,281.000000000000000,25.299303054809570,25.299303054809570,25.299303054809570,225.495300292968750,940.643455024
857,1497,398,506,461.521739130434810,25.502414703369141,38.145549774169922,32.064051752505094,160.449935913085938,15697.4484538
858,1498,395,395,395.000000000000000,8.842995643615723,8.842995643615723,8.842995643615723,217.463394165039062,772.96738966
859,1499,630,643,638.000000000000000,10.382475852966309,22.912248611450195,15.799737930297852,68.095306396484375,1803.82308473
860,1502,610,628,619.000000000000000,29.982740402221680,40.072456359863281,35.027598381042480,109.244335174560547,928.884401416
861,1503,375,386,379.000000000000000,7.912443637847900,16.754604339599609,11.151148523603167,123.346343994140625,3848.77574075
862,1504,289,295,292.000000000000000,24.341751098632812,25.760040283203125,25.050895690917969,209.387817382812500,1370.05427927
863,1505,555,556,555.500000000000000,34.314697265625000,37.454296112060547,35.884496688842773,167.045806884765625,2163.1679932
864,1506,390,392,391.000000000000000,1.828345656394958,30.599142074584961,12.558113902807236,200.006217956542969,2860.91255736
865,1507,609,685,651.191176470588289,2.718190431594849,36.993358612060547,22.059832302963027,128.056701660156250,49518.4189842
866,1508,397,397,397.000000000000000,33.811233520507812,33.811233520507812,33.811233520507812,206.400573730468750,456.21476881
867,1509,351,367,358.750000000000000,18.687286376953125,25.539680480957031,22.005157470703125,235.237319946289062,2613.02022549
868,1510,263,299,283.166666666666686,22.787870407104492,26.471513748168945,24.752161343892414,208.281822204589844,4894.50827904
869,1511,441,476,458.000000000000000,27.189191818237305,36.843051910400391,31.082045237223305,98.687057495117188,3837.83549252
870,1512,660,669,665.333333333333371,20.160003662109375,30.245962142944336,24.822193781534832,117.031654357910156,1979.12164458
871,1513,366,366,366.000000000000000,16.043466567993164,16.043466567993164,16.043466567993164,185.533645629882812,441.344235516
872,1514,495,506,500.399999999999977,16.924367904663086,26.883298873901367,22.805503082275390,168.201385498046875,2301.93097355
873,1515,357,383,363.399999999999977,4.824170589447021,32.372245788574219,14.474347114562992,178.285537719726562,5191.69199504
874,1516,363,390,370.307692307692264,2.206418752670288,37.627120971679688,15.954518629954414,166.798599243164062,7982.83995913
875,1517,363,373,368.000000000000000,10.033521652221680,24.855932235717773,17.444726943969727,211.788253784179688,666.060543137
876,1518,370,388,380.666666666666686,19.126243591308594,29.260749816894531,25.804052352905273,187.574203491210938,1937.62104296
877,1521,665,679,671.250000000000000,10.586023330688477,18.877872467041016,14.530016422271729,108.405612945556641,2239.4438605
878,1522,345,345,345.000000000000000,21.718965530395508,21.718965530395508,21.718965530395508,246.307800292968750,752.364104496
879,1523,653,662,657.500000000000000,27.043724060058594,28.114696502685547,27.579210281372070,327.589111328125000,2167.78197087
880,1525,448,496,474.500000000000000,19.578655242919922,38.946285247802734,31.286256790161133,14.595880985260010,8248.39750144
881,1526,414,430,422.000000000000000,41.453178405761719,41.722980499267578,41.588079452514648,226.324577331542969,1008.82049514
882,1530,348,356,352.666666666666686,5.729244709014893,8.417543411254883,7.505743185679118,86.457847595214844,1534.39693851
883,1531,620,629,624.500000000000000,21.997787475585938,27.365961074829102,24.681874275207520,117.115879058837891,1474.69633493
884,1535,508,508,508.000000000000000,27.040903091430664,27.040903091430664,27.040903091430664,91.423263549804688,626.006783329
885,1537,628,636,632.000000000000000,25.169155120849609,25.219923019409180,25.194539070129395,147.066665649414062,1393.03404395
886,1539,317,325,322.333333333333314,16.346687316894531,18.193382263183594,17.062750498453777,251.730026245117188,860.718093091
887,1542,384,396,390.333333333333314,14.171386718750000,17.646663665771484,16.079903920491535,222.343322753906250,1232.58532635
888,1548,488,488,488.000000000000000,15.245221138000488,15.245221138000488,15.245221138000488,21.374691009521484,59.783627766
889,1549,669,669,669.000000000000000,18.539266586303711,18.539266586303711,18.539266586303711,3.155627489089966,257.01116013
890,1550,497,497,497.000000000000000,14.915277481079102,14.915277481079102,14.915277481079102,6.962551116943359,56.1577673602
891,1552,381,381,381.000000000000000,13.005533218383789,13.005533218383789,13.005533218383789,200.476364135742188,771.43759243
892,1554,333,362,345.800000000000011,20.235664367675781,23.141042709350586,21.757020187377929,266.302917480468750,2509.04114508
893,1555,301,307,304.000000000000000,16.224056243896484,16.606798171997070,16.415427207946777,233.752540588378906,1420.40895885
894,1556,713,746,732.666666666666629,21.514024734497070,35.285373687744141,27.601238886515301,121.995292663574219,1533.27370664
895,1557,659,659,659.000000000000000,11.920313835144043,11.920313835144043,11.920313835144043,126.002510070800781,515.403169491
896,1560,660,661,660.500000000000000,21.668828964233398,22.219284057617188,21.944056510925293,350.479568481445312,1363.92080921
897,1563,689,689,689.000000000000000,16.978446960449219,16.978446960449219,16.978446960449219,348.219879150390625,447.414264914
898,1565,351,351,351.000000000000000,21.323421478271484,21.323421478271484,21.323421478271484,222.391098022460938,1235.86709995
899,1567,563,563,563.000000000000000,32.836135864257812,32.836135864257812,32.836135864257812,20.090578079223633,1632.74953393
900,1568,638,675,649.699999999999932,8.173068046569824,33.196304321289062,22.290390872955321,125.350749969482422,6477.03937141
901,1569,435,435,435.000000000000000,14.543495178222656,14.543495178222656,14.543495178222656,202.512817382812500,1155.45680595
902,1570,412,494,449.636363636363626,18.205533981323242,36.834732055664062,25.312021168795493,30.820342063903809,14232.2102676
903,1571,451,451,451.000000000000000,14.069171905517578,14.069171905517578,14.069171905517578,297.836853027343750,654.32332649
904,1572,600,726,657.228571428571627,5.845776557922363,46.709716796875000,34.253849819728302,312.895843505859375,24870.9964056
905,1573,353,366,358.000000000000000,18.976135253906250,21.255964279174805,20.355245590209961,184.772354125976562,2081.53315026
906,1574,549,549,549.000000000000000,21.029098510742188,21.029098510742188,21.029098510742188,78.143341064453125,1090.27950831
907,1578,477,545,519.799999999999955,27.150690078735352,45.248149871826172,36.963993453979491,20.217765808105469,4490.63950032
908,1579,460,485,473.399999999999977,30.031641006469727,35.843547821044922,32.906637954711911,17.388498306274414,3330.40635078
909,1581,558,558,558.000000000000000,21.770847320556641,21.770847320556641,21.770847320556641,74.854843139648438,1060.14878929
910,1582,706,730,721.399999999999977,22.205179214477539,35.911346435546875,29.238965988159180,311.905273437500000,3107.25576747
911,1583,638,695,665.285714285714221,26.632772445678711,38.818183898925781,32.957219260079519,341.753784179687500,5711.21324995
912,1588,649,711,674.100000000000023,25.205043792724609,40.196182250976562,34.340303993225092,121.782276153564453,7372.7806061
913,1589,637,689,664.692307692307622,10.381035804748535,30.942462921142578,24.669815136836124,323.082763671875000,9787.95984267
914,1590,267,280,274.333333333333314,23.903261184692383,29.382280349731445,26.996009190877277,71.460517883300781,1604.10605367
915,1591,703,703,703.000000000000000,19.285362243652344,19.285362243652344,19.285362243652344,337.918609619140625,795.698212458
916,1592,345,357,351.000000000000000,16.809514999389648,20.001060485839844,18.405287742614746,206.481834411621094,1019.59877081
917,1594,370,372,371.000000000000000,13.507014274597168,15.496534347534180,14.501774311065674,159.672286987304688,1975.89801066
918,1597,654,667,661.666666666666629,12.359119415283203,18.713479995727539,16.240162531534832,342.274566650390625,1287.30965538
919,1598,331,331,331.000000000000000,23.152734756469727,23.152734756469727,23.152734756469727,236.247817993164062,515.417698374
920,1599,403,407,405.000000000000000,6.757368087768555,15.018460273742676,10.887914180755615,218.233863830566406,1065.64097313
921,1600,622,622,622.000000000000000,20.640861511230469,20.640861511230469,20.640861511230469,62.706874847412109,927.211943484
922,1602,329,329,329.000000000000000,20.231250762939453,20.231250762939453,20.231250762939453,249.980270385742188,696.048408372
923,1603,413,470,437.470588235294144,21.313760757446289,40.223438262939453,30.277189815745633,132.492721557617188,12342.7604061
924,1604,500,500,500.000000000000000,24.453094482421875,24.453094482421875,24.453094482421875,161.038330078125000,919.96385973
925,1606,278,321,301.266666666666708,6.671836376190186,29.296504974365234,19.062912019093833,55.200004577636719,9451.99138169
926,1608,308,308,308.000000000000000,17.623218536376953,17.623218536376953,17.623218536376953,252.167633056640625,1173.08986077
927,1609,408,417,412.333333333333314,12.813341140747070,16.580022811889648,14.675016085306803,45.272945404052734,1528.95946106
928,1613,313,319,316.000000000000000,14.423331260681152,17.102855682373047,15.763093471527100,124.081600189208984,1166.12852
929,1614,340,359,350.000000000000000,10.698046684265137,15.713369369506836,12.755917867024740,141.619621276855469,3648.07426643
930,1615,642,710,679.458333333333371,9.251563072204590,30.574924468994141,19.731250643730164,317.553863525390625,16395.0002547
931,1619,308,313,310.500000000000000,7.270721912384033,16.118743896484375,11.694732904434204,139.595054626464844,999.019017945
932,1626,397,397,397.000000000000000,14.697842597961426,14.697842597961426,14.697842597961426,168.827850341796875,238.610000148
933,1628,314,323,318.500000000000000,19.941093444824219,22.041540145874023,20.991316795349121,244.841056823730469,1768.21637402
934,1629,632,704,675.375000000000000,29.462066650390625,36.942993164062500,34.237183570861824,15.114474296569824,4698.46642606
935,1630,715,719,717.000000000000000,9.165995597839355,18.841661453247070,13.434251785278320,68.751335144042969,2121.37447407
936,1631,694,694,694.000000000000000,39.338760375976562,39.338760375976562,39.338760375976562,26.240646362304688,1311.72108062
937,1632,403,466,436.800000000000011,20.792152404785156,37.446456909179688,29.432455444335936,15.175576210021973,12343.4664637
938,1633,725,725,725.000000000000000,7.956919193267822,7.956919193267822,7.956919193267822,6.631708145141602,982.844532408
939,1634,491,491,491.000000000000000,31.530725479125977,31.530725479125977,31.530725479125977,142.443008422851562,883.716925596
940,1635,525,525,525.000000000000000,37.464321136474609,37.464321136474609,37.464321136474609,127.315605163574219,1105.25716862
941,1637,464,468,466.000000000000000,21.488265991210938,26.152088165283203,23.820177078247070,331.826477050781250,1900.64423935
942,1638,456,481,472.090909090909065,6.246095180511475,21.981964111328125,13.071037249131637,36.901588439941406,8743.40669878
943,1639,547,581,566.000000000000000,32.020729064941406,43.338184356689453,38.017953236897789,118.823677062988281,1996.54575767
944,1641,516,542,530.000000000000000,14.734363555908203,30.211498260498047,22.439300918579100,76.011322021484375,3020.33066969
945,1642,501,516,507.000000000000000,29.168907165527344,33.097469329833984,31.580568949381512,347.525238037109375,2976.07213301
946,1643,526,534,530.000000000000000,23.443696975708008,24.610460281372070,24.027078628540039,60.211778640747070,953.350627545
947,1645,456,498,476.333333333333314,36.439674377441406,42.156009674072266,39.580050150553383,108.470909118652344,2593.94124623
948,1646,414,417,415.500000000000000,4.359601497650146,11.328855514526367,7.844228506088257,260.809524536132812,1235.76345135
949,1647,531,556,543.142857142857110,18.805562973022461,34.194629669189453,27.393165588378903,332.921630859375000,3487.1471383
950,1648,522,524,523.000000000000000,23.331724166870117,25.584487915039062,24.458106040954590,354.982650756835938,1570.85205348
951,1650,317,317,317.000000000000000,7.580743312835693,7.580743312835693,7.580743312835693,98.533447265625000,1068.7905173
952,1651,414,424,419.000000000000000,23.862691879272461,25.503673553466797,24.683182716369629,114.328334808349609,1223.09190929
953,1652,509,509,509.000000000000000,33.696960449218750,33.696960449218750,33.696960449218750,128.200683593750000,1280.65181255
954,1653,651,696,679.875000000000000,8.353830337524414,32.343360900878906,19.244172215461731,104.182300567626953,5410.66709126
955,1656,750,766,757.400000000000091,3.032312631607056,13.613626480102539,7.928210043907166,46.998889923095703,5376.14387734
956,1658,424,454,441.500000000000000,22.315404891967773,31.764608383178711,26.207229614257812,25.142356872558594,3171.94658275
957,1660,644,693,671.166666666666742,25.492481231689453,41.136547088623047,35.115133603413902,146.628196716308594,4417.13326603
958,1662,277,282,279.500000000000000,13.550422668457031,14.066261291503906,13.808341979980469,130.501110076904297,1478.61488247
959,1664,358,363,360.500000000000000,12.344472885131836,17.052652359008789,14.698562622070312,52.476833343505859,770.398223043
960,1665,509,658,586.705882352941217,9.258683204650879,40.764934539794922,29.238240410299866,145.483398437500000,12631.6945659
961,1667,428,435,431.333333333333314,5.965652942657471,15.103672027587891,11.050967693328857,235.051818847656250,1009.9656011
962,1669,561,599,582.666666666666629,34.527637481689453,36.271198272705078,35.396189371744789,139.361389160156250,2373.2408854
963,1670,308,308,308.000000000000000,10.513451576232910,10.513451576232910,10.513451576232910,204.253616333007812,103.097872015
964,1673,248,382,318.266666666666481,1.361416101455688,32.761375427246094,17.268016834748103,79.687347412109375,146827.338778
965,1676,301,301,301.000000000000000,18.521800994873047,18.521800994873047,18.521800994873047,200.569305419921875,551.814742453
966,1677,777,853,818.438596491228054,11.779417991638184,31.655925750732422,20.847588271425479,114.713020324707031,42262.8313536
967,1678,538,568,553.000000000000000,33.866100311279297,35.455310821533203,34.660705566406250,137.310234069824219,1355.2586314
968,1679,602,615,608.500000000000000,33.451427459716797,36.583412170410156,35.017419815063477,122.625076293945312,1258.38460127
969,1681,280,293,286.750000000000000,13.882430076599121,17.990455627441406,16.329010248184204,54.155635833740234,2708.46002984
970,1682,797,805,799.666666666666742,2.322959899902344,19.452903747558594,11.207604805628458,118.448490142822266,5041.52495014
971,1683,270,287,281.199999999999989,15.834865570068359,26.952346801757812,24.409702682495116,19.389307022094727,5309.47605365
972,1686,448,511,484.235294117647015,9.876069068908691,32.003707885742188,23.783494781045349,85.869457244873047,26154.3417395
973,1687,297,297,297.000000000000000,30.945209503173828,30.945209503173828,30.945209503173828,356.477478027343750,1122.00505216
974,1689,260,260,260.000000000000000,29.982769012451172,29.982769012451172,29.982769012451172,59.781360626220703,1680.41327248
975,1690,763,782,769.833333333333371,2.915094852447510,27.731018066406250,16.330044190088906,328.522308349609375,2963.42218195
976,1694,482,482,482.000000000000000,24.981027603149414,24.981027603149414,24.981027603149414,63.103576660156250,871.046564554
977,1695,339,551,460.901639344262264,11.608237266540527,38.392314910888672,27.257865655617628,295.447753906250000,43537.2490679
978,1702,948,952,949.666666666666629,13.777402877807617,15.674215316772461,14.848928451538086,19.200485229492188,1578.51145115
979,1703,705,705,705.000000000000000,32.065845489501953,32.065845489501953,32.065845489501953,117.398452758789062,1112.75619178
980,1706,797,797,797.000000000000000,27.895338058471680,27.895338058471680,27.895338058471680,331.345916748046875,1052.87938552
981,1707,575,580,577.500000000000000,11.194029808044434,12.012285232543945,11.603157520294189,71.621482849121094,1480.31590027
982,1708,859,873,866.000000000000000,27.629785537719727,27.780393600463867,27.705089569091797,102.046348571777344,655.680936998
983,1709,690,721,706.000000000000000,32.172977447509766,35.146495819091797,33.898381551106773,139.223709106445312,1583.14906639
984,1710,523,557,536.399999999999977,34.255115509033203,42.812892913818359,37.864807891845700,316.295898437500000,2359.17475139
985,1711,334,343,338.500000000000000,16.737756729125977,20.392810821533203,18.565283775329590,77.789100646972656,1736.73808061
986,1712,248,267,256.299999999999955,9.820515632629395,24.303199768066406,17.480092620849611,28.544869422912598,5995.23051406
987,1713,298,374,336.615384615384642,10.476758003234863,35.047748565673828,23.071575935070335,26.875039100646973,17629.0779783
988,1714,720,720,720.000000000000000,29.043502807617188,29.043502807617188,29.043502807617188,156.986602783203125,722.34257238
989,1716,451,512,481.821428571428612,7.255335807800293,35.590778350830078,26.331282820020402,27.828239440917969,22934.9632257
990,1717,1052,1057,1054.500000000000000,23.989721298217773,29.177656173706055,26.583688735961914,29.409367561340332,1234.61853418
991,1718,646,672,656.666666666666629,41.401790618896484,46.321052551269531,44.266410827636719,121.414688110351562,1998.16918118
992,1719,813,813,813.000000000000000,33.038894653320312,33.038894653320312,33.038894653320312,312.127655029296875,773.356201801
993,1720,251,257,254.800000000000011,8.792214393615723,11.901736259460449,10.458555412292480,43.388141632080078,3746.92850209
994,1721,334,357,347.285714285714278,11.719031333923340,20.833045959472656,14.929578236171178,73.020202636718750,4609.38726669
995,1722,329,378,352.304347826086939,2.967360019683838,32.128185272216797,21.921941073044490,338.790893554687500,16352.3357343
996,1724,647,647,647.000000000000000,31.147397994995117,31.147397994995117,31.147397994995117,142.056091308593750,494.807206459
997,1725,268,297,284.099999999999966,11.285011291503906,22.461778640747070,16.189441776275636,86.971992492675781,7469.02573811
998,1726,823,851,839.875000000000000,26.610677719116211,32.707126617431641,29.119696140289307,91.618701934814453,5030.0918581
999,1727,548,599,568.750000000000000,27.827064514160156,41.094577789306641,32.920311450958252,137.360046386718750,2477.05921099
1000,1729,1026,1103,1078.866666666666333,3.738387107849121,36.620159149169922,22.492569923400879,95.523490905761719,9468.13365589
1001,1730,232,243,236.800000000000011,4.857985019683838,22.225652694702148,14.875713062286376,236.150863647460938,3105.94137002
1002,1734,808,816,811.333333333333371,9.775963783264160,22.561780929565430,14.709679603576660,269.597351074218750,2538.38979221
1003,1735,264,463,350.400000000000034,18.652442932128906,50.574600219726562,38.305371517605259,235.428573608398438,33985.3687954
1004,1736,313,350,333.076923076923151,5.745637893676758,19.371572494506836,13.055405121583204,34.062173843383789,20027.0056502
1005,1738,496,644,579.343749999999886,7.054099559783936,39.938911437988281,26.993286259472370,104.312793731689453,47094.1593272
1006,1742,512,529,519.500000000000114,16.357843399047852,21.724456787109375,19.050971508026123,109.276363372802734,6096.31944281
1007,1743,351,351,351.000000000000000,10.619596481323242,10.619596481323242,10.619596481323242,69.288467407226562,681.478331252
1008,1746,880,887,883.500000000000000,16.462234497070312,20.497266769409180,18.479750633239746,135.410316467285156,1794.23070898
1009,1748,519,524,521.500000000000000,12.965669631958008,18.149166107177734,15.557417869567871,138.857604980468750,1209.62355988
1010,1749,279,300,289.000000000000000,18.951404571533203,27.175199508666992,21.850663757324220,228.835693359375000,3832.57131855
1011,1750,390,390,390.000000000000000,32.345928192138672,32.345928192138672,32.345928192138672,15.213981628417969,1431.41228082
1012,1751,286,291,289.000000000000000,15.655050277709961,23.009346008300781,18.694904327392578,183.301513671875000,2231.11119496
1013,1752,858,881,869.333333333333371,22.348600387573242,27.927108764648438,24.940905253092449,291.290069580078125,1823.52958706
1014,1753,1022,1039,1031.000000000000000,33.331314086914062,35.041042327880859,34.086027781168617,145.685516357421875,1516.90698933
1015,1758,260,260,260.000000000000000,27.977476119995117,27.977476119995117,27.977476119995117,216.848846435546875,999.527066882
1016,1762,613,676,651.750000000000000,28.607355117797852,50.203983306884766,41.842810789744057,289.922973632812500,10021.9153942
1017,1763,285,294,289.500000000000000,22.851560592651367,24.144783020019531,23.498171806335449,215.153869628906250,1393.72521011
1018,1764,230,286,247.000000000000000,9.709304809570312,33.212631225585938,20.573127375708687,206.035827636718750,13550.1643855
1019,1766,235,250,244.333333333333343,20.343120574951172,23.412546157836914,22.333227157592773,196.642761230468750,2480.39787993
1020,1767,349,349,349.000000000000000,14.205741882324219,14.205741882324219,14.205741882324219,116.636474609375000,550.579114876
1021,1768,305,322,313.500000000000000,20.235839843750000,29.318849563598633,24.777344703674316,330.753570556640625,1540.81488182
1022,1769,308,308,308.000000000000000,10.973342895507812,10.973342895507812,10.973342895507812,46.593677520751953,1071.09730794
1023,1770,310,313,311.333333333333314,4.215908050537109,19.581790924072266,10.632928530375162,304.527557373046875,2726.82961054
1024,1771,229,257,243.000000000000000,30.487165451049805,36.668945312500000,32.722728093465172,225.981658935546875,2752.97506073
1025,1773,815,815,815.000000000000000,34.334049224853516,34.334049224853516,34.334049224853516,100.467185974121094,90.0700597923
1026,1778,648,765,708.460526315789480,2.695333719253540,39.875965118408203,24.297241634444177,93.666728973388672,56758.7174989
1027,1779,541,615,578.081081081081038,10.802556991577148,34.793540954589844,26.724722681818779,101.285896301269531,27935.3507285
1028,1780,247,291,266.647058823529392,9.055739402770996,27.531026840209961,21.209168153650619,239.705062866210938,13507.8458944
1029,1783,279,354,317.711538461538453,4.078377723693848,31.885229110717773,18.965909160100491,339.662948608398438,40024.1366238
1030,1784,896,915,908.333333333333371,21.388603210449219,26.079198837280273,24.304278055826824,11.696501731872559,1644.08532278
1031,1785,212,212,212.000000000000000,7.879627227783203,7.879627227783203,7.879627227783203,246.542358398437500,1308.4878375
1032,1786,692,785,747.785714285714334,15.527151107788086,40.363548278808594,30.973111697605678,113.901226043701172,10162.1684043
1033,1789,235,235,235.000000000000000,28.361734390258789,28.361734390258789,28.361734390258789,194.616943359375000,24.2050170732
1034,1790,229,240,234.500000000000000,21.810186386108398,22.558279037475586,22.184232711791992,209.510894775390625,1471.45619568
1035,1791,238,275,255.500000000000000,30.099962234497070,34.264049530029297,31.757824897766113,206.434074401855469,3091.96448887
1036,1792,581,581,581.000000000000000,15.030544281005859,15.030544281005859,15.030544281005859,54.728820800781250,1283.54584206
1037,1793,740,811,763.500000000000000,13.542119979858398,44.839946746826172,32.614508765084402,117.302711486816406,8819.97850798
1038,1795,335,335,335.000000000000000,11.068533897399902,11.068533897399902,11.068533897399902,116.300376892089844,1432.44729522
1039,1796,950,950,950.000000000000000,10.457080841064453,10.657437324523926,10.557259082794189,164.184576988220215,1220.01867285
1040,1798,803,814,809.333333333333371,16.092264175415039,18.073211669921875,17.024118423461914,94.347679138183594,1712.25246913
1041,1799,354,359,356.500000000000000,13.556615829467773,17.060628890991211,15.308622360229492,43.601547241210938,751.128484506
1042,1800,220,234,227.000000000000000,21.508460998535156,32.521598815917969,27.015029907226562,188.718048095703125,881.622402258
1043,1801,516,516,516.000000000000000,9.917968750000000,9.917968750000000,9.917968750000000,134.536041259765625,1053.32792402
1044,1802,239,239,239.000000000000000,34.364856719970703,34.364856719970703,34.364856719970703,213.381210327148438,941.243302142
1045,1803,208,273,234.588235294117652,11.304777145385742,38.916538238525391,29.153618756462546,178.709335327148438,13175.8880166
1046,1806,652,653,652.500000000000000,14.835931777954102,17.996839523315430,16.416385650634766,327.585372924804688,1895.76714734
1047,1808,735,841,791.833333333333258,29.920839309692383,45.878345489501953,39.212445894877121,344.077392578125000,14505.9249965
1048,1809,369,381,376.600000000000023,12.683613777160645,20.785268783569336,17.201305198669434,18.075597763061523,2903.68457842
1049,1811,978,992,986.333333333333371,10.810544967651367,16.867567062377930,13.289790153503418,353.008453369140625,2168.55100591
1050,1812,788,815,800.444444444444457,9.310846328735352,21.729042053222656,17.762753592597115,91.961006164550781,6442.98292551
1051,1823,839,865,850.454545454545496,12.738905906677246,30.464250564575195,24.025043054060504,123.046852111816406,9185.36336989
1052,1831,210,224,218.000000000000000,24.635610580444336,32.828594207763672,29.192309061686199,230.376510620117188,2244.55352204
1053,1832,704,766,722.111111111110972,18.573774337768555,44.269588470458984,33.539681964450409,79.345603942871094,6363.95657802
1054,1833,1027,1027,1027.000000000000000,16.388839721679688,16.388839721679688,16.388839721679688,2.241005897521973,955.871171335
1055,1835,1031,1035,1033.000000000000000,5.647597312927246,7.342763423919678,6.495180368423462,252.892295837402344,1486.4663823
1056,1840,1025,1114,1066.431034482758150,3.715588569641113,20.599014282226562,15.468064382158476,305.485427856445312,43646.8191793
1057,1841,711,764,735.666666666666629,23.429115295410156,40.247550964355469,32.412807252671982,19.889276504516602,6176.44449533
1058,1845,756,797,776.500000000000000,31.131664276123047,34.171363830566406,32.651514053344727,68.631401062011719,2135.60514232
1059,1847,632,720,668.342105263157919,9.676471710205078,36.904136657714844,22.157691930469714,119.007350921630859,29209.7309661
1060,1848,640,653,646.500000000000000,29.862649917602539,34.558444976806641,32.210547447204590,327.671127319335938,2276.48908939
1061,1852,1058,1068,1063.000000000000000,29.902311325073242,34.722164154052734,32.312237739562988,38.227899551391602,2489.92025696
1062,1855,690,777,740.409090909090992,16.575922012329102,35.676227569580078,27.529158765619453,107.079765319824219,16358.533787
1063,1856,784,866,823.705882352941217,21.334009170532227,44.445339202880859,37.207240048576807,12.225986480712891,12441.8495602
1064,1857,777,796,786.500000000000000,36.109462738037109,36.113597869873047,36.111530303955078,84.260032653808594,1239.10276343
1065,1859,634,635,634.500000000000000,11.638915061950684,12.759662628173828,12.199288845062256,203.288267135620117,1780.20473575
1066,1860,1122,1129,1125.500000000000000,18.512208938598633,19.572832107543945,19.042520523071289,352.274703979492188,1260.80304625
1067,1861,1079,1089,1084.000000000000000,27.555999755859375,32.665679931640625,30.110839843750000,42.892282485961914,1268.7726069
1068,1862,780,780,780.000000000000000,22.815284729003906,22.815284729003906,22.815284729003906,4.399574279785156,847.530817633
1069,1863,784,784,784.000000000000000,24.539655685424805,24.539655685424805,24.539655685424805,337.402801513671875,1462.22189764
1070,1866,1134,1160,1149.000000000000000,22.421518325805664,27.146156311035156,25.027070999145508,340.374969482421875,2894.81131408
1071,1867,648,659,652.666666666666629,15.694488525390625,27.689580917358398,20.955923080444336,303.322357177734375,1569.55898314
1072,1868,654,737,698.105263157894797,16.176412582397461,31.805801391601562,24.468344738608913,71.043037414550781,12985.4559241
1073,1870,1120,1120,1120.000000000000000,9.994074821472168,9.994074821472168,9.994074821472168,346.366058349609375,720.922811912
1074,1873,836,840,838.000000000000000,17.727432250976562,17.752475738525391,17.739953994750977,340.378326416015625,1425.9648737
1075,1874,703,703,703.000000000000000,30.452905654907227,30.452905654907227,30.452905654907227,69.729690551757812,163.077249079
1076,1877,355,355,355.000000000000000,13.447027206420898,13.447027206420898,13.447027206420898,138.988708496093750,607.180963759
1077,1878,1112,1117,1114.500000000000000,11.267875671386719,16.135492324829102,13.701683998107910,54.165531158447266,655.199595344
1078,1879,1203,1256,1229.000000000000000,40.392604827880859,45.569583892822266,42.475626627604164,10.679112434387207,1111.99623809
1079,1886,866,866,866.000000000000000,27.723096847534180,27.723096847534180,27.723096847534180,356.226501464843750,1222.2241397
1080,1887,209,209,209.000000000000000,17.626922607421875,17.626922607421875,17.626922607421875,228.442825317382812,944.336912881
1081,1890,733,943,825.811881188118946,15.557745933532715,32.865924835205078,23.480675565134192,88.996978759765625,74297.274916
1082,1891,1058,1097,1078.166666666666742,18.273431777954102,23.635658264160156,21.770581245422363,342.283126831054688,3933.69935912
1083,1892,683,718,702.777777777777828,11.408248901367188,30.260713577270508,21.244867536756725,315.554840087890625,6865.71140289
1084,1894,1110,1116,1113.000000000000000,17.021444320678711,17.444561004638672,17.233002662658691,45.017854690551758,796.157895015
1085,1895,1124,1124,1124.000000000000000,30.182262420654297,30.182262420654297,30.182262420654297,300.588012695312500,967.894605195
1086,1896,727,742,733.666666666666629,16.902173995971680,28.714679718017578,21.709356943766277,70.333702087402344,1764.47258274
1087,1898,754,754,754.000000000000000,28.491622924804688,28.491622924804688,28.491622924804688,0.988199353218079,1149.74863836
1088,1900,288,288,288.000000000000000,27.954347610473633,27.954347610473633,27.954347610473633,161.489242553710938,255.216954329
1089,1930,181,181,181.000000000000000,17.243158340454102,17.243158340454102,17.243158340454102,191.145065307617188,12.2994810662
1090,1942,316,317,316.500000000000000,19.562738418579102,20.305185317993164,19.933961868286133,8.419696807861328,975.441733114
1091,1950,351,386,366.857142857142890,14.597300529479980,21.951084136962891,19.581848280770441,343.767242431640625,6538.74224093
1092,1958,200,200,200.000000000000000,15.971059799194336,15.971059799194336,15.971059799194336,51.452430725097656,939.374609103
1093,1981,210,210,210.000000000000000,11.153897285461426,11.153897285461426,11.153897285461426,337.289428710937500,705.647474453
1094,1986,218,218,218.000000000000000,6.802304267883301,8.418649673461914,7.606880505879720,11.159968376159668,1592.40641179
1095,1987,401,442,421.799999999999955,12.361751556396484,19.620779037475586,16.083858966827393,159.109077453613281,7088.77592632
1096,1991,243,243,243.000000000000000,13.440587997436523,13.440587997436523,13.440587997436523,22.130752563476562,1553.81550293
1097,1992,228,228,228.000000000000000,3.325251340866089,3.325251340866089,3.325251340866089,96.986579895019531,1642.66022058
1098,1993,240,249,243.000000000000000,0.485987395048141,26.090398788452148,11.985326200723648,185.727493286132812,7756.93490023
1099,1994,233,293,261.699999999999989,14.792289733886719,31.283170700073242,25.943416023254393,20.888332366943359,7025.82775944
1100,1996,1324,1344,1334.000000000000000,38.180175781250000,39.350002288818359,38.765089035034180,303.001495361328125,1665.23312029
1101,1999,1354,1371,1363.500000000000000,7.836650848388672,25.961341857910156,18.781555334726971,21.689250946044922,3969.71411474
1102,2000,1331,1339,1335.000000000000000,22.880624771118164,25.914836883544922,24.397730827331543,103.289299011230469,1539.19830804
1103,2002,434,434,434.000000000000000,34.136005401611328,34.136005401611328,34.136005401611328,35.812850952148438,566.949396999
1104,2003,270,298,285.142857142857167,27.227495193481445,33.419956207275391,31.125762394496373,320.461730957031250,4633.42555741
1105,2004,383,434,408.222222222222229,18.712902069091797,39.157981872558594,30.541435241699219,7.647704124450684,5656.31451965
1106,2006,715,725,720.000000000000000,25.198804855346680,25.699834823608398,25.449319839477539,111.490760803222656,2090.2987911
1107,2008,352,352,352.000000000000000,28.738073348999023,28.738073348999023,28.738073348999023,304.442016601562500,104.649379168
1108,2009,615,628,621.500000000000000,18.983396530151367,21.754745483398438,20.369071006774902,178.368225097656250,1474.10275639
1109,2011,740,740,740.000000000000000,12.452351570129395,12.452351570129395,12.452351570129395,288.039215087890625,243.021797214
1110,2012,362,362,362.000000000000000,24.147504806518555,24.147504806518555,24.147504806518555,312.172332763671875,1506.2872582
1111,2020,1542,1542,1542.000000000000000,22.589130401611328,22.589130401611328,22.589130401611328,5.086887359619141,54.0418609447
1112,2022,1541,1541,1541.000000000000000,28.373498916625977,28.373498916625977,28.373498916625977,353.872528076171875,40.4222159399
1113,2023,1541,1541,1541.000000000000000,25.521295547485352,25.521295547485352,25.521295547485352,358.064331054687500,434.552472407
1114,2029,317,317,317.000000000000000,12.453615188598633,12.453615188598633,12.453615188598633,133.846527099609375,148.701270055
1115,2030,1534,1545,1539.500000000000000,20.756864547729492,29.121242523193359,24.939053535461426,328.235397338867188,1202.61535901
1116,2032,727,727,727.000000000000000,21.259040832519531,21.259040832519531,21.259040832519531,18.316888809204102,1038.74961301
1117,2033,320,320,320.000000000000000,17.065759658813477,17.065759658813477,17.065759658813477,140.281631469726562,1121.34685508
1118,2038,604,604,604.000000000000000,34.360790252685547,34.360790252685547,34.360790252685547,240.134552001953125,1330.88862035
1119,2041,586,629,609.000000000000000,33.114902496337891,36.562625885009766,35.062163352966309,226.785591125488281,4126.79474694
1120,2049,1417,1482,1454.400000000000091,30.730766296386719,34.804004669189453,32.953121948242185,147.578445434570312,4408.56337041
1121,2050,1172,1365,1282.662251655629461,12.754385948181152,33.690719604492188,22.976688378694039,80.006477355957031,110632.717035
1122,2051,1394,1394,1394.000000000000000,28.802448272705078,28.802448272705078,28.802448272705078,160.644790649414062,576.349251473
1123,2052,556,643,581.600000000000023,19.543226242065430,48.311305999755859,35.417290496826169,232.691940307617188,6785.25896461
1124,2053,590,590,590.000000000000000,41.123805999755859,41.123805999755859,41.123805999755859,199.441177368164062,1244.05743942
1125,2062,323,323,323.000000000000000,17.922058105468750,17.922058105468750,17.922058105468750,131.500762939453125,90.0704611409
1126,2064,1445,1452,1448.500000000000000,25.863594055175781,27.227437973022461,26.545516014099121,137.455184936523438,1798.73146614
1127,2079,326,336,330.800000000000011,12.890508651733398,18.033502578735352,15.304411315917969,139.839920043945312,3394.28879279
1128,2081,323,324,323.500000000000000,3.159260749816895,5.056572437286377,4.107916593551636,46.326538085937500,1723.89023093
1129,2083,623,623,623.000000000000000,16.593463897705078,16.593463897705078,16.593463897705078,196.163085937500000,352.98123659
1130,2084,382,382,382.000000000000000,18.580305099487305,18.580305099487305,18.580305099487305,300.920013427734375,92.9986365432
1131,2085,1015,1360,1220.721461187215027,2.411985635757446,33.934925079345703,16.997055737395268,223.194763183593750,164304.50476
1132,2090,641,653,649.000000000000000,27.123266220092773,35.735206604003906,31.484739939371746,268.814392089843750,2346.19847291
1133,2093,388,388,388.000000000000000,18.828580856323242,18.828580856323242,18.828580856323242,316.350708007812500,1283.79073791
1134,2094,702,702,702.000000000000000,32.837905883789062,32.837905883789062,32.837905883789062,341.233489990234375,957.719982103
1135,2095,544,544,544.000000000000000,38.775440216064453,38.775440216064453,38.775440216064453,166.888046264648438,1297.71033013
1136,2096,639,639,639.000000000000000,33.492546081542969,33.492546081542969,33.492546081542969,297.257537841796875,942.489474381
1137,2097,808,825,817.750000000000000,11.474561691284180,23.723688125610352,17.725468397140503,74.299480438232422,5140.41146748
1138,2099,787,805,795.833333333333371,16.834613800048828,21.144477844238281,19.304696400960285,234.181472778320312,4248.391142
1139,2101,533,533,533.000000000000000,37.939533233642578,37.939533233642578,37.939533233642578,25.402751922607422,1424.3489091
1140,2103,1217,1217,1217.000000000000000,24.055152893066406,24.055152893066406,24.055152893066406,259.076538085937500,853.641089803
1141,2104,483,515,497.000000000000000,6.394015789031982,20.392475128173828,14.277816891670227,189.426948547363281,3618.13408525
1142,2107,602,697,649.500000000000000,20.562570571899414,46.947113037109375,33.754841804504395,276.594528198242188,3571.62651236
1143,2109,654,688,671.000000000000000,40.532077789306641,42.477237701416016,41.504657745361328,291.938201904296875,782.21700245
1144,2115,404,414,410.000000000000000,2.412678480148315,15.651702880859375,9.635981261730194,315.774688720703125,1716.05208729
1145,2116,456,456,456.000000000000000,18.927669525146484,18.927669525146484,18.927669525146484,330.158264160156250,807.13828076
1146,2118,477,477,477.000000000000000,19.899715423583984,19.899715423583984,19.899715423583984,339.478942871093750,671.102445891
1147,2120,334,339,336.500000000000000,10.271956443786621,15.329478263854980,12.800717353820801,123.152423858642578,1881.66949499
1148,2121,464,482,473.000000000000000,28.799335479736328,30.633897781372070,29.716616630554199,325.327941894531250,1337.45292599
1149,2122,604,680,633.399999999999977,10.772006988525391,42.386844635009766,29.882849884033202,250.510925292968750,3371.09867114
1150,2124,430,435,432.500000000000000,10.768091201782227,10.797700881958008,10.782896041870117,316.607574462890625,1923.5463766
1151,2130,739,807,775.444444444444343,26.385557174682617,43.606540679931641,34.884642495049370,118.861312866210938,4956.79844086
1152,2134,595,607,601.333333333333371,9.733283042907715,15.071533203125000,12.174935658772787,40.139957427978516,1732.11058511
1153,2135,675,689,682.000000000000000,25.085069656372070,31.178529739379883,28.131799697875977,282.896697998046875,1064.56543644
1154,2136,814,874,841.500000000000000,20.779008865356445,35.064876556396484,28.272073388099667,165.559127807617188,11655.9882823
1155,2140,709,712,710.333333333333371,9.117097854614258,10.777690887451172,9.687555631001791,53.618110656738281,2702.1711907
1156,2141,1243,1243,1243.000000000000000,15.755340576171875,15.755340576171875,15.755340576171875,159.925750732421875,754.812002185
1157,2142,794,921,861.317073170731874,26.501413345336914,51.291419982910156,38.690064174372964,142.947647094726562,30228.6383367
1158,2143,674,688,680.750000000000000,14.883757591247559,18.340215682983398,17.114405393600464,39.425453186035156,2568.58643952
1159,2144,799,799,799.000000000000000,18.908447265625000,18.908447265625000,18.908447265625000,18.046737670898438,956.574115407
1160,2149,533,542,537.500000000000000,5.490057945251465,7.334399223327637,6.754182457923889,76.519458770751953,2257.65995139
1161,2155,768,771,769.500000000000000,13.145018577575684,14.275271415710449,13.710144996643066,34.527313232421875,1076.19735438
1162,2156,740,757,747.000000000000000,15.827949523925781,26.721685409545898,20.092656453450520,235.327056884765625,1159.85869752
1163,2157,889,942,913.636363636363626,13.213747978210449,24.454254150390625,21.013083631342106,157.952178955078125,7327.84620324
1164,2158,754,754,754.000000000000000,19.100852966308594,19.100852966308594,19.100852966308594,44.907306671142578,820.405038408
1165,2160,883,955,916.947368421052829,14.017872810363770,30.169559478759766,20.545027331302038,156.737533569335938,12500.4475818
1166,2161,274,275,274.500000000000000,20.865196228027344,21.699226379394531,21.282211303710938,183.118594169616699,933.919453594
1167,2163,244,284,262.185185185185219,5.409988880157471,21.500743865966797,15.091781351301403,83.966041564941406,21055.605314
1168,2165,899,910,902.666666666666629,11.456198692321777,17.247159957885742,15.264119148254395,343.881072998046875,1638.62738043
1169,2166,705,705,705.000000000000000,24.110910415649414,24.110910415649414,24.110910415649414,32.403488159179688,720.561066092
1170,2170,257,257,257.000000000000000,7.264794826507568,7.264794826507568,7.264794826507568,305.486358642578125,475.389242922
1171,2171,310,310,310.000000000000000,18.220592498779297,18.220592498779297,18.220592498779297,338.656555175781250,639.790350219
1172,2173,927,927,927.000000000000000,9.270750999450684,9.270750999450684,9.270750999450684,202.426467895507812,1042.87105289
1173,2174,301,301,301.000000000000000,8.663959503173828,8.663959503173828,8.663959503173828,87.887794494628906,714.027304976
1174,2177,547,651,585.984000000000151,1.623578429222107,43.183853149414062,23.376002155303972,207.962219238281250,89788.4224651
1175,2178,312,312,312.000000000000000,14.741483688354492,14.741483688354492,14.741483688354492,111.698333740234375,509.003723914
1176,2179,291,291,291.000000000000000,9.883135795593262,9.883135795593262,9.883135795593262,20.129934310913086,505.048398536
1177,2180,530,570,553.500000000000000,20.244489669799805,34.903305053710938,29.770236492156982,189.696243286132812,2764.22026302
1178,2182,301,306,303.500000000000000,10.396331787109375,12.098302841186523,11.247317314147949,55.102296829223633,282.402634133
1179,2183,923,990,962.090909090909122,26.656431198120117,45.788734436035156,35.799772262573249,75.187904357910156,9160.56819668
1180,2187,818,909,865.000000000000000,10.801665306091309,41.326641082763672,32.584911918640131,329.174896240234375,10182.8697846
1181,2188,875,880,877.500000000000000,28.982038497924805,30.600067138671875,29.791052818298340,100.083988189697266,1841.51415887
1182,2189,760,779,770.200000000000045,14.995011329650879,30.664487838745117,24.444325065612794,303.247589111328125,3233.31570724
1183,2190,563,566,564.500000000000000,17.267766952514648,18.828952789306641,18.048359870910645,106.481369018554688,252.196680201
1184,2191,833,833,833.000000000000000,24.262001037597656,24.262001037597656,24.262001037597656,252.058074951171875,1129.06993356
1185,2195,535,591,572.666666666666629,4.789205074310303,25.000473022460938,13.267882088820137,108.811653137207031,35481.7784926
1186,2196,674,699,690.000000000000000,33.935340881347656,37.837123870849609,36.421118418375649,169.786514282226562,1738.70043849
1187,2197,579,600,591.333333333333371,31.949245452880859,36.496177673339844,34.386333465576172,101.860008239746094,1603.56030047
1188,2199,788,788,788.000000000000000,19.946447372436523,19.946447372436523,19.946447372436523,114.678802490234375,1290.10497628
1189,2200,498,513,506.000000000000000,14.791579246520996,22.139268875122070,18.853806495666504,225.579223632812500,2365.7034126
1190,2209,710,718,714.000000000000000,18.211191177368164,23.653940200805664,20.932565689086914,55.010061264038086,1461.15353773
1191,2217,497,497,497.000000000000000,26.073873519897461,26.073873519897461,26.073873519897461,83.879638671875000,774.818071496
1192,2218,492,496,494.000000000000000,25.509017944335938,27.867265701293945,26.688141822814941,244.463256835937500,752.24384413
1193,2219,507,507,507.000000000000000,17.783246994018555,17.783246994018555,17.783246994018555,92.265975952148438,723.037156427
1194,2220,478,485,481.500000000000000,29.377767562866211,30.051334381103516,29.714550971984863,33.510293006896973,959.852968494
1195,2221,594,594,594.000000000000000,34.185722351074219,34.185722351074219,34.185722351074219,74.651657104492188,771.032159908
1196,2222,484,489,486.500000000000000,20.093641281127930,24.724279403686523,22.408960342407227,218.583435058593750,2272.85463101
1197,2223,542,546,544.000000000000000,9.856725692749023,18.964515686035156,14.410620689392090,228.380813598632812,902.044177619
1198,2224,454,464,459.000000000000000,16.285591125488281,25.086606979370117,20.686099052429199,243.397064208984375,1246.42901281
1199,2228,447,453,450.000000000000000,10.494689941406250,20.603199005126953,15.548944473266602,233.294136047363281,817.108073517
1200,2229,430,469,447.777777777777771,3.509053945541382,26.058471679687500,16.961659775839912,205.050903320312500,7360.65798833
1201,2230,460,485,468.636363636363569,4.955960750579834,17.355361938476562,12.726774779233065,216.793457031250000,8995.45165691
1202,2231,507,514,510.500000000000000,13.864143371582031,13.955423355102539,13.909783363342285,115.436313629150391,601.804969219
1203,2232,436,436,436.000000000000000,21.381658554077148,21.381658554077148,21.381658554077148,156.397537231445312,1121.59672539
1204,2233,441,454,447.500000000000000,26.379653930664062,27.758928298950195,27.069291114807129,92.113647460937500,2923.78871271
1205,2235,519,519,519.000000000000000,8.593198776245117,8.593198776245117,8.593198776245117,74.030601501464844,949.641448599
1206,2236,751,755,753.000000000000000,21.982946395874023,24.508119583129883,23.245532989501953,94.673278808593750,1250.73811383
1207,2238,803,803,803.000000000000000,23.307216644287109,23.307216644287109,23.307216644287109,181.526473999023438,1953.18189358
1208,2240,542,553,547.000000000000000,12.148830413818359,14.916298866271973,13.797765413920084,57.069660186767578,2232.30027228
1209,2241,433,433,433.000000000000000,25.165248870849609,25.165248870849609,25.165248870849609,149.623413085937500,1285.11477098
1210,2242,498,507,502.500000000000000,19.598354339599609,20.414522171020508,20.006438255310059,114.175388336181641,478.219099574
1211,2243,416,442,429.000000000000000,18.977289199829102,24.273418426513672,22.099605083465576,157.000862121582031,1573.13281227
1212,2244,543,543,543.000000000000000,17.550045013427734,17.550045013427734,17.550045013427734,100.144241333007812,677.273204853
1213,2246,769,809,789.699999999999932,18.613494873046875,29.521068572998047,24.305058670043948,45.993318557739258,6987.46027477
1214,2251,576,576,576.000000000000000,13.908951759338379,13.908951759338379,13.908951759338379,62.179401397705078,154.708579241
1215,2253,807,818,812.500000000000000,21.296611785888672,27.154672622680664,24.225642204284668,109.369770050048828,1783.6371486
1216,2260,431,437,434.000000000000000,23.046756744384766,29.644886016845703,26.345821380615234,205.959831237792969,1170.97190623
1217,2263,512,512,512.000000000000000,3.580540418624878,3.580540418624878,3.580540418624878,146.485595703125000,33.8398419077
1218,2265,580,584,582.000000000000000,10.899827957153320,13.704466819763184,11.949334462483725,67.922012329101562,2300.82239169
1219,2271,516,516,516.000000000000000,15.001274108886719,15.001274108886719,15.001274108886719,101.226402282714844,1584.85977266
1220,2272,387,425,407.142857142857167,23.539617538452148,31.144554138183594,27.854982376098633,88.462593078613281,6131.1065161
1221,2273,782,792,787.142857142857110,9.231442451477051,15.829169273376465,12.876863479614258,162.609970092773438,4733.50052051
1222,2274,412,418,415.000000000000000,13.135916709899902,24.729784011840820,19.152234713236492,200.480239868164062,2085.09517189
1223,2275,378,445,409.434782608695627,6.936672210693359,32.675041198730469,18.746218287426490,179.123001098632812,16779.8264889
1224,2277,495,520,508.222222222222229,6.335378646850586,21.343811035156250,17.422699610392257,242.505920410156250,6779.009359
1225,2278,766,803,780.666666666666629,34.102699279785156,41.748004913330078,38.569321950276695,115.584175109863281,2217.46875957
1226,2279,440,440,440.000000000000000,23.073892593383789,23.073892593383789,23.073892593383789,38.495391845703125,548.497692985
1227,2281,402,415,408.500000000000000,8.019403457641602,15.130065917968750,11.486016273498535,137.338943481445312,2597.35667929
1228,2282,361,379,369.000000000000000,15.210873603820801,23.222225189208984,19.735978889465333,109.016433715820312,2720.00476293
1229,2283,719,733,726.000000000000000,28.489835739135742,29.483829498291016,28.986832618713379,103.423351287841797,1920.50529867
1230,2288,363,381,372.250000000000000,30.218297958374023,32.428760528564453,31.251122474670410,93.877048492431641,2681.01685201
1231,2292,759,759,759.000000000000000,32.024181365966797,34.979621887207031,33.501901626586914,178.643264770507812,1817.98919328
1232,2293,814,822,818.000000000000000,29.664670944213867,32.176155090332031,30.920413017272949,123.965499877929688,2195.71518504
1233,2297,505,518,511.750000000000000,11.974093437194824,15.378465652465820,13.182183027267456,205.984603881835938,3038.48544484
1234,2298,392,392,392.000000000000000,1.476969480514526,1.476969480514526,1.476969480514526,349.634552001953125,1249.22534255
1235,2299,750,830,785.500000000000000,33.299591064453125,49.685211181640625,42.988411903381348,209.028327941894531,1660.49148471
1236,2301,736,736,736.000000000000000,17.359884262084961,17.359884262084961,17.359884262084961,113.802886962890625,909.494218698
1237,2302,506,506,506.000000000000000,9.970533370971680,9.970533370971680,9.970533370971680,70.808769226074219,971.561730321
1238,2303,504,508,506.000000000000000,8.167039871215820,10.734378814697266,9.450709342956543,82.541076660156250,838.933312983
1239,2304,429,429,429.000000000000000,19.325338363647461,19.325338363647461,19.325338363647461,200.819427490234375,270.2111293
1240,2305,669,669,669.000000000000000,18.175596237182617,18.175596237182617,18.175596237182617,164.095413208007812,31.707999903
1241,2306,357,357,357.000000000000000,25.087974548339844,25.087974548339844,25.087974548339844,235.831253051757812,930.074121006
1242,2307,429,429,429.000000000000000,17.804018020629883,17.804018020629883,17.804018020629883,220.774475097656250,285.456731415
1243,2309,696,719,706.600000000000023,22.486286163330078,29.230005264282227,27.305365753173827,64.479553222656250,3724.98069413
1244,2310,429,429,429.000000000000000,16.493343353271484,16.493343353271484,16.493343353271484,176.004531860351562,733.65583136
1245,2312,691,723,704.000000000000000,8.676259994506836,57.477909088134766,37.826773961385094,101.472175598144531,1873.01227021
1246,2314,398,407,402.333333333333314,13.716612815856934,24.964265823364258,19.131091753641766,218.616531372070312,1527.81646893
1247,2315,698,698,698.000000000000000,8.967150688171387,8.967150688171387,8.967150688171387,161.273773193359375,1401.44913868
1248,2316,383,383,383.000000000000000,14.578186988830566,14.578186988830566,14.578186988830566,175.908248901367188,792.137479966
1249,2320,707,707,707.000000000000000,8.755407333374023,8.755407333374023,8.755407333374023,52.506423950195312,1025.65416675
1250,2321,658,658,658.000000000000000,19.423315048217773,19.423315048217773,19.423315048217773,131.271743774414062,797.408581039
1251,2322,329,338,333.500000000000000,7.950862884521484,16.418254852294922,12.240314245223999,224.254516601562500,2466.93567976
1252,2323,742,742,742.000000000000000,33.495414733886719,33.495414733886719,33.495414733886719,245.449066162109375,377.047419556
1253,2325,662,672,667.000000000000000,35.102798461914062,40.300563812255859,37.701681137084961,82.564926147460938,662.251321188
1254,2326,702,722,712.000000000000000,8.138760566711426,13.833580970764160,11.516567468643188,44.768348693847656,3440.09913957
1255,2328,640,640,640.000000000000000,19.829950332641602,19.829950332641602,19.829950332641602,144.415115356445312,892.322472637
1256,2330,688,688,688.000000000000000,8.333745002746582,8.333745002746582,8.333745002746582,116.276741027832031,351.581893275
1257,2333,369,404,385.800000000000011,40.187057495117188,46.083408355712891,43.129993438720703,17.477167129516602,4405.75834886
1258,2334,682,682,682.000000000000000,13.502437591552734,13.502437591552734,13.502437591552734,160.951126098632812,775.496314208
1259,2335,356,356,356.000000000000000,16.181358337402344,16.181358337402344,16.181358337402344,225.008438110351562,668.997698287
1260,2336,698,714,704.333333333333371,31.159360885620117,33.205387115478516,32.496306737264000,100.613441467285156,1667.08998923
1261,2337,315,355,333.272727272727252,4.582123756408691,38.002971649169922,22.907129807905719,242.867614746093750,8193.03079644
1262,2339,390,390,390.000000000000000,22.114944458007812,22.114944458007812,22.114944458007812,199.918014526367188,905.262517904
1263,2340,383,404,393.500000000000000,35.660308837890625,37.020545959472656,36.340427398681641,32.856405258178711,2707.67213728
1264,2341,346,346,346.000000000000000,13.483242034912109,13.483242034912109,13.483242034912109,181.663208007812500,592.144961671
1265,2342,712,712,712.000000000000000,18.199644088745117,18.199644088745117,18.199644088745117,117.035530090332031,1184.58976556
1266,2343,633,633,633.000000000000000,8.742314338684082,8.742314338684082,8.742314338684082,182.593734741210938,1413.23887837
1267,2347,695,726,714.000000000000000,16.549800872802734,35.646335601806641,26.965821075439454,128.544357299804688,4023.61404005
1268,2348,312,349,328.000000000000000,23.211626052856445,33.141181945800781,27.375003337860107,249.089218139648438,2084.15277616
1269,2349,371,371,371.000000000000000,18.515171051025391,18.515171051025391,18.515171051025391,180.772506713867188,541.396707237
1270,2351,656,692,676.399999999999977,14.379131317138672,31.403646469116211,22.068756389617917,156.652229309082031,8714.39470199
1271,2352,683,694,688.500000000000000,25.622276306152344,33.707050323486328,29.664663314819336,107.185127258300781,2130.37635902
1272,2353,364,364,364.000000000000000,18.193586349487305,18.193586349487305,18.193586349487305,165.369842529296875,970.79241392
1273,2355,671,685,678.666666666666629,18.872585296630859,21.894886016845703,20.110050201416016,282.760467529296875,1561.43842325
1274,2356,644,651,647.500000000000000,13.065135002136230,18.454372406005859,15.759753704071045,221.581695556640625,917.218499601
1275,2357,677,745,713.696969696969745,14.250370025634766,31.219692230224609,25.354481205795750,93.425201416015625,23611.4985822
1276,2358,374,396,385.000000000000000,25.078931808471680,26.523544311523438,25.801238059997559,115.342830657958984,1579.92022112
1277,2360,613,640,626.500000000000000,18.394651412963867,28.349340438842773,23.371995925903320,262.962936401367188,1425.52572201
1278,2365,623,623,623.000000000000000,24.587251663208008,24.587251663208008,24.587251663208008,160.260177612304688,829.012521646
1279,2366,607,607,607.000000000000000,10.986429214477539,10.986429214477539,10.986429214477539,260.384887695312500,1460.30021081
1280,2368,327,359,340.000000000000000,4.059477329254150,29.490932464599609,19.851930073329381,282.388259887695312,9610.63854205
1281,2369,610,712,666.179487179487069,2.156846046447754,54.954742431640625,28.017413304402279,118.753982543945312,29415.0882041
1282,2370,332,340,336.000000000000000,15.844812393188477,18.855495452880859,17.350153923034668,99.988155364990234,1238.18785984
1283,2371,315,317,316.000000000000000,8.173157691955566,8.762719154357910,8.467938423156738,141.995132446289062,1260.81517053
1284,2372,433,433,433.000000000000000,15.718524932861328,15.718524932861328,15.718524932861328,143.262817382812500,963.910867928
1285,2373,622,631,626.500000000000000,23.918615341186523,26.946891784667969,25.432753562927246,125.186435699462891,1404.89303089
1286,2374,311,311,311.000000000000000,24.672332763671875,24.672332763671875,24.672332763671875,226.686721801757812,935.548893482
1287,2375,343,352,347.500000000000000,22.581993103027344,30.336027145385742,26.459010124206543,210.334785461425781,696.459288024
1288,2376,643,657,650.000000000000000,9.485346794128418,30.504909515380859,21.537557919820152,199.997833251953125,1821.39909723
1289,2378,403,403,403.000000000000000,12.335558891296387,12.335558891296387,12.335558891296387,138.416961669921875,301.093802746
1290,2380,634,656,645.000000000000000,24.996677398681641,28.518909454345703,26.704397201538086,239.877685546875000,3682.80866223
1291,2381,391,391,391.000000000000000,43.453609466552734,43.453609466552734,43.453609466552734,51.822132110595703,568.287514406
1292,2383,652,706,687.636363636363626,6.017043590545654,38.850360870361328,25.490410154516045,124.129997253417969,7371.36761054
1293,2386,650,663,656.500000000000000,25.654701232910156,35.248336791992188,30.451519012451172,48.477668762207031,289.002535179
1294,2388,658,695,678.677419354838662,7.587676525115967,30.767807006835938,19.052726607168871,158.665802001953125,24415.5294202
1295,2390,580,603,589.666666666666629,5.749440670013428,22.689968109130859,14.087789773941040,257.861663818359375,4009.66859379
1296,2391,394,394,394.000000000000000,23.574983596801758,23.574983596801758,23.574983596801758,179.086196899414062,768.87733543
1297,2392,415,415,415.000000000000000,9.864630699157715,9.864630699157715,9.864630699157715,59.549285888671875,355.177526487
1298,2393,302,441,373.386666666666599,10.291440010070801,29.610786437988281,18.665331840515140,172.442947387695312,55052.4350997
1299,2395,677,677,677.000000000000000,28.845256805419922,28.845256805419922,28.845256805419922,302.250732421875000,417.085693573
1300,2397,465,519,488.378378378378386,6.397445678710938,33.178955078125000,19.783895093041501,330.348022460937500,27161.8985253
1301,2398,653,653,653.000000000000000,28.827575683593750,28.827575683593750,28.827575683593750,295.813079833984375,303.298925531
1302,2399,629,632,630.500000000000000,9.067122459411621,11.097223281860352,10.082172870635986,149.493972778320312,1534.56467933
1303,2400,584,605,595.666666666666629,20.169376373291016,22.576223373413086,21.369796752929688,266.040557861328125,1047.39883255
1304,2402,639,639,639.000000000000000,30.008850097656250,30.008850097656250,30.008850097656250,251.124755859375000,1321.13486974
1305,2404,617,617,617.000000000000000,25.440402984619141,25.440402984619141,25.440402984619141,31.565818786621094,119.460326537
1306,2405,304,304,304.000000000000000,24.546785354614258,24.546785354614258,24.546785354614258,238.559570312500000,897.039578837
1307,2407,271,316,292.500000000000000,8.904161453247070,33.768138885498047,22.604798316955563,167.641952514648438,6041.34459219
1308,2408,634,645,641.000000000000000,15.559302330017090,20.976604461669922,18.993528683980305,185.711608886718750,2189.64002339
1309,2411,679,708,694.250000000000000,34.000164031982422,38.738006591796875,36.563754081726074,48.904718399047852,1984.91727864
1310,2412,256,257,256.500000000000000,3.849838256835938,4.672065734863281,4.260951995849609,204.710952758789062,1173.02123804
1311,2415,643,713,673.970588235294144,3.385339975357056,32.411304473876953,24.107117884299335,109.136444091796875,24867.2336425
1312,2416,509,547,532.999999999999886,11.258548736572266,29.610229492187500,19.374128121596119,39.891639709472656,9925.82111228
1313,2417,438,493,461.959999999999923,4.499221801757812,31.082513809204102,17.791180353164670,50.461597442626953,35992.5930325
1314,2418,289,360,318.136363636363626,2.664829969406128,36.577545166015625,21.921197468584239,194.011505126953125,17682.1759195
1315,2419,639,639,639.000000000000000,32.849445343017578,32.849445343017578,32.849445343017578,2.676965713500977,266.688450338
1316,2420,572,572,572.000000000000000,14.493020057678223,14.493020057678223,14.493020057678223,228.500488281250000,754.039249315
1317,2421,450,510,480.083333333333485,2.510745048522949,24.112871170043945,14.348995574315390,28.270448684692383,46415.6978105
1318,2422,256,265,259.333333333333314,7.906795024871826,19.399099349975586,12.592145125071209,163.611511230468750,1880.48571506
1319,2423,589,664,629.666666666666742,16.613786697387695,52.636589050292969,42.276640065511074,100.875633239746094,9294.51748416
1320,2424,578,592,583.750000000000000,12.926593780517578,20.348638534545898,15.957912206649780,231.788650512695312,1809.46058125
1321,2426,674,692,683.000000000000000,16.524913787841797,24.916259765625000,21.154593785603840,246.593673706054688,1283.32929758
1322,2427,431,442,436.500000000000000,25.822771072387695,26.256330490112305,26.039550781250000,92.140964508056641,1637.88704459
1323,2428,572,572,572.000000000000000,10.481292724609375,10.481292724609375,10.481292724609375,332.578369140625000,172.90900653
1324,2430,601,617,609.666666666666629,20.755390167236328,24.939943313598633,23.078699747721355,221.252426147460938,2961.33502648
1325,2432,426,454,437.600000000000023,9.339307785034180,26.545928955078125,19.339184284210205,180.338226318359375,7094.34062906
1326,2435,557,563,560.000000000000000,16.095727920532227,21.239274978637695,18.667501449584961,208.443199157714844,1207.65164252
1327,2436,525,541,532.142857142857110,4.986506462097168,26.039001464843750,15.404771396092009,49.020557403564453,5580.15754284
1328,2437,408,518,461.487179487179503,2.647614717483521,30.004680633544922,16.702883567565532,52.323684692382812,28016.3460584
1329,2438,301,301,301.000000000000000,16.167755126953125,16.167755126953125,16.167755126953125,32.213176727294922,1389.20278556
1330,2439,635,652,643.333333333333258,15.931949615478516,26.987369537353516,20.144148508707683,230.330154418945312,4964.9021728
1331,2440,296,296,296.000000000000000,12.566752433776855,12.566752433776855,12.566752433776855,159.417007446289062,524.250253732
1332,2441,294,294,294.000000000000000,24.293622970581055,24.293622970581055,24.293622970581055,200.947967529296875,553.862462932
1333,2442,319,319,319.000000000000000,25.383695602416992,25.383695602416992,25.383695602416992,264.972900390625000,118.825432632
1334,2443,578,709,645.520833333333371,7.834286212921143,51.599475860595703,30.702077617247895,156.223846435546875,37931.0320839
1335,2444,573,635,597.500000000000000,28.551624298095703,46.197154998779297,38.613609313964844,30.253811836242676,3838.49272182
1336,2445,675,675,675.000000000000000,23.369983673095703,23.369983673095703,23.369983673095703,201.596664428710938,520.343978342
1337,2446,625,625,625.000000000000000,21.691623687744141,21.691623687744141,21.691623687744141,133.571319580078125,943.748221378
1338,2449,291,291,291.000000000000000,20.645942687988281,20.645942687988281,20.645942687988281,205.359603881835938,493.641125103
1339,2450,366,459,412.088888888888903,5.921681880950928,33.489315032958984,20.207931550343833,158.902389526367188,33386.5114159
1340,2451,315,315,315.000000000000000,29.364864349365234,29.364864349365234,29.364864349365234,20.643606185913086,1220.92511189
1341,2452,286,286,286.000000000000000,27.328271865844727,27.328271865844727,27.328271865844727,0.514432370662689,1004.64970593
1342,2453,630,649,637.333333333333371,30.949619293212891,39.307960510253906,34.643384297688804,182.204864501953125,1488.77906372
1343,2454,653,653,653.000000000000000,15.034873962402344,15.034873962402344,15.034873962402344,221.357498168945312,612.931808354
1344,2455,408,499,469.800000000000068,5.488384246826172,33.144454956054688,16.039028739929201,218.762573242187500,19864.602026
1345,2456,573,649,608.500000000000000,13.818644523620605,33.428623199462891,22.381694316864014,223.105384826660156,14975.822274
1346,2458,607,618,612.500000000000000,24.016422271728516,26.098541259765625,25.057481765747070,139.063270568847656,674.568179281
1347,2459,282,282,282.000000000000000,22.170312881469727,22.170312881469727,22.170312881469727,180.996429443359375,416.511288076
1348,2460,274,274,274.000000000000000,21.982725143432617,21.982725143432617,21.982725143432617,271.298919677734375,753.193914695
1349,2462,368,371,369.500000000000000,30.398485183715820,33.471923828125000,31.935204505920410,181.588796138763428,1085.89628585
1350,2463,613,613,613.000000000000000,20.455291748046875,20.455291748046875,20.455291748046875,149.541107177734375,570.199720041
1351,2466,624,624,624.000000000000000,23.483760833740234,23.483760833740234,23.483760833740234,168.049758911132812,584.42866025
1352,2467,262,262,262.000000000000000,24.753202438354492,24.753202438354492,24.753202438354492,270.438812255859375,336.473607373
1353,2468,630,663,646.333333333333371,32.658931732177734,34.810668945312500,33.473374684651695,254.053878784179688,2006.62284794
1354,2469,672,672,672.000000000000000,21.276548385620117,21.276548385620117,21.276548385620117,122.151863098144531,833.32561597
1355,2471,675,730,707.750000000000000,16.044557571411133,33.297615051269531,25.787891387939453,70.437168121337891,2272.32499888
1356,2472,234,269,249.666666666666686,11.010302543640137,28.841917037963867,21.830411275227863,198.355117797851562,6776.30774723
1357,2473,600,601,600.500000000000000,14.665998458862305,19.128503799438477,16.897251129150391,187.667297363281250,1334.4910458
1358,2474,573,630,602.863636363636374,14.387578964233398,25.585348129272461,21.449251955205746,203.418029785156250,17450.4124941
1359,2475,278,293,285.500000000000000,5.700224399566650,31.766304016113281,18.733264207839966,339.048828125000000,1152.00940857
1360,2476,646,677,661.500000000000000,33.237396240234375,43.451610565185547,38.344503402709961,302.676300048828125,1081.54633124
1361,2477,243,252,247.500000000000000,22.847440719604492,23.489936828613281,23.168688774108887,254.089836120605469,874.484370325
1362,2480,649,649,649.000000000000000,39.715217590332031,39.715217590332031,39.715217590332031,312.876495361328125,917.605200194
1363,2482,559,559,559.000000000000000,16.362989425659180,16.362989425659180,16.362989425659180,194.100631713867188,1122.44537085
1364,2483,308,308,308.000000000000000,15.618549346923828,15.618549346923828,15.618549346923828,111.280075073242188,693.669121509
1365,2486,237,237,237.000000000000000,20.751438140869141,20.751438140869141,20.751438140869141,241.201232910156250,698.253333
1366,2487,667,676,671.500000000000000,26.412187576293945,27.416595458984375,26.914391517639160,146.076194763183594,1594.40341053
1367,2490,630,669,648.000000000000000,37.492641448974609,43.299865722656250,39.810773849487305,76.009845733642578,2694.42848595
1368,2491,589,623,604.363636363636374,14.325253486633301,25.379314422607422,19.623880559747871,203.845306396484375,7870.615022
1369,2496,274,358,311.999999999999943,32.632930755615234,40.942680358886719,37.865215648304329,349.863006591796875,8213.11356841
1370,2497,650,650,650.000000000000000,18.375749588012695,18.375749588012695,18.375749588012695,218.657760620117188,1015.06101247
1371,2507,665,679,673.500000000000000,7.974837779998779,20.220376968383789,14.856964230537415,93.634822845458984,2652.94257321
1372,2516,567,630,613.312499999999886,4.183017253875732,47.835380554199219,20.484703828891110,242.866485595703125,35964.3375373
1373,2517,570,627,599.250000000000000,32.774063110351562,42.582534790039062,37.347790718078620,180.251532554626465,5550.18214115
1374,2518,647,647,647.000000000000000,24.218164443969727,24.218164443969727,24.218164443969727,158.324707031250000,1243.28594954
1375,2520,573,602,584.000000000000000,21.651811599731445,39.523063659667969,29.878637313842773,232.932937622070312,4521.06597157
1376,2521,632,644,636.000000000000000,17.708209991455078,20.655704498291016,18.959051132202148,3.703221082687378,1698.17150703
1377,2522,632,638,635.000000000000000,10.642521858215332,16.748693466186523,13.695607662200928,239.805953979492188,1224.63412349
1378,2524,600,600,600.000000000000000,19.010242462158203,19.010242462158203,19.010242462158203,305.948944091796875,1659.99555546
1379,2526,603,603,603.000000000000000,25.415802001953125,25.415802001953125,25.415802001953125,62.627357482910156,12.1568288877
1380,2527,621,637,629.000000000000000,32.450744628906250,35.817649841308594,34.134197235107422,286.158630371093750,1975.20889585
1381,2528,552,552,552.000000000000000,18.553346633911133,22.440063476562500,20.496705055236816,84.711303710937500,1307.73929494
1382,2529,616,616,616.000000000000000,23.829641342163086,23.829641342163086,23.829641342163086,344.236022949218750,834.444705422
1383,2530,602,637,621.500000000000000,18.805891036987305,29.089920043945312,25.023897886276249,317.886840820312500,7225.32559873
1384,2531,561,604,575.142857142857110,12.644006729125977,27.474319458007812,21.761114392961776,310.872467041015625,4427.47234794
1385,2533,562,575,567.666666666666629,9.916719436645508,34.732814788818359,19.881349563598633,227.044784545898438,2126.74851439
1386,2534,590,635,614.000000000000000,36.260078430175781,39.862159729003906,37.892001152038574,56.610492706298828,2516.52108172
1387,2535,376,410,392.500000000000000,18.377349853515625,29.006904602050781,24.115998268127441,208.711631774902344,3611.5604764
1388,2536,383,421,409.900000000000034,26.443702697753906,32.768703460693359,30.364395904541016,177.915733337402344,5682.13223618
1389,2537,277,429,331.885714285714357,4.113582134246826,53.968288421630859,28.991449560437879,97.312911987304688,53196.9371035
1390,2538,618,636,629.333333333333371,24.869682312011719,27.739240646362305,26.271629333496094,5.984988689422607,2013.66850073
1391,2539,351,380,366.300000000000068,27.097755432128906,33.583221435546875,30.531434249877933,334.681793212890625,5332.93207658
1392,2540,638,686,665.000000000000000,19.476316452026367,36.757766723632812,29.466728528340660,131.515693664550781,3983.847696
1393,2543,606,619,612.500000000000000,18.857980728149414,20.778572082519531,19.818276405334473,202.319801330566406,1995.1163936
1394,2544,575,628,596.875000000000000,17.757581710815430,35.874805450439453,27.338455915451057,137.399909973144531,11549.2128242
1395,2545,394,409,401.500000000000000,29.285528182983398,30.993844985961914,30.139686584472656,196.503799438476562,1339.30441689
1396,2547,388,405,396.500000000000000,27.801082611083984,29.270559310913086,28.535820960998535,210.123390197753906,1507.23338283
1397,2548,385,415,399.000000000000000,35.544017791748047,37.572917938232422,36.628762245178223,216.596298217773438,2167.01206283
1398,2549,613,622,617.500000000000000,12.962565422058105,21.067398071289062,17.014981746673584,210.104179382324219,1661.5304856
1399,2552,667,702,684.000000000000000,25.766778945922852,34.614551544189453,31.248453140258789,27.925346374511719,2558.84100101
1400,2554,557,586,570.571428571428555,14.449630737304688,29.542997360229492,21.538902555193221,292.448181152343750,5497.95913578
1401,2555,330,345,338.333333333333314,18.568658828735352,28.248796463012695,21.873374303181965,331.845062255859375,2196.98377909
1402,2556,587,615,601.799999999999955,18.609270095825195,29.028188705444336,22.372970962524413,295.097564697265625,2266.94795009
1403,2557,229,229,229.000000000000000,26.553361892700195,26.553361892700195,26.553361892700195,206.582199096679688,1361.35977184
1404,2558,412,448,424.000000000000000,38.433002471923828,43.726234436035156,41.749065399169922,354.199645996093750,1953.05308232
1405,2561,245,245,245.000000000000000,29.026002883911133,29.026002883911133,29.026002883911133,201.187698364257812,570.343248813
1406,2562,528,528,528.000000000000000,7.791728496551514,7.791728496551514,7.791728496551514,178.164657592773438,127.00338855
1407,2563,527,539,531.666666666666629,10.436011314392090,25.608812332153320,16.775398254394531,327.740142822265625,1879.26734374
1408,2564,610,610,610.000000000000000,8.005018234252930,11.909177780151367,9.957098007202148,330.564300537109375,788.976813661
1409,2566,637,641,639.000000000000000,29.314912796020508,34.873729705810547,32.094321250915527,29.035694122314453,1686.52927699
1410,2567,267,267,267.000000000000000,23.744258880615234,23.744258880615234,23.744258880615234,25.123006820678711,234.361780749
1411,2568,224,234,229.000000000000000,17.941499710083008,19.144006729125977,18.542753219604492,187.826675415039062,1439.68512806
1412,2571,573,588,579.500000000000000,13.969706535339355,28.612306594848633,18.488765239715576,211.655082702636719,4109.34933203
1413,2572,255,281,268.142857142857167,25.367424011230469,33.846446990966797,29.816581998552596,14.742084503173828,3643.03569353
1414,2573,536,536,536.000000000000000,29.273492813110352,29.273492813110352,29.273492813110352,325.444274902343750,564.289993898
1415,2574,310,320,315.000000000000000,22.702487945556641,24.737873077392578,23.720180511474609,63.011844635009766,1481.48481151
1416,2577,257,291,273.099999999999966,32.421524047851562,46.064727783203125,37.901907730102543,347.623275756835938,8030.55481354
1417,2579,575,660,603.500000000000000,17.328205108642578,46.707328796386719,34.315806388854980,67.484867095947266,5754.87051718
1418,2580,209,209,209.000000000000000,15.169513702392578,15.169513702392578,15.169513702392578,158.556777954101562,570.403582014
1419,2582,546,547,546.500000000000000,2.276863336563110,9.045021057128906,5.660942196846008,148.191051483154297,1622.06672634
1420,2583,343,354,349.333333333333314,26.061532974243164,34.528381347656250,29.581560770670574,26.905462265014648,952.258592954
1421,2584,667,692,679.500000000000000,24.724592208862305,38.346874237060547,31.535733222961426,111.751644134521484,996.994965757
1422,2589,299,349,317.900000000000034,14.115757942199707,30.065282821655273,24.151471233367921,328.135498046875000,7034.56844502
1423,2590,687,743,719.363636363636374,19.552095413208008,35.356323242187500,27.722538514570754,73.655456542968750,9313.13197724
1424,2592,306,314,310.000000000000000,23.919521331787109,24.071594238281250,23.995557785034180,334.689300537109375,1808.86388816
1425,2596,588,588,588.000000000000000,24.220144271850586,24.220144271850586,24.220144271850586,344.853302001953125,523.091948448
1426,2597,391,391,391.000000000000000,18.441240310668945,18.441240310668945,18.441240310668945,59.796482086181641,500.134850525
1427,2598,488,496,490.250000000000000,1.312751770019531,18.877315521240234,10.606308460235596,288.492782592773438,3377.11342567
1428,2599,553,587,567.399999999999977,11.556015968322754,27.513050079345703,22.018134975433352,150.518753051757812,7769.33927548
1429,2600,641,662,651.500000000000000,27.086103439331055,28.367002487182617,27.726552963256836,312.156234741210938,1398.86037523
1430,2603,669,669,669.000000000000000,26.931545257568359,26.931545257568359,26.931545257568359,41.481010437011719,1105.08958052
1431,2604,502,606,543.571428571428442,3.549660921096802,40.640060424804688,27.917642772197723,195.414566040039062,21718.3879125
1432,2605,372,386,377.857142857142833,0.621286869049072,20.070371627807617,10.427779061453682,297.956695556640625,4543.5913132
1433,2606,554,554,554.000000000000000,27.611087799072266,27.611087799072266,27.611087799072266,281.974456787109375,1078.0688775
1434,2607,697,714,706.666666666666629,23.789243698120117,29.861442565917969,26.491425196329754,197.647979736328125,2241.98353419
1435,2608,339,377,359.250000000000000,22.222490310668945,29.433382034301758,26.417831897735596,31.596462249755859,2905.75634968
1436,2610,669,700,683.600000000000023,17.337465286254883,24.475681304931641,19.915895462036133,66.451629638671875,2831.20460994
1437,2611,219,370,264.297872340425727,1.138918519020081,44.538684844970703,19.734221805917457,70.600940704345703,68248.6168881
1438,2612,705,717,710.200000000000045,12.365022659301758,27.740451812744141,19.668154525756837,183.143295288085938,2914.19846675
1439,2613,656,691,682.727272727272748,5.261972427368164,36.866237640380859,19.924760428341951,84.829147338867188,7993.64093963
1440,2614,354,393,373.666666666666686,27.107450485229492,32.552371978759766,29.970668792724609,2.071135997772217,1990.27572033
1441,2615,547,547,547.000000000000000,22.842050552368164,22.842050552368164,22.842050552368164,274.985137939453125,1067.42753991
1442,2617,595,595,595.000000000000000,22.717365264892578,22.717365264892578,22.717365264892578,323.110656738281250,318.808347509
1443,2618,372,372,372.000000000000000,29.369678497314453,29.369678497314453,29.369678497314453,356.704620361328125,847.923121115
1444,2620,503,535,514.200000000000045,11.692650794982910,32.487281799316406,22.839994430541992,248.932434082031250,3193.97953699
1445,2621,548,548,548.000000000000000,16.517786026000977,16.517786026000977,16.517786026000977,251.571502685546875,875.672987411
1446,2622,621,669,648.174999999999955,2.773698329925537,34.675392150878906,19.062125664949416,80.239028930664062,30881.7811129
1447,2623,629,649,636.500000000000000,11.389162063598633,35.980197906494141,20.827667236328125,192.668037414550781,4945.77518747
1448,2625,527,623,553.328124999999773,3.131886720657349,47.256595611572266,24.818126756697897,113.817890167236328,47906.2435522
1449,2626,654,714,682.833333333333371,17.655454635620117,34.256885528564453,28.467899322509766,318.750091552734375,4508.78041288
1450,2627,468,538,507.749999999999943,5.278337478637695,34.071315765380859,18.540222227573391,128.233455657958984,35209.8100043
1451,2629,654,667,660.500000000000000,16.459077835083008,27.663894653320312,22.061486244201660,196.070991516113281,1985.67786796
1452,2632,469,504,487.272727272727309,10.556777000427246,28.711448669433594,23.462450634349477,275.387847900390625,7573.79617607
1453,2633,662,662,662.000000000000000,27.640483856201172,27.640483856201172,27.640483856201172,87.610702514648438,12.2968967956
1454,2634,589,589,589.000000000000000,10.930449485778809,10.930449485778809,10.930449485778809,277.978210449218750,135.104226262
1455,2635,516,625,565.631578947368439,15.007851600646973,45.280918121337891,36.673886801067155,51.420833587646484,13387.2672878
1456,2637,654,654,654.000000000000000,21.632762908935547,21.632762908935547,21.632762908935547,269.187957763671875,898.707340801
1457,2638,268,289,281.000000000000000,21.303380966186523,29.970666885375977,25.541471481323242,356.266693115234375,3313.4179736
1458,2639,255,255,255.000000000000000,5.642866611480713,5.642866611480713,5.642866611480713,110.938728332519531,999.903315148
1459,2640,598,623,610.500000000000000,42.022712707519531,46.119529724121094,44.071121215820312,108.639450073242188,818.53430417
1460,2642,551,567,558.333333333333371,12.716208457946777,27.069757461547852,19.620079358418785,113.039039611816406,1595.76096177
1461,2643,295,442,349.961538461538396,1.509652495384216,43.340499877929688,22.223069200722072,327.493637084960938,154871.015564
1462,2644,259,259,259.000000000000000,9.292061805725098,9.292061805725098,9.292061805725098,60.878025054931641,555.176263485
1463,2645,264,280,270.750000000000000,16.180227279663086,23.204116821289062,19.260248661041260,335.879318237304688,4932.11401667
1464,2646,271,271,271.000000000000000,24.340326309204102,24.340326309204102,24.340326309204102,24.705928802490234,768.895698053
1465,2647,267,267,267.000000000000000,10.853075981140137,10.853075981140137,10.853075981140137,4.859385013580322,729.917193414
1466,2648,605,644,624.000000000000000,37.574478149414062,40.820396423339844,39.036388397216797,100.664581298828125,2490.79150551
1467,2650,647,647,647.000000000000000,14.274271011352539,14.274271011352539,14.274271011352539,21.858947753906250,1077.38819558
1468,2651,531,531,531.000000000000000,26.431997299194336,27.935918807983398,27.183958053588867,266.007812500000000,1711.45532473
1469,2652,658,705,683.500000000000000,24.409124374389648,31.403839111328125,27.569730758666992,79.456485748291016,2435.08241356
1470,2654,492,505,497.600000000000023,21.320199966430664,24.022430419921875,22.540491485595702,273.418792724609375,3510.96605798
1471,2655,585,591,588.000000000000000,35.821113586425781,38.098049163818359,36.959581375122070,110.048969268798828,1305.33756657
1472,2656,502,539,520.399999999999977,10.962668418884277,39.418933868408203,28.235882377624513,57.812709808349609,2553.30095416
1473,2657,551,570,560.500000000000000,35.132102966308594,36.521301269531250,35.826702117919922,87.957717895507812,1738.17789511
1474,2658,310,311,310.500000000000000,15.613725662231445,17.869075775146484,16.741400718688965,350.101776123046875,2591.4529759
1475,2661,519,560,540.333333333333371,32.188396453857422,40.105014801025391,36.876459757486977,94.942390441894531,2106.06717186
1476,2662,536,545,540.500000000000000,17.668052673339844,26.351909637451172,22.009981155395508,272.399261474609375,1932.68574423
1477,2663,325,325,325.000000000000000,34.318351745605469,34.318351745605469,34.318351745605469,27.113679885864258,537.601415548
1478,2664,496,539,517.666666666666629,28.089153289794922,35.239479064941406,30.499382019042969,340.365295410156250,1985.43842721
1479,2665,604,696,642.454545454545496,31.632699966430664,50.529834747314453,41.219619230790570,97.819290161132812,7558.64890451
1480,2668,594,677,645.068965517241281,8.891242027282715,37.151878356933594,24.808126975750099,129.314239501953125,21887.9059902
1481,2669,561,561,561.000000000000000,22.698869705200195,22.698869705200195,22.698869705200195,207.565078735351562,530.63840046
1482,2670,354,359,356.500000000000000,13.560993194580078,18.123895645141602,15.842444419860840,30.304622650146484,1857.16512756
1483,2671,545,545,545.000000000000000,26.762153625488281,26.762153625488281,26.762153625488281,355.280059814453125,461.860316925
1484,2672,542,592,571.625000000000000,24.991424560546875,32.989059448242188,28.812550544738770,85.301742553710938,6485.39390598
1485,2673,545,553,547.666666666666629,3.426757097244263,20.569122314453125,9.934077660242718,214.827072143554688,1707.66223981
1486,2674,538,555,546.500000000000000,36.001674652099609,38.301506042480469,37.151590347290039,62.608324050903320,610.958999224
1487,2677,548,548,548.000000000000000,10.925277709960938,10.925277709960938,10.925277709960938,219.265258789062500,855.781889593
1488,2679,362,457,419.145833333333371,3.242336273193359,24.574924468994141,15.189747845133150,62.479845046997070,34318.0482914
1489,2681,577,596,586.500000000000000,36.630699157714844,39.474853515625000,38.052776336669922,82.192829132080078,1769.55213682
1490,2682,510,530,522.000000000000000,27.820487976074219,37.444717407226562,33.756898244222008,258.044830322265625,1837.79391484
1491,2684,582,643,616.222222222222058,13.567192077636719,38.259952545166016,25.503774166107178,63.623590469360352,12761.2514728
1492,2685,584,609,596.500000000000000,11.422093391418457,20.175605773925781,17.358610391616821,278.171173095703125,1521.94736544
1493,2686,515,678,571.472222222222285,0.551333725452423,49.196125030517578,23.844198757575615,101.468624114990234,53132.8383911
1494,2687,557,634,599.357142857142776,16.316221237182617,25.892807006835938,21.387112889971053,12.351567268371582,19335.9598998
1495,2688,721,721,721.000000000000000,11.399939537048340,11.399939537048340,11.399939537048340,161.325286865234375,816.071334098
1496,2691,534,539,536.500000000000000,16.280242919921875,30.608667373657227,23.444455146789551,232.211448669433594,1524.76963518
1497,2692,514,572,539.857142857143003,6.019752502441406,21.513671875000000,14.306170009431385,174.589195251464844,31320.7317676
1498,2693,437,502,468.583333333333371,1.861422896385193,35.545364379882812,22.559920294417271,52.856143951416016,28756.6924025
1499,2694,425,426,425.500000000000000,17.234199523925781,24.713134765625000,20.973667144775391,174.964248657226562,1403.89518703
1500,2696,520,533,526.500000000000000,28.768707275390625,32.171775817871094,30.470241546630859,280.793746948242188,1182.23732254
1501,2697,690,735,718.285714285714221,9.037405014038086,31.635326385498047,19.764730044773646,81.758468627929688,4396.12915039
1502,2698,500,500,500.000000000000000,17.308984756469727,17.308984756469727,17.308984756469727,92.982162475585938,957.055727576
1503,2699,605,640,617.818181818181756,2.509797811508179,21.927055358886719,13.163551048798995,287.101776123046875,8764.20342959
1504,2700,447,466,456.500000000000000,33.266426086425781,35.313934326171875,34.290180206298828,285.966171264648438,1896.54866134
1505,2701,472,472,472.000000000000000,27.824905395507812,27.824905395507812,27.824905395507812,165.838607788085938,542.677022958
1506,2702,511,543,524.833333333333371,7.684614658355713,36.117938995361328,18.820084929466248,107.803176879882812,7555.61821818
1507,2703,457,629,519.796610169491487,7.520862579345703,49.623153686523438,31.781020374621384,219.226028442382812,43726.435494
1508,2704,545,576,563.000000000000000,15.074286460876465,26.627981185913086,20.040070261274067,107.316307067871094,4908.84742993
1509,2705,456,456,456.000000000000000,28.596801757812500,28.596801757812500,28.596801757812500,186.065475463867188,268.715670169
1510,2707,471,471,471.000000000000000,16.591499328613281,20.008411407470703,18.299955368041992,183.631088256835938,1271.03839081
1511,2709,452,465,456.699999999999989,0.966148376464844,25.667337417602539,11.181056308746339,174.658615112304688,7014.50877075
1512,2710,477,484,481.666666666666686,13.673914909362793,17.342590332031250,14.986595471700033,186.407653808593750,2010.0563328
1513,2712,592,598,594.666666666666629,7.822109699249268,10.922172546386719,9.219583034515381,308.008758544921875,1951.35550383
1514,2713,464,470,467.000000000000000,31.947908401489258,31.996881484985352,31.972394943237305,17.400186538696289,2101.76082451
1515,2714,543,543,543.000000000000000,27.412670135498047,27.412670135498047,27.412670135498047,193.623901367187500,1108.17445513
1516,2715,484,484,484.000000000000000,18.594478607177734,18.594478607177734,18.594478607177734,163.258346557617188,1469.06538826
1517,2716,487,515,502.428571428571445,15.557592391967773,24.890604019165039,19.663135801042831,104.314163208007812,5051.26193954
1518,2717,562,605,585.600000000000023,30.555671691894531,39.956268310546875,36.238290405273439,220.868637084960938,4521.9231674
1519,2718,463,468,465.500000000000000,20.538084030151367,20.692886352539062,20.615485191345215,147.267501831054688,923.082129249
1520,2719,464,515,489.166666666666629,14.968026161193848,22.038351058959961,17.610486189524330,109.875087738037109,3956.65226849
1521,2721,580,603,591.333333333333371,19.775196075439453,25.283021926879883,23.070539474487305,99.705024719238281,1593.9516163
1522,2722,574,584,579.000000000000000,11.342183113098145,25.554233551025391,18.448208332061768,265.580169677734375,1169.91563817
1523,2725,525,647,588.491803278688508,13.006387710571289,47.357395172119141,28.491952145685918,72.773971557617188,45923.9930909
1524,2729,488,496,492.000000000000000,20.928995132446289,28.890560150146484,24.909777641296387,46.994014739990234,1776.8243002
1525,2730,350,360,353.750000000000000,8.467356681823730,19.230983734130859,15.891237497329712,89.262805938720703,1750.51945495
1526,2731,584,609,596.500000000000000,41.139484405517578,47.134284973144531,44.136884689331055,27.791746139526367,1592.5222027
1527,2732,480,556,522.000000000000000,32.784988403320312,46.881946563720703,40.662421417236331,233.073471069335938,3432.53382996
1528,2733,583,588,585.500000000000000,12.816351890563965,14.452210426330566,13.634281158447266,57.685827255249023,990.826325604
1529,2734,589,599,594.000000000000000,20.533790588378906,22.441810607910156,21.487800598144531,298.447677612304688,2182.57305646
1530,2735,607,607,607.000000000000000,34.248455047607422,34.248455047607422,34.248455047607422,24.190319061279297,367.057776007
1531,2736,599,625,609.363636363636374,7.242580890655518,26.235233306884766,16.647596229206432,61.746536254882812,9519.93021173
1532,2737,521,597,561.307692307692264,12.397292137145996,28.035984039306641,20.190025439629181,121.909885406494141,37076.1470077
1533,2738,472,481,476.500000000000000,36.539710998535156,37.015483856201172,36.777597427368164,235.339324951171875,454.984135263
1534,2739,581,599,590.000000000000000,21.553039550781250,27.675340652465820,24.614190101623535,220.195808410644531,834.302041526
1535,2740,475,493,483.500000000000000,16.069196701049805,30.947875976562500,24.038610458374023,59.294872283935547,2605.2869394
1536,2741,423,456,437.000000000000000,23.249385833740234,45.363677978515625,35.350001017252602,242.650741577148438,1566.11820316
1537,2746,592,598,595.000000000000000,6.543889522552490,13.748457908630371,10.146173715591431,301.131607055664062,1095.71132118
1538,2748,528,539,533.500000000000000,6.705193996429443,32.133869171142578,19.419531583786011,67.024848937988281,589.341500018
1539,2749,467,467,467.000000000000000,22.120168685913086,22.120168685913086,22.120168685913086,10.466904640197754,826.161582154
1540,2750,565,565,565.000000000000000,31.840295791625977,31.840295791625977,31.840295791625977,259.665985107421875,24.1960624867
1541,2751,438,478,462.000000000000000,23.197750091552734,35.922206878662109,28.540850003560386,51.779121398925781,5326.03675091
1542,2752,589,593,591.000000000000000,4.929176330566406,11.406076431274414,8.167626380920410,275.994323730468750,2026.97197303
1543,2753,509,509,509.000000000000000,26.040786743164062,26.040786743164062,26.040786743164062,231.975463867187500,702.208199485
1544,2754,317,320,318.500000000000000,3.764405965805054,10.615992546081543,7.190199255943298,82.499101638793945,1366.05020486
1545,2755,417,425,421.000000000000000,13.969362258911133,24.714216232299805,19.341789245605469,42.734373092651367,1118.60659337
1546,2756,403,540,456.241758241758248,1.719988465309143,37.901943206787109,23.007023639731354,261.064605712890625,68840.3832602
1547,2757,602,602,602.000000000000000,37.932842254638672,37.932842254638672,37.932842254638672,28.251796722412109,742.001933962
1548,2758,490,494,492.000000000000000,14.097407341003418,14.860672950744629,14.479040145874023,38.646783828735352,1408.56074895
1549,2759,447,520,490.909090909090935,16.354909896850586,23.614358901977539,18.862327055497602,153.601669311523438,8852.06656061
1550,2761,587,596,591.333333333333371,4.695869922637939,16.138223648071289,9.778045813242594,49.261161804199219,1782.01988256
1551,2762,573,608,590.500000000000000,35.425437927246094,38.850605010986328,37.138021469116211,34.630164146423340,1681.5882843
1552,2764,458,458,458.000000000000000,30.189065933227539,30.189065933227539,30.189065933227539,96.115226745605469,619.232998593
1553,2765,438,503,473.857142857142833,25.730691909790039,36.818206787109375,32.723810468401233,34.475921630859375,5128.5350158
1554,2766,597,597,597.000000000000000,5.690520763397217,5.690520763397217,5.690520763397217,349.343994140625000,646.282781566
1555,2767,428,428,428.000000000000000,23.660982131958008,23.660982131958008,23.660982131958008,96.098457336425781,1778.98670163
1556,2768,587,587,587.000000000000000,18.443428039550781,18.443428039550781,18.443428039550781,223.179306030273438,1135.41610349
1557,2769,313,326,319.500000000000000,10.769871711730957,23.971839904785156,17.370855808258057,150.472824096679688,1714.96783315
1558,2770,532,651,599.199999999999932,22.935667037963867,44.322734832763672,37.264549827575685,40.571998596191406,6957.77278978
1559,2771,547,609,571.000000000000000,29.743745803833008,39.205287933349609,33.897938410441078,41.531436920166016,2086.60249645
1560,2772,513,513,513.000000000000000,24.128000259399414,24.128000259399414,24.128000259399414,356.156036376953125,307.012060962
1561,2773,430,448,439.714285714285722,12.060329437255859,22.525484085083008,17.440392630440851,126.206359863281250,6218.54835985
1562,2774,546,591,563.000000000000000,32.560871124267578,42.698608398437500,37.798629760742188,43.663557052612305,2888.81344455
1563,2775,625,631,628.000000000000000,17.826347351074219,18.260995864868164,18.057835896809895,108.170509338378906,2930.93194728
1564,2776,294,294,294.000000000000000,12.154327392578125,14.341881752014160,13.248104572296143,18.483947753906250,1252.84459449
1565,2777,507,522,512.000000000000000,28.365488052368164,38.033386230468750,34.143040339152016,58.071281433105469,1892.84328463
1566,2778,556,654,618.083333333333371,25.657796859741211,49.704376220703125,35.636283556620278,52.274377822875977,8970.92282456
1567,2779,534,534,534.000000000000000,33.775638580322266,33.775638580322266,33.775638580322266,88.252555847167969,772.136663561
1568,2780,603,603,603.000000000000000,9.276355743408203,9.276355743408203,9.276355743408203,59.395389556884766,1077.5322948
1569,2781,483,489,486.000000000000000,11.877947807312012,17.869424819946289,14.873686313629150,266.837135314941406,1072.03887469
1570,2782,555,593,574.000000000000000,41.684238433837891,45.558475494384766,43.621356964111328,41.330427169799805,710.123750482
1571,2783,524,557,543.399999999999977,25.601188659667969,32.889884948730469,29.563029098510743,343.097778320312500,3934.1851834
1572,2784,518,518,518.000000000000000,19.114587783813477,19.114587783813477,19.114587783813477,225.917724609375000,506.037043934
1573,2785,427,455,438.909090909090935,6.007924079895020,23.870521545410156,14.179312445900656,154.049713134765625,8735.09504035
1574,2786,530,549,539.500000000000000,31.663139343261719,33.833629608154297,32.748384475708008,33.150930404663086,1304.53357171
1575,2787,292,292,292.000000000000000,22.981370925903320,22.981370925903320,22.981370925903320,26.801891326904297,1147.27398885
1576,2788,441,464,454.285714285714278,11.722849845886230,24.207996368408203,16.217053549630304,137.723083496093750,6514.5555217
1577,2789,541,542,541.500000000000000,23.998388290405273,27.251791000366211,25.625089645385742,187.795820236206055,1209.45517942
1578,2790,401,412,404.750000000000000,3.272962093353271,19.845178604125977,10.900509119033813,278.912002563476562,3410.70753714
1579,2791,507,507,507.000000000000000,21.908723831176758,21.908723831176758,21.908723831176758,215.760696411132812,944.85217375
1580,2792,462,473,467.500000000000000,16.175846099853516,24.172201156616211,20.174023628234863,306.145095825195312,1398.26192394
1581,2793,349,349,349.000000000000000,30.160816192626953,30.160816192626953,30.160816192626953,162.220825195312500,190.626584086
1582,2794,417,427,422.000000000000000,14.046337127685547,21.811433792114258,17.928885459899902,13.622209548950195,1848.6179437
1583,2795,459,501,480.100000000000023,7.399610042572021,25.455474853515625,17.396583151817328,123.300575256347656,14387.0996561
1584,2796,372,390,381.000000000000000,30.302076339721680,32.007858276367188,31.154967308044434,186.050667762756348,1357.87074559
1585,2797,283,299,289.600000000000023,11.283617973327637,25.842720031738281,20.982573127746583,201.679092407226562,2508.88787556
1586,2798,612,612,612.000000000000000,50.338573455810547,50.338573455810547,50.338573455810547,103.860755920410156,1665.07529431
1587,2799,441,441,441.000000000000000,16.830955505371094,16.830955505371094,16.830955505371094,1.318579196929932,632.530443787
1588,2800,456,461,458.500000000000000,11.862455368041992,18.251882553100586,15.057168960571289,270.524856567382812,912.242338276
1589,2801,522,522,522.000000000000000,21.018781661987305,21.018781661987305,21.018781661987305,289.728118896484375,1200.26861269
1590,2802,428,436,432.666666666666686,2.781360387802124,13.033897399902344,7.784987847010295,56.752666473388672,2386.49736581
1591,2803,493,502,498.000000000000000,13.500069618225098,19.636808395385742,17.482221921284992,26.796535491943359,2253.53741029
1592,2804,315,499,387.524137931034545,1.137603640556335,34.336261749267578,19.814078244258610,167.370544433593750,217587.740683
1593,2805,455,462,458.500000000000000,29.216690063476562,34.317062377929688,31.766876220703125,54.692577362060547,1508.27531003
1594,2806,575,575,575.000000000000000,35.279304504394531,35.279304504394531,35.279304504394531,42.664329528808594,1006.55145161
1595,2807,472,488,480.000000000000000,35.658897399902344,37.912303924560547,36.785600662231445,51.749727249145508,1870.18281011
1596,2809,516,516,516.000000000000000,19.688114166259766,19.688114166259766,19.688114166259766,348.849273681640625,710.258554352
1597,2810,528,528,528.000000000000000,25.169239044189453,25.169239044189453,25.169239044189453,339.619598388671875,926.09266543
1598,2811,304,363,331.153846153846189,12.280316352844238,25.794401168823242,20.103216978219841,29.468301773071289,19395.8444515
1599,2812,446,522,489.750000000000000,34.094490051269531,39.705715179443359,37.732578277587891,58.852214813232422,3944.73520019
1600,2813,522,541,531.500000000000000,32.791473388671875,35.795753479003906,34.293613433837891,71.178453445434570,1137.28192634
1601,2814,491,498,494.500000000000000,12.424206733703613,19.435409545898438,15.929808139801025,273.962677001953125,1564.58691581
1602,2815,388,429,415.666666666666686,8.563124656677246,32.900516510009766,20.400840918223064,27.052367210388184,3600.98462161
1603,2816,468,507,488.857142857142833,32.970695495605469,36.989170074462891,35.189586094447542,155.551910400390625,4406.94515925
1604,2818,493,493,493.000000000000000,21.964237213134766,21.964237213134766,21.964237213134766,339.226867675781250,675.664747953
1605,2819,254,516,359.534031413612581,0.621268689632416,30.868837356567383,12.740748831070283,146.706161499023438,995915.885133
1606,2820,571,586,578.500000000000000,27.425231933593750,30.385675430297852,28.905453681945801,282.049392700195312,1677.62540418
1607,2821,549,549,549.000000000000000,17.922060012817383,17.922060012817383,17.922060012817383,352.604614257812500,835.229678779
1608,2822,427,437,432.000000000000000,22.217716217041016,22.302722930908203,22.260219573974609,110.377529144287109,1769.61243406
1609,2823,343,343,343.000000000000000,14.631137847900391,14.631137847900391,14.631137847900391,85.979293823242188,832.960357638
1610,2824,507,522,514.333333333333258,8.392926216125488,23.541641235351562,14.826083978017172,287.841293334960938,3155.259959
1611,2825,502,507,504.000000000000000,5.051201820373535,11.147327423095703,8.328462600708008,182.581222534179688,1926.8871065
1612,2826,626,643,634.500000000000000,27.288814544677734,27.909975051879883,27.599394798278809,83.829620361328125,1406.56820884
1613,2827,487,516,504.333333333333314,30.153093338012695,40.570476531982422,35.139961878458656,211.580169677734375,1325.48774429
1614,2828,422,442,432.500000000000000,19.876764297485352,23.960815429687500,21.580755233764648,136.797485351562500,2842.89476111
1615,2829,546,591,568.750000000000000,21.424392700195312,30.886392593383789,26.629839897155762,318.721496582031250,3218.21734806
1616,2830,298,298,298.000000000000000,18.927223205566406,18.927223205566406,18.927223205566406,75.469024658203125,1162.79800858
1617,2831,458,473,466.000000000000000,18.071018218994141,24.619371414184570,21.699991861979168,37.943950653076172,2714.33772595
1618,2832,366,421,397.380952380952408,10.161475181579590,23.882305145263672,19.480557577950613,333.265777587890625,16184.0599569
1619,2833,606,606,606.000000000000000,15.040762901306152,15.040762901306152,15.040762901306152,346.099151611328125,616.405420364
1620,2834,503,503,503.000000000000000,26.848464965820312,26.848464965820312,26.848464965820312,54.594375610351562,669.658887396
1621,2835,588,588,588.000000000000000,14.630632400512695,14.630632400512695,14.630632400512695,160.927810668945312,1167.03963725
1622,2837,391,406,395.500000000000000,12.545148849487305,20.452203750610352,18.570406277974445,189.919670104980469,4897.53561716
1623,2838,389,398,393.500000000000000,14.345345497131348,18.835054397583008,16.590199947357178,186.411911010742188,1731.79719472
1624,2839,610,626,619.000000000000000,19.848554611206055,26.777402877807617,24.026235580444336,147.383850097656250,2099.24654285
1625,2840,570,578,573.000000000000000,15.595422744750977,16.094554901123047,15.903081893920898,84.223899841308594,3052.72495397
1626,2841,407,415,411.000000000000000,20.137722015380859,20.657293319702148,20.397507667541504,285.352539062500000,1469.21265567
1627,2842,463,506,486.900000000000034,16.929924011230469,26.576368331909180,22.689208412170412,195.297889709472656,6348.88352095
1628,2843,544,558,551.000000000000000,33.573654174804688,34.143199920654297,33.858427047729492,256.075088500976562,1179.00645675
1629,2844,387,387,387.000000000000000,19.222192764282227,19.222192764282227,19.222192764282227,233.103118896484375,1048.06952929
1630,2845,505,547,525.000000000000000,35.509815216064453,40.432003021240234,38.206103515625003,261.866119384765625,3814.19390809
1631,2846,575,575,575.000000000000000,10.067207336425781,10.067207336425781,10.067207336425781,216.677856445312500,1470.5010757
1632,2847,448,484,465.000000000000000,19.965721130371094,29.536029815673828,24.244968891143799,172.162803649902344,6074.69823818
1633,2848,554,591,571.500000000000000,25.418485641479492,31.546279907226562,27.936001777648926,156.316253662109375,2134.20006468
1634,2849,401,623,517.253164556961906,8.414491653442383,57.321174621582031,26.970666595652141,70.546226501464844,59757.91911
1635,2851,419,453,436.222222222222285,10.135542869567871,24.304117202758789,15.369790395100912,238.445770263671875,5588.58371663
1636,2852,459,481,467.833333333333314,19.701320648193359,34.793159484863281,25.853137016296387,267.182846069335938,3225.50875631
1637,2853,371,379,374.666666666666686,5.693641185760498,16.714666366577148,11.736893177032471,52.220191955566406,1547.28797509
1638,2854,547,561,554.000000000000000,26.791992187500000,32.432743072509766,29.612367630004883,129.376197814941406,1967.40201007
1639,2855,346,396,371.062499999999943,14.400288581848145,24.922401428222656,19.460941016674045,157.192985534667969,13403.9154397
1640,2857,548,566,554.600000000000023,26.137945175170898,35.077831268310547,31.568010711669920,266.199432373046875,3342.60126888
1641,2858,460,468,464.000000000000000,27.781503677368164,28.973438262939453,28.377470970153809,322.972091674804688,1120.60315282
1642,2860,546,555,550.750000000000000,11.179121971130371,16.223373413085938,14.503950357437134,186.958831787109375,2968.77717139
1643,2861,309,314,311.500000000000000,13.314673423767090,19.474895477294922,16.394784450531006,112.394344329833984,1339.63931132
1644,2862,442,463,452.500000000000000,24.186946868896484,34.830821990966797,29.508884429931641,357.368057250976562,1358.29123188
1645,2863,367,644,462.409090909091162,1.735993504524231,41.891632080078125,25.767765235494473,199.753990173339844,127097.937349
1646,2864,354,362,358.000000000000000,12.247075080871582,17.291917800903320,14.769496440887451,194.762092590332031,1420.01352852
1647,2865,538,538,538.000000000000000,10.815690040588379,10.815690040588379,10.815690040588379,141.154418945312500,803.569834554
1648,2866,501,568,539.111111111111086,26.129642486572266,42.541019439697266,36.517456478542755,310.386322021484375,6123.3488442
1649,2868,338,338,338.000000000000000,16.833705902099609,16.833705902099609,16.833705902099609,65.052757263183594,1362.68684531
1650,2869,405,433,421.571428571428555,8.030917167663574,35.157497406005859,22.316211700439453,17.218843460083008,4732.20125418
1651,2871,557,557,557.000000000000000,25.798809051513672,25.798809051513672,25.798809051513672,5.183142185211182,1054.09795143
1652,2872,380,512,440.921568627451222,19.464683532714844,35.956741333007812,26.742716845344091,326.819396972656250,35480.2969669
1653,2873,361,451,400.352941176470608,9.993949890136719,46.461460113525391,27.511642848744113,80.238830566406250,13700.6924878
1654,2874,445,553,503.250000000000000,22.653860092163086,36.585376739501953,32.632244904836021,6.706365108489990,9032.66934199
1655,2875,562,562,562.000000000000000,23.634799957275391,23.634799957275391,23.634799957275391,28.621246337890625,691.464267878
1656,2876,374,472,405.260869565217376,6.884315967559814,39.951999664306641,21.844417157380480,207.915451049804688,16012.1222779
1657,2877,424,451,433.833333333333314,6.115289211273193,28.075847625732422,17.274188439051311,328.653549194335938,3241.54445696
1658,2879,295,341,316.454545454545496,10.177759170532227,29.171749114990234,21.158736055547539,269.777923583984375,8211.77854089
1659,2880,448,598,528.269230769230830,17.516588211059570,45.349369049072266,33.555053564218369,340.971740722656250,18097.3326068
1660,2881,642,642,642.000000000000000,28.847574234008789,28.847574234008789,28.847574234008789,148.730911254882812,1132.7787594
1661,2882,334,364,348.000000000000000,7.872888565063477,21.973360061645508,16.051254653930663,70.614391326904297,5818.84399144
1662,2883,524,562,541.333333333333371,7.390212059020996,27.470497131347656,21.509055773417156,157.239105224609375,6279.77047112
1663,2884,432,471,451.050000000000011,4.158055305480957,17.722234725952148,11.222625041007996,101.851486206054688,14546.8419697
1664,2885,386,386,386.000000000000000,25.194532394409180,25.194532394409180,25.194532394409180,296.902374267578125,966.593038117
1665,2886,350,363,356.666666666666686,7.975208282470703,11.778718948364258,10.250275293986002,173.649291992187500,1783.25011713
1666,2887,359,401,377.250000000000000,23.874504089355469,41.262786865234375,35.103637695312500,80.135395050048828,2456.3446806
1667,2888,376,388,381.500000000000000,4.399832248687744,16.409528732299805,13.037188291549683,141.699134826660156,4320.77516385
1668,2889,490,500,495.666666666666686,19.427558898925781,23.891843795776367,21.342995325724285,155.494232177734375,1342.85914325
1669,2890,512,530,520.250000000000000,2.567606925964355,31.486764907836914,18.745210647583008,317.990051269531250,3958.88264594
1670,2891,584,584,584.000000000000000,18.279626846313477,18.279626846313477,18.279626846313477,137.410690307617188,984.033696841
1671,2892,512,520,516.000000000000000,1.590383291244507,18.536640167236328,11.061552107334137,209.869033813476562,3242.79796017
1672,2893,509,591,546.137931034482904,3.689415216445923,37.809112548828125,20.305134129935297,125.932041168212891,82635.5463044
1673,2894,274,274,274.000000000000000,19.442388534545898,19.442388534545898,19.442388534545898,294.791625976562500,522.949501765
1674,2895,544,555,549.500000000000000,32.787441253662109,35.093090057373047,33.940265655517578,323.020599365234375,2012.67932905
1675,2896,302,302,302.000000000000000,19.687816619873047,19.687816619873047,19.687816619873047,151.946380615234375,733.270501244
1676,2897,593,601,598.000000000000000,16.532680511474609,19.317619323730469,17.743230819702148,184.152786254882812,2918.7073364
1677,2899,507,530,516.600000000000023,6.164767742156982,27.854156494140625,19.966722011566162,307.695373535156250,3998.60700601
1678,2901,565,577,572.000000000000000,13.301197052001953,15.973860740661621,15.079018592834473,159.749801635742188,1063.94529687
1679,2902,457,468,461.399999999999977,7.499379158020020,21.319686889648438,14.043641662597656,144.642242431640625,3766.43960947
1680,2903,536,536,536.000000000000000,47.859584808349609,47.859584808349609,47.859584808349609,65.947715759277344,838.346947221
1681,2906,580,580,580.000000000000000,15.502555847167969,15.502555847167969,15.502555847167969,215.596069335937500,1099.75885471
1682,2908,357,386,371.000000000000000,22.015171051025391,37.536594390869141,30.446245829264324,280.253356933593750,2078.91611304
1683,2909,282,288,285.000000000000000,23.208042144775391,23.566406250000000,23.387224197387695,218.216354370117188,1631.8749837
1684,2910,472,472,472.000000000000000,35.824699401855469,35.824699401855469,35.824699401855469,337.479370117187500,466.174350717
1685,2911,528,536,532.000000000000000,21.823883056640625,24.512493133544922,23.168188095092773,230.040222167968750,1210.96702152
1686,2912,443,461,452.000000000000000,20.536451339721680,31.624011993408203,26.080231666564941,346.784530639648438,1768.92484888
1687,2913,442,459,447.666666666666686,4.724739551544189,19.750711441040039,10.860033194224039,166.074172973632812,12610.0481577
1688,2914,481,506,491.333333333333314,17.201433181762695,27.715852737426758,22.257078170776367,155.739631652832031,3506.27811423
1689,2916,298,298,298.000000000000000,17.048347473144531,17.048347473144531,17.048347473144531,56.513061523437500,808.486765009
1690,2917,535,547,541.000000000000000,27.556446075439453,31.269910812377930,29.413178443908691,127.122837066650391,1814.28004696
1691,2918,504,505,504.500000000000000,23.351596832275391,26.458822250366211,24.905209541320801,184.653053283691406,1687.81903452
1692,2919,506,525,515.500000000000000,28.118446350097656,29.212182998657227,28.665314674377441,185.565757751464844,1531.81099594
1693,2920,468,512,483.479999999999961,0.587956488132477,30.632272720336914,20.166972658634183,333.599822998046875,18224.9938779
1694,2921,482,521,499.888888888888914,10.062815666198730,26.053892135620117,21.537937694125706,127.302261352539062,6533.3750361
1695,2922,376,472,424.961538461538453,15.209392547607422,42.582302093505859,32.111844209524307,91.594440460205078,18465.8409227
1696,2923,269,300,283.500000000000000,18.452287673950195,29.865112304687500,25.049203634262085,281.958541870117188,4525.74272914
1697,2926,500,548,521.500000000000000,7.414667129516602,30.874059677124023,23.435675811767577,283.949996948242188,7353.56150849
1698,2928,459,461,460.000000000000000,9.357646942138672,27.996665954589844,18.677156448364258,145.258621215820312,1344.17101866
1699,2929,534,555,547.666666666666742,6.008965015411377,33.561157226562500,18.909451564153034,64.488414764404297,3215.05335385
1700,2932,569,569,569.000000000000000,20.701654434204102,20.701654434204102,20.701654434204102,51.328758239746094,598.770969269
1701,2933,545,545,545.000000000000000,13.856029510498047,13.856029510498047,13.856029510498047,330.319122314453125,731.984895469
1702,2934,536,543,540.000000000000000,8.115951538085938,11.604417800903320,10.233523686726889,247.009414672851562,2895.36844221
1703,2935,235,240,237.750000000000000,5.835397720336914,10.102076530456543,7.896574616432190,104.593048095703125,3445.16809207
1704,2936,493,493,493.000000000000000,15.857685089111328,15.857685089111328,15.857685089111328,248.903259277343750,1325.74817488
1705,2937,548,548,548.000000000000000,16.780179977416992,16.780179977416992,16.780179977416992,289.952911376953125,718.632016778
1706,2938,456,484,471.333333333333314,22.365633010864258,31.174888610839844,27.718516031901043,99.921089172363281,1345.6114827
1707,2939,545,545,545.000000000000000,5.567925453186035,5.567925453186035,5.567925453186035,150.199935913085938,1339.98925934
1708,2940,351,548,449.697674418604720,10.220560073852539,56.669841766357422,35.749010817949177,277.964355468750000,33629.452327
1709,2941,281,291,286.000000000000000,15.457920074462891,21.337080001831055,18.397500038146973,84.551349639892578,747.831862217
1710,2942,225,234,229.333333333333343,18.086326599121094,22.815607070922852,20.277599334716797,80.355590820312500,1859.76439319
1711,2944,520,532,524.500000000000000,23.131151199340820,27.103389739990234,25.195104122161865,276.091415405273438,2952.27874181
1712,2945,203,203,203.000000000000000,4.113368511199951,4.113368511199951,4.113368511199951,179.999954223632812,744.289206144
1713,2946,276,337,302.439999999999941,6.322854518890381,34.881481170654297,23.686664295196532,328.929626464843750,19513.4359343
1714,2947,555,555,555.000000000000000,10.868011474609375,10.868011474609375,10.868011474609375,46.056121826171875,165.026173207
1715,2949,528,541,534.500000000000000,27.350042343139648,29.899925231933594,28.624983787536621,294.628616333007812,1056.89022304
1716,2950,539,539,539.000000000000000,13.850630760192871,13.850630760192871,13.850630760192871,117.406150817871094,1265.42212534
1717,2951,308,333,321.166666666666629,21.310438156127930,30.368473052978516,25.944965998331703,68.880016326904297,3240.46223667
1718,2952,389,426,407.500000000000000,28.818738937377930,35.397705078125000,32.108222007751465,90.535816192626953,1410.84994485
1719,2953,446,483,464.250000000000000,24.243053436279297,30.284578323364258,28.301412582397461,73.234230041503906,2444.52990001
1720,2954,417,535,474.411764705882376,22.398372650146484,43.587829589843750,37.474779465619250,257.450805664062500,14023.1321574
1721,2955,529,529,529.000000000000000,22.759149551391602,22.759149551391602,22.759149551391602,269.321655273437500,810.273070355
1722,2956,503,540,524.666666666666629,19.018920898437500,34.319339752197266,28.319234848022461,108.236129760742188,3163.47374021
1723,2957,549,549,549.000000000000000,16.643005371093750,16.643005371093750,16.643005371093750,68.848068237304688,624.824618927
1724,2960,521,521,521.000000000000000,29.291698455810547,29.291698455810547,29.291698455810547,223.639480590820312,1296.88798958
1725,2961,479,479,479.000000000000000,38.936111450195312,38.936111450195312,38.936111450195312,236.116134643554688,1259.715051
1726,2962,526,526,526.000000000000000,28.993207931518555,28.993207931518555,28.993207931518555,239.923873901367188,656.134730576
1727,2963,470,484,475.000000000000000,27.927360534667969,29.304403305053711,28.660199483235676,93.311981201171875,1746.29492645
1728,2965,519,523,521.000000000000000,10.715886116027832,11.327962875366211,11.021924495697021,246.369537353515625,1719.99263847
1729,2967,555,555,555.000000000000000,8.918972969055176,8.918972969055176,8.918972969055176,184.240280151367188,1057.51212263
1730,2968,346,390,360.199999999999989,16.600036621093750,43.378746032714844,33.407970809936522,239.786468505859375,4073.66812333
1731,2969,537,544,540.500000000000000,12.033418655395508,18.848613739013672,15.441016197204590,286.306182861328125,1248.65562677
1732,2970,506,515,511.333333333333314,15.627769470214844,26.470645904541016,22.628286361694336,259.316802978515625,1703.8094513
1733,2971,493,493,493.000000000000000,45.364986419677734,45.364986419677734,45.364986419677734,236.121307373046875,558.672325647
1734,2972,198,235,211.000000000000000,21.759838104248047,29.417192459106445,26.508444468180340,183.559867858886719,3830.89114272
1735,2973,516,525,520.500000000000000,22.679506301879883,23.518295288085938,23.098900794982910,302.554794311523438,1299.75397246
1736,2974,424,424,424.000000000000000,9.296895027160645,9.296895027160645,9.296895027160645,214.240036010742188,854.533626249
1737,2975,409,432,419.363636363636317,14.378858566284180,34.568763732910156,25.895923267711293,69.782211303710938,7769.96663281
1738,2976,528,528,528.000000000000000,28.850288391113281,28.850288391113281,28.850288391113281,68.926399230957031,162.124786588
1739,2977,484,484,484.000000000000000,35.419799804687500,35.419799804687500,35.419799804687500,231.648056030273438,1094.24326156
1740,2978,505,511,508.000000000000000,10.942929267883301,15.486522674560547,13.214725971221924,286.225097656250000,2168.17751991
1741,2979,628,628,628.000000000000000,14.620465278625488,14.620465278625488,14.620465278625488,27.915863037109375,1031.91536681
1742,2980,320,320,320.000000000000000,26.672206878662109,26.672206878662109,26.672206878662109,126.607528686523438,599.614750652
1743,2981,490,533,506.500000000000000,8.253638267517090,25.382200241088867,16.944260256631033,285.067459106445312,11129.3508772
1744,2982,430,430,430.000000000000000,10.364617347717285,10.364617347717285,10.364617347717285,206.113937377929688,536.78758372
1745,2984,485,485,485.000000000000000,32.596359252929688,32.596359252929688,32.596359252929688,179.168167114257812,1334.20977871
1746,2985,178,178,178.000000000000000,6.150679588317871,6.150679588317871,6.150679588317871,133.375274658203125,942.742567837
1747,2987,342,342,342.000000000000000,24.785017013549805,24.785017013549805,24.785017013549805,110.279342651367188,954.363077293
1748,2988,425,425,425.000000000000000,28.239051818847656,28.239051818847656,28.239051818847656,149.880889892578125,990.854893642
1749,2989,437,437,437.000000000000000,34.721843719482422,34.721843719482422,34.721843719482422,186.876205444335938,585.473257464
1750,2990,177,177,177.000000000000000,5.289193153381348,5.289193153381348,5.289193153381348,167.052246093750000,306.322876591
1751,2993,404,431,419.909090909090878,16.741941452026367,31.827461242675781,25.331555453213781,64.319335937500000,7444.35292385
1752,2994,493,530,513.600000000000023,29.503824234008789,42.288604736328125,37.272166824340822,85.935462951660156,3962.0289971
1753,2995,404,404,404.000000000000000,29.347549438476562,29.347549438476562,29.347549438476562,329.180786132812500,745.282441205
1754,2996,418,421,419.500000000000000,1.704394459724426,14.625225067138672,6.524875670671463,196.048706054687500,2411.06703501
1755,2997,334,435,365.531250000000000,3.178442716598511,58.335884094238281,33.244519583880901,239.000694274902344,24699.0548206
1756,2998,318,318,318.000000000000000,12.655687332153320,12.655687332153320,12.655687332153320,319.713165283203125,481.155640567
1757,2999,524,535,529.666666666666629,11.339663505554199,13.135549545288086,12.406845092773438,86.016189575195312,2170.7708177
1758,3000,547,547,547.000000000000000,15.930426597595215,15.930426597595215,15.930426597595215,276.813140869140625,309.148978991
1759,3001,389,389,389.000000000000000,18.373014450073242,18.373014450073242,18.373014450073242,295.660217285156250,1106.9731656
1760,3002,446,449,447.500000000000000,39.884376525878906,40.609226226806641,40.246801376342773,352.642990112304688,2292.32230087
1761,3003,479,495,486.500000000000000,11.330440521240234,23.955446243286133,19.066224098205566,101.781471252441406,2553.96747312
1762,3004,381,389,385.000000000000000,15.806373596191406,16.589815139770508,16.198094367980957,202.107795715332031,1450.08611842
1763,3005,390,410,399.000000000000000,18.519479751586914,24.258108139038086,20.578575134277344,134.979415893554688,2637.35176067
1764,3008,522,537,529.666666666666629,13.487858772277832,22.682182312011719,18.074825604756672,107.363075256347656,1256.81557524
1765,3009,344,381,357.833333333333314,10.480896949768066,27.742132186889648,21.344009081522621,232.382408142089844,9656.55918668
1766,3010,384,391,387.666666666666686,9.113210678100586,15.859417915344238,12.205734570821127,102.186668395996094,3547.28422672
1767,3011,494,505,499.500000000000000,21.587911605834961,24.970973968505859,23.279442787170410,292.966415405273438,1099.39434868
1768,3012,511,524,517.333333333333371,12.404569625854492,24.127799987792969,19.873096466064453,51.447128295898438,1189.24789972
1769,3013,516,526,521.000000000000000,18.144338607788086,20.256618499755859,19.200478553771973,83.662353515625000,2126.73893296
1770,3016,363,415,388.625000000000000,25.171285629272461,33.308998107910156,28.878062725067139,301.089065551757812,5220.20514625
1771,3017,509,509,509.000000000000000,25.373970031738281,25.373970031738281,25.373970031738281,110.343818664550781,630.228128579
1772,3021,373,450,405.576923076923038,15.447740554809570,31.348834991455078,25.169607162475586,349.089279174804688,21101.0336982
1773,3028,423,423,423.000000000000000,22.983985900878906,22.983985900878906,22.983985900878906,357.197052001953125,1072.87000628
1774,3029,515,515,515.000000000000000,22.949327468872070,22.949327468872070,22.949327468872070,112.303108215332031,1007.50018251
1775,3030,490,501,495.500000000000000,15.423747062683105,17.456941604614258,16.440344333648682,112.150577545166016,739.307654397
1776,3032,350,350,350.000000000000000,18.651922225952148,18.651922225952148,18.651922225952148,133.072372436523438,920.295442882
1777,3034,388,397,391.333333333333314,17.928869247436523,27.074588775634766,22.043851852416992,79.451919555664062,2036.37211526
1778,3035,395,401,398.000000000000000,5.953627109527588,11.939513206481934,8.946570158004761,129.689376831054688,857.714245491
1779,3038,440,440,440.000000000000000,24.626750946044922,24.626750946044922,24.626750946044922,16.356010437011719,1091.92506366
1780,3039,412,442,428.777777777777771,17.339399337768555,25.304147720336914,22.426063325670032,19.537832260131836,8073.36876225
1781,3040,490,490,490.000000000000000,22.558029174804688,22.558029174804688,22.558029174804688,116.729400634765625,650.728301632
1782,3041,447,447,447.000000000000000,23.397680282592773,23.397680282592773,23.397680282592773,26.561832427978516,1512.74046399
1783,3042,348,348,348.000000000000000,17.434211730957031,17.434211730957031,17.434211730957031,132.157989501953125,1288.63024047
1784,3043,456,523,493.176470588235247,15.138889312744141,43.205364227294922,31.242881101720471,300.169830322265625,11488.580192
1785,3044,510,540,526.000000000000000,13.172472000122070,17.690118789672852,15.235017395019531,50.395412445068359,3929.4435228
1786,3045,353,357,355.000000000000000,14.669911384582520,15.613741874694824,15.141826629638672,141.557395935058594,817.943817897
1787,3046,360,388,376.333333333333314,15.038491249084473,38.045925140380859,27.882918993631996,99.134254455566406,2117.50261166
1788,3047,513,524,518.666666666666629,20.357425689697266,21.933137893676758,21.118204752604168,108.150245666503906,2127.94557457
1789,3048,475,565,528.750000000000000,22.264709472656250,50.742931365966797,41.226819038391113,73.393360137939453,6216.14826491
1790,3049,433,448,441.333333333333314,14.163041114807129,18.589801788330078,16.122472286224365,38.810613632202148,2747.03579714
1791,3050,448,461,456.750000000000000,1.720507979393005,27.611719131469727,14.778149217367174,46.173624038696289,1450.6126242
1792,3051,442,460,451.000000000000000,22.890773773193359,29.881008148193359,26.385890960693359,181.702112197875977,1108.40875378
1793,3052,511,519,515.000000000000000,20.557819366455078,24.526641845703125,22.542230606079102,279.428070068359375,1749.87644712
1794,3053,536,536,536.000000000000000,14.542348861694336,14.542348861694336,14.542348861694336,95.930381774902344,1139.69497807
1795,3054,371,420,392.363636363636374,27.170326232910156,37.308845520019531,33.069379459727884,260.309417724609375,6482.22117477
1796,3055,501,540,523.000000000000000,23.242630004882812,49.742130279541016,37.628440856933594,80.870010375976562,2015.2542974
1797,3056,361,383,373.000000000000000,20.293491363525391,25.805524826049805,22.684938430786133,100.100936889648438,2998.76961131
1798,3057,432,512,473.546874999999886,3.678984880447388,30.272720336914062,15.760042797774078,87.937919616699219,46552.7073333
1799,3058,493,528,511.800000000000011,7.285762310028076,18.841573715209961,14.991898441314698,187.026290893554688,4428.62390924
1800,3059,489,532,506.666666666666629,14.345176696777344,20.998062133789062,17.978848457336426,177.119918823242188,4705.41951707
1801,3060,354,375,365.333333333333314,24.661888122558594,38.502204895019531,31.238009134928387,81.518096923828125,1838.24254963
1802,3061,532,573,552.666666666666629,23.852434158325195,29.278898239135742,26.762997945149738,343.359741210937500,1738.96910869
1803,3062,469,477,473.000000000000000,19.068601608276367,21.046031951904297,20.057316780090332,90.310245513916016,1012.68961012
1804,3064,520,532,526.000000000000000,8.735115051269531,18.230672836303711,13.456398200988769,58.784358978271484,3854.71395901
1805,3065,472,472,472.000000000000000,14.614917755126953,14.614917755126953,14.614917755126953,166.719909667968750,383.131632823
1806,3066,471,471,471.000000000000000,18.115510940551758,18.115510940551758,18.115510940551758,123.034660339355469,460.856414213
1807,3067,391,394,392.500000000000000,21.543386459350586,23.732662200927734,22.638024330139160,101.047225952148438,2613.85949365
1808,3069,489,489,489.000000000000000,22.694543838500977,22.694543838500977,22.694543838500977,138.595504760742188,764.881887751
1809,3073,487,497,491.666666666666686,18.643999099731445,21.356912612915039,20.393349965413410,117.362480163574219,1352.98491427
1810,3074,508,508,508.000000000000000,9.994914054870605,9.994914054870605,9.994914054870605,166.386871337890625,1102.83404779
1811,3075,573,596,586.666666666666629,26.924509048461914,32.859760284423828,29.184087753295898,244.739067077636719,3584.43307585
1812,3078,371,444,411.249999999999943,26.272075653076172,49.285518646240234,39.402140935262040,123.500095367431641,8266.23454228
1813,3081,515,519,517.000000000000000,0.531919896602631,10.642572402954102,5.270239969094594,178.465560913085938,1678.48532262
1814,3082,509,509,509.000000000000000,22.519556045532227,22.519556045532227,22.519556045532227,144.699142456054688,287.077086133
1815,3084,502,502,502.000000000000000,15.676982879638672,15.676982879638672,15.676982879638672,12.323095321655273,1613.18644079
1816,3085,510,510,510.000000000000000,12.587139129638672,12.587139129638672,12.587139129638672,146.131317138671875,963.734008118
1817,3086,500,500,500.000000000000000,14.186528205871582,14.186528205871582,14.186528205871582,54.160327911376953,430.904673197
1818,3087,396,408,402.000000000000000,24.469545364379883,37.728275299072266,31.098910331726074,123.765407562255859,2097.58730647
1819,3088,509,509,509.000000000000000,17.006017684936523,17.006017684936523,17.006017684936523,73.124496459960938,475.010216713
1820,3089,489,494,491.500000000000000,15.353734970092773,17.096733093261719,16.225234031677246,138.914257049560547,2034.93849621
1821,3090,489,517,504.800000000000011,11.378042221069336,32.781444549560547,23.351508712768556,79.949798583984375,3250.95214018
1822,3091,355,427,385.842105263157862,28.154123306274414,44.732994079589844,36.511421504773587,292.597473144531250,14350.7297066
1823,3092,492,500,496.000000000000000,16.323518753051758,21.373624801635742,18.848571777343750,246.170585632324219,538.349711386
1824,3093,481,483,482.000000000000000,18.291160583496094,18.581609725952148,18.436385154724121,180.737419128417969,1571.09421707
1825,3094,367,391,381.000000000000000,13.687770843505859,38.639369964599609,27.083838780721027,105.465797424316406,2198.31850971
1826,3095,506,514,510.000000000000000,10.931269645690918,16.042768478393555,13.487019062042236,185.667123794555664,1987.00277455
1827,3097,527,527,527.000000000000000,21.759223937988281,21.759223937988281,21.759223937988281,67.464424133300781,955.217893229
1828,3098,465,469,467.000000000000000,27.782377243041992,33.073562622070312,30.427969932556152,96.306491851806641,1402.16385539
1829,3099,436,483,467.000000000000000,11.435295104980469,33.011955261230469,21.068732579549152,101.800571441650391,5352.91432467
1830,3101,467,469,468.000000000000000,12.193206787109375,14.115619659423828,13.154413223266602,169.953041076660156,1582.38102373
1831,3102,464,469,466.500000000000000,10.496134757995605,16.359300613403320,13.427717685699463,108.306617736816406,1212.46472841
1832,3103,461,461,461.000000000000000,16.379749298095703,16.379749298095703,16.379749298095703,217.686218261718750,319.979276678
1833,3105,360,387,377.428571428571445,11.741852760314941,36.033752441406250,22.698065349033900,111.486358642578125,5001.63491426
1834,3106,488,524,506.399999999999977,26.605386734008789,46.757873535156250,32.120806503295896,60.402580261230469,3422.03440341
1835,3107,428,445,436.500000000000000,21.334939956665039,22.864614486694336,22.099777221679688,40.042919158935547,1329.18818544
1836,3108,455,495,473.625000000000000,13.428158760070801,34.818061828613281,27.880145668983459,305.806015014648438,5996.8035483
1837,3109,448,473,460.500000000000000,38.108383178710938,49.708793640136719,43.908588409423828,92.518512725830078,1478.57155944
1838,3110,460,510,492.692307692307736,7.068361759185791,33.919368743896484,20.060471644768349,99.092262268066406,10302.9821488
1839,3112,394,394,394.000000000000000,18.398256301879883,18.398256301879883,18.398256301879883,22.805896759033203,883.560499379
1840,3113,372,380,376.333333333333314,22.210416793823242,25.520732879638672,24.363782882690430,50.144355773925781,1920.10347131
1841,3114,458,480,467.666666666666686,13.867594718933105,30.686229705810547,22.922434806823730,280.385131835937500,3714.65902496
1842,3115,348,382,365.666666666666686,38.195735931396484,46.140052795410156,41.737911224365234,210.032730102539062,2085.45803392
1843,3116,392,463,435.000000000000000,22.566619873046875,43.709800720214844,34.126255989074707,217.358917236328125,2841.04524586
1844,3117,495,495,495.000000000000000,17.273374557495117,17.273374557495117,17.273374557495117,144.700469970703125,982.436178262
1845,3118,440,457,447.333333333333314,11.421778678894043,29.834663391113281,20.390917778015137,141.447219848632812,1354.49683805
1846,3119,375,400,387.500000000000000,15.741031646728516,34.948902130126953,25.344966888427734,265.242340087890625,1126.79872054
1847,3122,486,496,490.500000000000000,3.309268236160278,9.385903358459473,6.491738140583038,111.186294555664062,2182.62954064
1848,3123,422,525,472.439999999999941,11.434336662292480,45.211410522460938,29.457167358398436,90.345497131347656,17775.3194615
1849,3124,440,440,440.000000000000000,35.897415161132812,35.897415161132812,35.897415161132812,271.562988281250000,748.094535072
1850,3126,476,512,498.625000000000000,1.584627389907837,23.721273422241211,14.901617318391802,71.540298461914062,5451.28295795
1851,3127,451,466,460.333333333333314,12.514800071716309,24.151525497436523,16.233030001322430,153.806213378906250,3591.17366047
1852,3128,311,378,342.250000000000000,38.503513336181641,49.690368652343750,45.447056770324707,235.342079162597656,2263.31221913
1853,3129,439,472,456.600000000000023,19.998767852783203,30.803421020507812,26.750968170166015,63.609886169433594,4073.27945169
1854,3130,431,450,440.000000000000000,13.502791404724121,27.042619705200195,20.762284914652508,271.315338134765625,1379.20690765
1855,3131,463,502,486.000000000000000,28.211593627929688,36.056377410888672,32.293421554565427,104.466278076171875,2487.94672104
1856,3133,484,485,484.500000000000000,12.216304779052734,13.684763908386230,12.950534343719482,175.689224243164062,2114.10655188
1857,3134,460,487,476.600000000000023,10.440704345703125,25.410606384277344,19.428529357910158,109.004432678222656,4022.1432519
1858,3143,299,349,319.800000000000011,4.906279087066650,45.976745605468750,31.828496646881103,232.866470336914062,3748.18525875
1859,3148,417,468,445.888888888888914,28.869152069091797,40.412303924560547,36.133398267957908,289.882171630859375,6386.69284908
1860,3154,334,390,364.000000000000000,33.959117889404297,47.516815185546875,41.756874084472656,215.450668334960938,4274.82395117
1861,3155,464,464,464.000000000000000,9.450979232788086,9.450979232788086,9.450979232788086,226.022293090820312,337.14577428
1862,3163,462,494,479.500000000000000,12.848561286926270,24.315942764282227,20.235522747039795,130.738975524902344,14795.4030669
1863,3166,475,486,479.500000000000000,12.847301483154297,22.719961166381836,16.933582305908203,165.726112365722656,2570.88258205
1864,3167,457,476,466.666666666666686,7.429997444152832,16.580127716064453,11.720508098602295,227.023422241210938,4713.39990323
1865,3169,432,495,464.823529411764753,10.132442474365234,34.646747589111328,27.372767504523779,122.394729614257812,13150.9451816
1866,3171,362,362,362.000000000000000,38.985008239746094,38.985008239746094,38.985008239746094,73.036216735839844,670.156894236
1867,3172,456,494,475.533333333333360,4.164801597595215,18.671739578247070,12.995219628016155,261.372772216796875,21430.9154522
1868,3173,415,463,434.636363636363626,13.513800621032715,29.037105560302734,22.381515156139027,271.078948974609375,9239.34807557
1869,3174,509,520,515.000000000000000,13.728721618652344,19.990938186645508,16.227807998657227,34.754119873046875,3250.71862152
1870,3175,452,452,452.000000000000000,22.918521881103516,22.918521881103516,22.918521881103516,161.253128051757812,517.429213547
1871,3178,335,335,335.000000000000000,38.099437713623047,38.099437713623047,38.099437713623047,264.996612548828125,1050.18751253
1872,3179,451,483,465.523809523809518,3.994343042373657,21.717063903808594,15.472843408584595,268.312286376953125,15189.8789728
1873,3180,380,443,422.000000000000000,22.193325042724609,37.414001464843750,28.034681558609009,220.570167541503906,5397.47705925
1874,3181,480,480,480.000000000000000,15.515559196472168,24.504535675048828,20.010047435760498,129.215801239013672,832.522225368
1875,3182,407,422,412.000000000000000,19.902153015136719,29.551239013671875,24.206733703613281,183.270462036132812,2275.12619352
1876,3183,462,514,484.384615384615245,6.129793643951416,29.708833694458008,20.917269853445202,340.720031738281250,20730.1592211
1877,3184,406,433,418.000000000000000,31.065591812133789,37.211658477783203,33.554934978485107,132.966651916503906,3179.44816601
1878,3186,449,449,449.000000000000000,32.308513641357422,32.308513641357422,32.308513641357422,359.158721923828125,1167.5873663
1879,3187,315,315,315.000000000000000,21.026004791259766,21.026004791259766,21.026004791259766,68.257110595703125,644.469214529
1880,3188,423,423,423.000000000000000,42.732669830322266,42.732669830322266,42.732669830322266,124.373825073242188,1835.2210605
1881,3189,449,485,467.500000000000000,32.296474456787109,42.832695007324219,38.403800964355469,348.007446289062500,3340.21824671
1882,3190,380,445,409.142857142857110,31.166952133178711,43.186767578125000,38.515918459211079,303.695098876953125,4984.77479548
1883,3191,364,421,392.428571428571445,27.108898162841797,42.108959197998047,36.588894435337615,291.830963134765625,4563.39960183
1884,3192,427,427,427.000000000000000,2.205505371093750,2.205505371093750,2.205505371093750,73.013130187988281,797.738876801
1885,3193,553,558,555.500000000000000,9.130108833312988,11.549052238464355,10.339580535888672,2.672478765249252,1853.95191992
1886,3194,395,417,404.800000000000011,29.253547668457031,35.637287139892578,32.456005096435547,246.529174804687500,4385.21937662
1887,3195,420,420,420.000000000000000,16.198581695556641,16.198581695556641,16.198581695556641,207.370422363281250,1147.57351318
1888,3196,363,378,369.399999999999977,14.315353393554688,28.450075149536133,21.181255722045897,183.764831542968750,3432.67535957
1889,3197,486,486,486.000000000000000,31.454929351806641,31.454929351806641,31.454929351806641,320.749847412109375,840.638661755
1890,3198,373,444,407.909090909090935,14.123432159423828,38.553771972656250,29.923876849087801,306.334014892578125,8234.77431344
1891,3199,357,357,357.000000000000000,10.487965583801270,10.487965583801270,10.487965583801270,169.256027221679688,831.459414473
1892,3200,356,360,358.000000000000000,4.109363555908203,10.721516609191895,7.415440082550049,289.279907226562500,1162.8313039
1893,3201,364,386,375.000000000000000,17.732404708862305,28.577886581420898,23.155145645141602,303.307723999023438,1259.59717174
1894,3202,443,443,443.000000000000000,11.227293968200684,11.227293968200684,11.227293968200684,322.039855957031250,792.044166433
1895,3203,509,509,509.000000000000000,2.261105537414551,2.261105537414551,2.261105537414551,180.000030517578125,804.801592684
1896,3207,451,451,451.000000000000000,22.531198501586914,22.531198501586914,22.531198501586914,340.564605712890625,1468.41334822
1897,3208,439,455,447.000000000000000,9.506099700927734,28.979984283447266,19.243041992187500,327.957550048828125,1220.98100656
1898,3209,501,503,502.000000000000000,7.394953727722168,9.680337905883789,8.537645816802979,188.867454528808594,1312.79835415
1899,3210,364,366,365.000000000000000,24.749034881591797,29.397560119628906,27.073297500610352,14.752739906311035,1194.08064572
1900,3212,350,381,365.500000000000000,29.951349258422852,37.633495330810547,33.792422294616699,328.538101196289062,702.67235793
1901,3213,368,384,376.000000000000000,22.580661773681641,35.285766601562500,28.933214187622070,178.871017456054688,990.180870772
1902,3214,493,493,493.000000000000000,5.485289573669434,5.485289573669434,5.485289573669434,237.094741821289062,759.620138079
1903,3216,386,404,395.000000000000000,28.162567138671875,37.755020141601562,32.958793640136719,14.823945760726929,1499.2912073
1904,3218,392,395,393.500000000000000,10.009162902832031,16.644168853759766,13.326665878295898,56.553964614868164,1482.44090928
1905,3219,379,384,381.500000000000000,15.872169494628906,16.204431533813477,16.038300514221191,34.971302986145020,411.12898906
1906,3220,363,376,369.500000000000000,15.060899734497070,23.894178390502930,19.477539062500000,22.764226675033569,1709.90843081
1907,3221,437,437,437.000000000000000,30.034370422363281,30.034370422363281,30.034370422363281,353.575927734375000,802.793536752
1908,3223,457,457,457.000000000000000,10.891486167907715,10.891486167907715,10.891486167907715,353.117553710937500,1119.05219428
1909,3224,403,403,403.000000000000000,17.519847869873047,17.519847869873047,17.519847869873047,26.430332183837891,873.532881153
1910,3225,431,455,442.666666666666686,18.267103195190430,25.797052383422852,22.864194869995117,101.010955810546875,1260.60701424
1911,3226,493,500,496.500000000000000,12.630845069885254,17.768640518188477,15.199742794036865,233.447433471679688,1379.97461409
1912,3229,493,495,494.333333333333314,2.666915655136108,8.947106361389160,5.258423089981079,147.444961547851562,1551.44495798
1913,3230,450,485,463.166666666666686,21.912256240844727,31.565090179443359,27.754779815673828,302.849838256835938,5037.58854547
1914,3231,386,510,453.117647058823536,10.506698608398438,40.089492797851562,28.990687145906339,348.968414306640625,12755.9679767
1915,3232,442,502,478.000000000000000,17.862394332885742,34.575977325439453,27.612461853027344,19.435583114624023,3556.44173255
1916,3233,411,427,417.000000000000000,24.134403228759766,29.962736129760742,26.882021586100262,27.098892211914062,2497.41431736
1917,3234,579,584,581.500000000000000,26.347534179687500,30.335319519042969,28.341426849365234,244.579132080078125,1335.79330527
1918,3235,487,490,488.500000000000000,7.903316020965576,9.270574569702148,8.586945295333862,56.051387786865234,940.80934997
1919,3236,486,495,491.500000000000000,12.416576385498047,14.864569664001465,13.832524061203003,253.631477355957031,2739.59555318
1920,3237,460,472,466.666666666666686,4.053270339965820,26.411790847778320,16.515626271565754,54.717243194580078,2271.53577496
1921,3239,344,356,350.000000000000000,28.430421829223633,34.545791625976562,31.488106727600098,302.039825439453125,435.390744885
1922,3241,490,494,492.333333333333314,6.675748348236084,8.892042160034180,8.130327065785727,177.486740112304688,1258.3501617
1923,3242,426,439,432.500000000000000,33.825267791748047,38.588119506835938,36.206693649291992,308.880279541015625,1344.2202142
1924,3243,366,366,366.000000000000000,24.845638275146484,24.845638275146484,24.845638275146484,319.305358886718750,733.150316718
1925,3244,494,496,495.000000000000000,11.115901947021484,13.911956787109375,12.513929367065430,99.892200469970703,2056.21702116
1926,3245,293,382,331.800000000000011,25.384683609008789,49.806568145751953,36.234765396118171,37.861991882324219,17308.0079892
1927,3246,345,347,346.000000000000000,2.525185108184814,11.863581657409668,7.194383382797241,138.353031158447266,1388.03078464
1928,3247,491,491,491.000000000000000,15.742024421691895,15.742024421691895,15.742024421691895,51.670783996582031,625.442586858
1929,3249,343,418,379.199999999999989,31.920032501220703,38.840671539306641,36.191959381103516,342.551940917968750,4543.49803558
1930,3250,514,514,514.000000000000000,7.669470787048340,7.669470787048340,7.669470787048340,36.774593353271484,827.944532462
1931,3251,404,417,410.500000000000000,33.362678527832031,38.098308563232422,35.730493545532227,311.655288696289062,1395.57305257
1932,3252,473,495,484.000000000000000,27.855264663696289,34.030990600585938,30.943127632141113,336.493972778320312,1705.00591633
1933,3254,457,506,483.333333333333314,26.883789062500000,41.851749420166016,35.877642313639321,343.618560791015625,2983.15540629
1934,3255,564,576,571.000000000000000,16.057317733764648,22.267658233642578,18.759545008341473,51.954998016357422,1554.92607034
1935,3258,273,284,278.500000000000000,16.367128372192383,22.711750030517578,19.539439201354980,295.623870849609375,1597.22015398
1936,3259,534,564,551.000000000000000,33.024944305419922,36.095943450927734,34.948229471842446,324.682525634765625,2225.7366776
1937,3260,467,492,481.000000000000000,13.909889221191406,24.233873367309570,18.127488517761229,80.698642730712891,6754.40485459
1938,3261,557,603,583.799999999999955,25.044515609741211,34.650203704833984,29.537971115112306,355.664855957031250,3863.12957273
1939,3262,496,496,496.000000000000000,12.894321441650391,12.894321441650391,12.894321441650391,251.138320922851562,693.24126152
1940,3263,432,474,452.000000000000000,34.478515625000000,42.834838867187500,38.151027043660477,272.987243652343750,5836.53894151
1941,3264,550,550,550.000000000000000,32.171844482421875,32.171844482421875,32.171844482421875,181.677337646484375,607.398657284
1942,3265,549,549,549.000000000000000,33.396465301513672,33.396465301513672,33.396465301513672,175.989349365234375,602.429926711
1943,3267,573,573,573.000000000000000,36.304576873779297,36.304576873779297,36.304576873779297,336.938171386718750,1468.94678287
1944,3270,327,331,329.000000000000000,4.234570980072021,15.044980049133301,9.639775514602661,228.922439575195312,2236.71290802
1945,3271,481,504,490.300000000000011,7.575428962707520,19.782852172851562,14.655969524383545,203.037765502929688,7512.48640204
1946,3272,473,473,473.000000000000000,21.035884857177734,21.035884857177734,21.035884857177734,226.436676025390625,1270.82685609
1947,3273,332,332,332.000000000000000,35.012191772460938,35.012191772460938,35.012191772460938,297.380584716796875,937.982124097
1948,3274,585,610,597.500000000000000,30.223924636840820,34.762626647949219,32.493275642395020,13.487961530685425,997.481035129
1949,3276,326,337,331.500000000000000,1.865544319152832,30.332876205444336,16.099210262298584,271.401397705078125,1442.54097926
1950,3277,474,487,480.500000000000000,21.992156982421875,28.576713562011719,25.742902278900146,172.930442810058594,2235.61086167
1951,3279,534,539,536.500000000000000,9.773863792419434,17.703918457031250,13.738891124725342,36.136511802673340,1480.28608504
1952,3280,489,489,489.000000000000000,22.143339157104492,22.143339157104492,22.143339157104492,303.660247802734375,808.554922893
1953,3281,315,322,317.333333333333314,4.340089321136475,23.301078796386719,11.400265216827393,268.121856689453125,1651.84431306
1954,3282,553,553,553.000000000000000,38.531520843505859,38.531520843505859,38.531520843505859,62.256404876708984,859.042124849
1955,3283,531,539,535.000000000000000,18.130754470825195,20.866233825683594,19.498494148254395,72.271785736083984,1042.6843359
1956,3286,332,344,337.333333333333314,22.166625976562500,26.770477294921875,24.964616775512695,68.688827514648438,1583.3682729
1957,3287,355,355,355.000000000000000,31.597406387329102,31.597406387329102,31.597406387329102,123.373207092285156,746.52564902
1958,3288,411,411,411.000000000000000,20.377586364746094,20.377586364746094,20.377586364746094,145.636871337890625,1274.52515998
1959,3289,513,519,516.000000000000000,12.607685089111328,21.600938796997070,18.002710342407227,104.419242858886719,2111.33956063
1960,3291,498,500,499.000000000000000,5.359502792358398,6.210046291351318,5.784774541854858,205.283180236816406,1125.72053246
1961,3292,501,501,501.000000000000000,35.883296966552734,35.883296966552734,35.883296966552734,108.995193481445312,560.938788287
1962,3293,449,449,449.000000000000000,22.663671493530273,22.663671493530273,22.663671493530273,92.998291015625000,1361.24300841
1963,3295,331,331,331.000000000000000,2.574312925338745,2.574312925338745,2.574312925338745,188.703125000000000,1081.00095119
1964,3296,468,468,468.000000000000000,13.917593002319336,13.917593002319336,13.917593002319336,354.661560058593750,999.437864897
1965,3298,363,393,374.666666666666686,31.594480514526367,34.663543701171875,33.065056482950844,318.151306152343750,2540.63497446
1966,3299,396,467,434.375000000000000,28.041830062866211,40.423912048339844,34.473451852798462,278.769348144531250,5167.1517554
1967,3300,442,442,442.000000000000000,30.281286239624023,30.281286239624023,30.281286239624023,263.830413818359375,1824.57027402
1968,3301,412,424,418.000000000000000,23.642366409301758,25.610385894775391,24.626376152038574,74.511173248291016,1152.2611011
1969,3302,335,344,339.500000000000000,28.215044021606445,30.319023132324219,29.267033576965332,42.342878341674805,1355.18667987
1970,3303,375,386,380.500000000000000,27.731655120849609,32.754550933837891,30.243103027343750,35.588726043701172,1774.19438619
1971,3305,311,311,311.000000000000000,22.291538238525391,22.291538238525391,22.291538238525391,70.723777770996094,750.714303031
1972,3306,604,629,616.500000000000000,19.784177780151367,33.794204711914062,26.789191246032715,145.601661682128906,1420.82337401
1973,3307,341,381,361.000000000000000,45.527435302734375,51.595500946044922,48.561468124389648,108.557662963867188,1842.54833845
1974,3308,552,552,552.000000000000000,28.132797241210938,28.132797241210938,28.132797241210938,308.381622314453125,313.195458426
1975,3311,596,596,596.000000000000000,31.438463211059570,31.438463211059570,31.438463211059570,21.670022964477539,574.240162655
1976,3312,439,456,450.000000000000000,31.642234802246094,34.240577697753906,33.335629781087242,262.560882568359375,3367.48521703
1977,3314,427,427,427.000000000000000,29.595893859863281,29.595893859863281,29.595893859863281,50.463657379150391,812.285785663
1978,3315,608,671,645.600000000000023,18.919054031372070,35.456813812255859,28.929486656188967,121.291320800781250,8690.70752499
1979,3316,334,440,388.300000000000011,23.252473831176758,31.991827011108398,27.860577011108393,208.130653381347656,13671.8991262
1980,3317,328,330,329.000000000000000,13.252395629882812,20.693399429321289,16.972897529602051,351.989761352539062,1150.03183609
1981,3318,508,524,516.000000000000000,31.728876113891602,34.017829895019531,32.873353004455566,287.172561645507812,1661.53984284
1982,3319,511,574,541.500000000000000,37.913532257080078,43.115261077880859,41.359315872192383,111.773166656494141,3223.10948732
1983,3321,356,357,356.500000000000000,10.955540657043457,17.827501296997070,14.391520977020264,178.339341402053833,1150.56041278
1984,3322,307,307,307.000000000000000,11.725317955017090,11.725317955017090,11.725317955017090,297.296325683593750,1105.6039828
1985,3323,458,458,458.000000000000000,37.321819305419922,37.321819305419922,37.321819305419922,323.020843505859375,616.431804154
1986,3324,475,502,488.500000000000000,16.917222976684570,34.792098999023438,25.854660987854004,169.737520933151245,1266.92665792
1987,3325,491,491,491.000000000000000,21.701330184936523,21.701330184936523,21.701330184936523,19.272943496704102,1015.03574496
1988,3326,522,522,522.000000000000000,28.745679855346680,28.745679855346680,28.745679855346680,294.849761962890625,584.710877372
1989,3327,489,489,489.000000000000000,32.060005187988281,32.060005187988281,32.060005187988281,116.176437377929688,2455.78439285
1990,3328,539,570,554.083333333333371,8.510452270507812,25.402441024780273,15.963908751805626,151.941932678222656,8969.14857476
1991,3329,392,397,394.500000000000000,23.983547210693359,28.664484024047852,26.324015617370605,170.667266845703125,1490.93356427
1992,3330,445,452,448.500000000000000,22.212213516235352,34.892715454101562,28.552464485168457,42.645343780517578,1216.00145273
1993,3331,385,385,385.000000000000000,35.984386444091797,35.984386444091797,35.984386444091797,215.270126342773438,902.996584216
1994,3332,422,474,450.000000000000000,30.034475326538086,40.925773620605469,35.362186431884766,260.194503784179688,1988.35302769
1995,3333,536,536,536.000000000000000,28.324962615966797,28.324962615966797,28.324962615966797,84.517677307128906,1100.99919448
1996,3334,599,599,599.000000000000000,21.052618026733398,21.052618026733398,21.052618026733398,46.914318084716797,528.817276424
1997,3335,354,379,366.333333333333314,20.047828674316406,26.915603637695312,24.555362065633137,273.533172607421875,1074.4399173
1998,3337,597,597,597.000000000000000,27.316631317138672,27.316631317138672,27.316631317138672,282.454345703125000,275.433158903
1999,3339,555,555,555.000000000000000,32.454246520996094,32.454246520996094,32.454246520996094,292.483123779296875,272.371353573
2000,3340,568,568,568.000000000000000,34.101520538330078,34.101520538330078,34.101520538330078,301.363189697265625,507.926662564
2001,3341,543,618,580.399999999999977,22.348693847656250,33.179553985595703,26.515771484375001,260.621124267578125,4658.80920535
2002,3342,322,353,334.125000000000000,11.777784347534180,29.902727127075195,23.049171447753906,239.106781005859375,5849.02816676
2003,3343,377,463,418.999999999999943,1.875304818153381,40.433837890625000,20.192023957769074,85.621707916259766,18422.4769436
2004,3344,494,494,494.000000000000000,37.870403289794922,37.870403289794922,37.870403289794922,146.981414794921875,661.856070168
2005,3347,417,463,437.666666666666686,14.215359687805176,33.931217193603516,25.183970239427353,19.475042343139648,7384.42170645
2006,3348,441,455,446.000000000000000,32.689949035644531,35.443588256835938,33.857790629069008,23.206598281860352,2561.50109023
2007,3349,446,446,446.000000000000000,32.830829620361328,32.830829620361328,32.830829620361328,347.620971679687500,1030.00207311
2008,3350,318,318,318.000000000000000,27.368339538574219,27.368339538574219,27.368339538574219,72.157691955566406,1303.0219335
2009,3351,329,390,351.333333333333371,8.013254165649414,42.779975891113281,28.954715410868324,308.003448486328125,4410.17085429
2010,3352,341,363,352.000000000000000,13.391561508178711,39.619377136230469,26.505469322204590,20.689435958862305,1911.89434348
2011,3353,408,451,430.250000000000000,30.221878051757812,40.406852722167969,34.871833801269531,29.665180206298828,2506.32509526
2012,3354,472,491,481.500000000000000,21.846279144287109,31.964458465576172,26.905368804931641,178.085854530334473,1233.48541512
2013,3355,443,533,476.310344827586221,12.693833351135254,44.186130523681641,33.326099297095993,135.376510620117188,22114.037228
2014,3357,445,445,445.000000000000000,23.416929244995117,23.416929244995117,23.416929244995117,351.743560791015625,729.869978628
2015,3358,377,396,388.000000000000000,27.287401199340820,32.072998046875000,29.690906524658203,30.569751739501953,1594.88518514
2016,3359,383,407,396.333333333333314,23.908639907836914,34.562419891357422,29.519555409749348,209.937911987304688,1294.27414964
2017,3360,400,408,404.000000000000000,29.433973312377930,32.660289764404297,31.047131538391113,30.551428794860840,1969.86797795
2018,3361,456,486,471.000000000000000,34.065624237060547,36.424652099609375,35.245138168334961,185.030014991760254,1758.54000963
2019,3363,339,346,342.500000000000000,15.420667648315430,16.214878082275391,15.817772865295410,257.026336669921875,769.015711669
2020,3367,419,445,432.000000000000000,36.203418731689453,36.356468200683594,36.279943466186523,16.174590349197388,1009.77578438
2021,3368,332,332,332.000000000000000,45.200969696044922,45.200969696044922,45.200969696044922,32.651306152343750,550.247047286
2022,3370,519,564,541.500000000000000,27.344572067260742,32.257999420166016,29.801285743713379,353.645339965820312,1122.55585061
2023,3371,372,379,375.500000000000000,25.847448348999023,34.249206542968750,30.048327445983887,53.649822235107422,1410.20565684
2024,3372,505,560,533.166666666666742,29.441541671752930,42.230365753173828,37.678524971008301,24.486430168151855,3981.14571978
2025,3373,538,544,541.000000000000000,27.266738891601562,27.267946243286133,27.267342567443848,322.919891357421875,1827.38000578
2026,3374,260,262,261.000000000000000,17.906959533691406,18.034307479858398,17.970633506774902,12.331048965454102,937.732986556
2027,3376,359,359,359.000000000000000,19.449958801269531,19.449958801269531,19.449958801269531,158.163482666015625,1353.62090907
2028,3377,316,353,334.857142857142833,15.940201759338379,30.326768875122070,23.997998986925396,137.189270019531250,10917.7793092
2029,3378,281,281,281.000000000000000,15.972515106201172,15.972515106201172,15.972515106201172,359.535156250000000,983.532020483
2030,3379,319,328,323.500000000000000,21.568483352661133,24.188737869262695,22.878610610961914,218.457824707031250,1438.54195386
2031,3380,406,457,431.500000000000000,36.773136138916016,42.639350891113281,39.029851913452148,28.783511161804199,4027.44146147
2032,3381,266,370,298.576923076923151,0.829107642173767,37.779277801513672,23.182539148972584,90.551803588867188,39307.7560355
2033,3386,310,310,310.000000000000000,20.963953018188477,20.963953018188477,20.963953018188477,337.743774414062500,1117.03389691
2034,3387,331,331,331.000000000000000,30.718055725097656,30.718055725097656,30.718055725097656,219.749786376953125,1512.65234733
2035,3389,231,380,294.236559139785072,2.379189729690552,45.428276062011719,24.294752787518249,56.956916809082031,69066.0875471
2036,3391,347,361,354.000000000000000,27.714319229125977,32.162033081054688,29.938176155090332,279.584915161132812,864.293638559
2037,3392,543,572,556.043478260869620,2.108289718627930,17.759489059448242,10.427269811215607,75.990257263183594,16009.2641025
2038,3393,296,313,304.500000000000000,24.151180267333984,37.124046325683594,30.637613296508789,13.568702936172485,976.591275937
2039,3396,307,307,307.000000000000000,18.231508255004883,18.231508255004883,18.231508255004883,96.884483337402344,491.513620679
2040,3397,342,342,342.000000000000000,25.494380950927734,25.494380950927734,25.494380950927734,77.278099060058594,731.744983841
2041,3398,208,320,233.481927710843365,1.417110443115234,40.033695220947266,17.665363435285641,220.591644287109375,60647.481053
2042,3400,487,491,489.000000000000000,3.881727933883667,8.023655891418457,5.952691912651062,293.826492309570312,1298.79105433
2043,3401,508,508,508.000000000000000,19.668300628662109,19.668300628662109,19.668300628662109,33.670391082763672,730.199821993
2044,3402,511,554,534.000000000000000,26.632532119750977,41.414760589599609,36.433294296264648,80.661079406738281,852.680387641
2045,3403,377,380,378.500000000000000,14.853806495666504,18.261953353881836,16.557879924774170,239.793830871582031,1023.35738718
2046,3404,512,512,512.000000000000000,8.627939224243164,8.627939224243164,8.627939224243164,283.706634521484375,1130.61964254
2047,3406,718,718,718.000000000000000,30.615850448608398,30.615850448608398,30.615850448608398,16.254234313964844,384.554498398
2048,3408,389,402,395.500000000000000,29.627033233642578,33.198093414306641,31.412563323974609,296.160415649414062,891.028671409
2049,3414,259,266,262.500000000000000,27.645368576049805,28.362764358520508,28.004066467285156,34.023585319519043,936.105433169
2050,3415,484,561,522.983606557376788,3.231964588165283,32.034702301025391,17.400919355329915,38.207166671752930,93375.8235632
2051,3416,499,537,518.764705882352814,1.311814665794373,23.259319305419922,11.184870147237591,110.306808471679688,37931.4010744
2052,3417,509,534,523.100000000000023,8.625501632690430,16.748550415039062,13.101392364501955,56.933660507202148,7747.25916455
2053,3418,506,540,523.909090909090992,11.195907592773438,21.869894027709961,16.716467337174844,137.280593872070312,8262.03154574
2054,3419,488,540,514.370370370370210,6.206480026245117,21.040550231933594,14.888108694994893,145.246925354003906,40446.2118097
2055,3420,486,558,517.734177215190471,3.532020092010498,32.921287536621094,16.504619329790529,167.702903747558594,117881.67866
2056,3421,423,560,476.572916666666629,4.614752292633057,40.357009887695312,26.393468449513129,280.436370849609375,72009.621738
2057,3422,415,572,488.197368421052829,1.309215068817139,41.088489532470703,24.163364284916931,100.804481506347656,112534.239694
2058,3423,574,662,626.736842105263122,13.632107734680176,42.366909027099609,27.481215175829437,100.562828063964844,11543.2109019
2059,3424,569,659,626.299999999999955,18.783544540405273,40.095420837402344,29.701315879821777,86.364898681640625,7276.08430334
2060,3425,506,669,593.559999999999945,13.220907211303711,49.489196777343750,31.429554977416998,94.173927307128906,17224.7449376
2061,3426,490,534,510.878787878787762,7.522139549255371,31.116134643554688,21.668127580122515,240.592285156250000,24035.0842477
2062,3427,473,493,483.000000000000000,25.312503814697266,26.274644851684570,25.961085319519043,207.512527465820312,2619.5487232
2063,3428,592,617,605.500000000000000,13.641710281372070,37.716560363769531,26.574793815612793,93.625095367431641,3881.16443198
2064,3429,564,606,589.555555555555429,20.350814819335938,40.220546722412109,28.386966917249893,122.070304870605469,6501.8833367
2065,3430,529,571,546.066666666666720,5.680256843566895,30.475963592529297,16.578903706868491,252.125427246093750,11221.7367568
2066,3431,545,577,561.166666666666742,22.932508468627930,31.236083984375000,26.006003379821777,224.290885925292969,4677.9995076
2067,3432,580,757,644.826666666666370,2.613187789916992,57.252784729003906,29.660707378387453,134.812957763671875,55492.1680225
2068,3433,597,699,644.449999999999932,12.707274436950684,41.366966247558594,33.611333799362178,140.528656005859375,14343.4096039
2069,3434,689,777,737.538461538461434,21.590065002441406,42.567581176757812,33.478788669292747,127.194755554199219,10189.1187606
2070,3435,557,747,619.663461538461547,1.464405894279480,44.307994842529297,22.571279685084640,138.977256774902344,77864.9303691
2071,3436,389,525,460.256097560975604,3.680015563964844,30.121187210083008,18.017558784019652,155.003570556640625,61493.7742864
2072,3437,465,508,486.285714285714278,14.578608512878418,22.592813491821289,18.331566265651158,130.591476440429688,5260.1168498
2073,3438,484,716,581.324675324675241,1.187726497650146,50.521125793457031,31.289953059964368,226.740119934082031,114738.774975
2074,3439,502,564,531.875000000000000,26.136743545532227,43.264690399169922,33.829760313034058,42.119564056396484,6223.08369399
2075,3440,488,518,503.222222222222285,11.580981254577637,33.163196563720703,19.903340127733017,112.517684936523438,5925.64485348
2076,3441,491,626,560.541666666666742,19.524923324584961,43.191928863525391,32.370204846064254,84.437545776367188,17053.1676335
2077,3442,493,590,544.133333333333326,20.958381652832031,37.535659790039062,30.545352681477866,86.805793762207031,12449.4710374
2078,3443,470,504,486.428571428571445,21.389369964599609,41.825977325439453,31.890814917428152,27.018423080444336,5211.79248854
2079,3444,471,497,479.968750000000000,3.801647424697876,28.887458801269531,16.537550337612632,95.638290405273438,24340.426433
2080,3445,253,306,278.999999999999943,7.520493984222412,25.422578811645508,17.344979565719072,67.242965698242188,21396.6666225
2081,3446,243,282,258.615384615384642,6.610716819763184,23.712522506713867,15.358216835902292,78.045738220214844,18828.706387
2082,3447,779,835,803.625000000000000,18.701545715332031,36.504680633544922,29.895074844360352,69.071922302246094,6935.14510142
2083,3448,376,480,410.466666666666697,13.507415771484375,42.861476898193359,28.688894017537436,257.013595581054688,20344.6669366
2084,3449,384,403,390.625000000000000,13.797884941101074,35.891056060791016,24.085071921348572,116.989356994628906,6185.36116827
2085,3450,401,451,423.181818181818187,24.164352416992188,49.263877868652344,37.425602826205171,108.544143676757812,8131.49147714
2086,3451,393,400,396.600000000000023,3.890565156936646,17.058887481689453,10.275762033462524,262.336791992187500,3316.27421511
2087,3452,430,515,475.533333333333360,15.390302658081055,33.786945343017578,27.219158554077147,144.066543579101562,10883.58452
2088,3453,452,504,476.111111111111086,24.581447601318359,33.848102569580078,29.630457984076607,115.594032287597656,6437.62186469
2089,3454,446,484,463.250000000000000,18.472318649291992,36.251132965087891,29.628582954406738,299.719711303710938,3093.59054901
2090,3455,421,473,437.999999999999943,7.263845920562744,38.809032440185547,26.109996771812437,285.097183227539062,13574.6464058
2091,3456,423,452,435.181818181818187,14.964032173156738,32.024745941162109,22.993459268049762,185.887786865234375,9284.41627257
2092,3457,475,475,475.000000000000000,31.871406555175781,31.871406555175781,31.871406555175781,164.759460449218750,408.897009947
2093,3458,468,468,468.000000000000000,35.132858276367188,35.132858276367188,35.132858276367188,162.871597290039062,429.842557591
2094,3459,484,484,484.000000000000000,27.255599975585938,27.255599975585938,27.255599975585938,187.196914672851562,544.588570178
2095,3460,512,576,548.156862745098010,6.882573604583740,22.293310165405273,14.791377852944764,94.403495788574219,37714.3206047
2096,3461,374,612,495.756756756756772,1.994763731956482,45.818340301513672,30.232039796339496,131.445938110351562,25436.2361845
2097,3462,489,588,544.891304347826349,18.013862609863281,41.025474548339844,30.924855688343879,168.691253662109375,35231.1592419
2098,3463,392,475,427.687499999999943,5.921192169189453,36.137859344482422,23.510077387094498,284.344207763671875,22666.9943142
2099,3464,388,492,429.606060606060623,1.298977732658386,32.347244262695312,19.791661771860998,282.004364013671875,23485.0867251
2100,3465,377,442,400.722222222222229,3.035037517547607,30.975969314575195,19.141969402631119,168.464721679687500,28013.6526383
2101,3466,393,520,437.033333333333303,16.188447952270508,60.364089965820312,29.995110130310060,251.402015686035156,21158.5575705
2102,3467,438,471,454.333333333333314,30.854351043701172,36.667884826660156,34.438042958577476,277.589233398437500,2682.42066616
2103,3468,402,423,411.750000000000000,28.191549301147461,37.382057189941406,32.904984474182129,279.886734008789062,2607.42902889
2104,3469,331,389,355.176470588235361,12.701021194458008,48.458320617675781,32.816481309778545,280.832427978515625,12073.2772635
2105,3470,362,403,385.111111111111143,25.471834182739258,36.662593841552734,30.090132183498806,293.413116455078125,6205.52823086
2106,3471,349,386,369.600000000000023,30.300184249877930,46.400287628173828,36.811126327514650,275.458312988281250,3879.66200056
2107,3472,639,726,689.833333333333371,30.875755310058594,42.157318115234375,36.079849878946938,21.006985664367676,3543.97804321
2108,3473,723,738,730.500000000000000,20.230709075927734,32.871234893798828,26.550971984863281,18.939174175262451,1137.05968203
2109,3474,612,717,669.833333333333371,21.900997161865234,49.041103363037109,33.893316798739960,33.492752075195312,13690.3150749
2110,3475,628,650,639.000000000000000,39.427497863769531,44.903274536132812,42.165386199951172,53.989788055419922,1386.13009643
2111,3476,662,662,662.000000000000000,25.254199981689453,25.254199981689453,25.254199981689453,45.730968475341797,807.056214939
2112,3477,651,668,661.799999999999955,13.700748443603516,32.873676300048828,20.318713760375978,31.703575134277344,2373.86158615
2113,3478,645,651,648.000000000000000,26.182443618774414,29.893783569335938,28.038113594055176,24.424284934997559,1573.6459479
2114,3479,629,635,632.000000000000000,29.271226882934570,32.508907318115234,30.890067100524902,23.820481300354004,1865.46147035
2115,3480,606,623,615.666666666666629,24.505100250244141,29.000957489013672,27.323786417643230,29.110265731811523,2013.64990872
2116,3481,548,567,556.181818181818130,6.789329051971436,31.640420913696289,16.325981703671541,158.058395385742188,8032.27610576
2117,3486,359,449,398.764705882352928,21.122097015380859,45.086292266845703,35.816510480992925,23.192493438720703,11818.7381839
2118,3487,380,413,396.500000000000000,32.247329711914062,42.317596435546875,37.282463073730469,3.349367797374725,1901.98549814
2119,3488,391,448,423.800000000000011,28.069139480590820,34.544399261474609,30.558311843872069,196.325927734375000,3915.43182804
2120,3489,392,437,409.599999999999909,6.897856235504150,39.773696899414062,23.181308670043947,225.440460205078125,19887.0323426
2121,3490,302,303,302.500000000000000,11.169026374816895,11.753284454345703,11.461155414581299,339.179565429687500,1784.94380231
2122,3492,950,1014,979.157894736842081,23.194961547851562,36.469577789306641,28.636151363975124,168.188980102539062,13372.4156392
2123,3494,816,1044,916.636363636363512,3.499610662460327,41.730106353759766,25.365542739717156,121.255279541015625,250344.138754
2124,3495,625,638,631.500000000000000,33.169254302978516,35.423439025878906,34.296346664428711,234.396560668945312,890.489337552
2125,3496,613,613,613.000000000000000,29.318485260009766,29.318485260009766,29.318485260009766,221.134323120117188,1335.33273291
2126,3498,500,687,605.079754601227023,9.335003852844238,43.482276916503906,25.074578729875260,223.403686523437500,119018.054842
2127,3500,533,643,590.111111111111086,13.367003440856934,39.091430664062500,28.726186522731073,204.204322814941406,42230.3839755
2128,3501,484,600,532.375000000000000,27.790723800659180,50.762058258056641,39.008835315704346,227.482246398925781,6948.84134375
2129,3506,621,641,630.434782608695741,7.184563636779785,11.097009658813477,9.111233856367033,180.802505493164062,18222.2247282
2130,3508,555,559,557.000000000000000,11.941166877746582,17.408176422119141,14.674671649932861,36.198251724243164,1310.6670902
2131,3510,543,549,547.200000000000045,1.210153460502625,12.384509086608887,7.428021979331970,107.211257934570312,3768.92726277
2132,3511,506,555,526.931034482758491,2.554104804992676,21.157514572143555,14.727559533612476,171.481750488281250,20544.0716632
2133,3516,693,699,696.000000000000000,25.778911590576172,30.821962356567383,28.300436973571777,343.810302734375000,1939.10812216
2134,3517,678,746,709.153846153846075,6.511136054992676,35.033020019531250,21.840884868915268,65.594932556152344,8316.56942279
2135,3518,719,738,728.333333333333258,13.991869926452637,16.306728363037109,14.959080537160238,310.675338745117188,3372.67391764
2136,3520,838,967,908.388888888888914,25.759489059448242,50.185810089111328,37.811314582824707,96.310192108154297,13314.7723269
2137,3521,867,867,867.000000000000000,29.400381088256836,29.400381088256836,29.400381088256836,89.070419311523438,2183.83270654
2138,3523,823,1009,919.125000000000000,28.842052459716797,46.972866058349609,38.002857208251953,140.429763793945312,6755.4271505
2139,3525,554,709,646.103092783505190,14.378964424133301,45.318141937255859,30.344282396060905,149.591522216796875,70858.8603409
2140,3531,431,507,464.916666666666686,2.357659578323364,26.668041229248047,18.271405168374379,252.005851745605469,44438.6643037
